timestamp,sensor_location,grid_voltage,flood_index,route_congestion,is_anomaly
2026-01-01T00:00:00,AIIMS_Nagpur,221.27,0.08,69,0
2026-01-01T00:05:00,Mayo_Hospital,221.24,0.02,65,0
2026-01-01T00:10:00,GMC_Nagpur,219.31,0.08,66,0
2026-01-01T00:15:00,Lata_Mangeshkar_Hospital,221.47,0.08,59,0
2026-01-01T00:20:00,GMC_Nagpur,223.51,0.08,63,0
2026-01-01T00:25:00,Mayo_Hospital,223.37,0.06,61,0
2026-01-01T00:30:00,Wockhardt_Hospital,224.17,0.06,69,0
2026-01-01T00:35:00,AIIMS_Nagpur,225.08,0.11,63,0
2026-01-01T00:40:00,GMC_Nagpur,223.98,0.11,66,0
2026-01-01T00:45:00,Mayo_Hospital,223.16,0.13,60,0
2026-01-01T00:50:00,GMC_Nagpur,224.09,0.12,75,0
2026-01-01T00:55:00,GMC_Nagpur,222.56,0.2,69,0
2026-01-01T01:00:00,Mayo_Hospital,224.82,0.16,71,0
2026-01-01T01:05:00,GMC_Nagpur,174.5,0.85,55,1
2026-01-01T01:10:00,AIIMS_Nagpur,225.11,0.21,69,0
2026-01-01T01:15:00,AIIMS_Nagpur,223.09,0.16,65,0
2026-01-01T01:20:00,AIIMS_Nagpur,224.8,0.19,58,0
2026-01-01T01:25:00,AIIMS_Nagpur,226.14,0.19,52,0
2026-01-01T01:30:00,Mayo_Hospital,225.23,0.25,57,0
2026-01-01T01:35:00,Lata_Mangeshkar_Hospital,223.34,0.19,57,0
2026-01-01T01:40:00,Wockhardt_Hospital,225.04,0.22,57,0
2026-01-01T01:45:00,Lata_Mangeshkar_Hospital,226.3,0.24,59,0
2026-01-01T01:50:00,Mayo_Hospital,224.93,0.26,45,0
2026-01-01T01:55:00,AIIMS_Nagpur,221.92,0.28,59,0
2026-01-01T02:00:00,AIIMS_Nagpur,223.96,0.27,43,0
2026-01-01T02:05:00,AIIMS_Nagpur,223.85,0.24,50,0
2026-01-01T02:10:00,Mayo_Hospital,220.64,0.27,48,0
2026-01-01T02:15:00,Wockhardt_Hospital,224.0,0.28,50,0
2026-01-01T02:20:00,AIIMS_Nagpur,223.61,0.27,37,0
2026-01-01T02:25:00,Mayo_Hospital,222.41,0.28,38,0
2026-01-01T02:30:00,GMC_Nagpur,219.65,0.21,44,0
2026-01-01T02:35:00,Lata_Mangeshkar_Hospital,218.5,0.27,36,0
2026-01-01T02:40:00,AIIMS_Nagpur,218.04,0.23,48,0
2026-01-01T02:45:00,GMC_Nagpur,219.11,0.28,38,0
2026-01-01T02:50:00,Lata_Mangeshkar_Hospital,194.85,1.04,42,1
2026-01-01T02:55:00,AIIMS_Nagpur,219.02,0.29,41,0
2026-01-01T03:00:00,Mayo_Hospital,219.64,0.27,36,0
2026-01-01T03:05:00,AIIMS_Nagpur,216.54,0.24,35,0
2026-01-01T03:10:00,GMC_Nagpur,216.75,0.23,23,0
2026-01-01T03:15:00,Wockhardt_Hospital,217.32,0.19,25,0
2026-01-01T03:20:00,Lata_Mangeshkar_Hospital,217.56,0.2,18,0
2026-01-01T03:25:00,GMC_Nagpur,217.88,0.22,27,0
2026-01-01T03:30:00,AIIMS_Nagpur,216.36,0.2,17,0
2026-01-01T03:35:00,Lata_Mangeshkar_Hospital,217.02,0.22,25,0
2026-01-01T03:40:00,Mayo_Hospital,217.05,0.19,15,0
2026-01-01T03:45:00,AIIMS_Nagpur,215.11,0.2,17,0
2026-01-01T03:50:00,Lata_Mangeshkar_Hospital,214.97,0.21,26,0
2026-01-01T03:55:00,Wockhardt_Hospital,216.33,0.22,16,0
2026-01-01T04:00:00,AIIMS_Nagpur,213.82,0.18,10,0
2026-01-01T04:05:00,Lata_Mangeshkar_Hospital,215.48,0.22,15,0
2026-01-01T04:10:00,AIIMS_Nagpur,215.45,0.19,11,0
2026-01-01T04:15:00,GMC_Nagpur,215.28,0.19,20,0
2026-01-01T04:20:00,Mayo_Hospital,213.97,0.13,13,0
2026-01-01T04:25:00,Lata_Mangeshkar_Hospital,213.97,0.19,14,0
2026-01-01T04:30:00,Mayo_Hospital,217.2,0.14,10,0
2026-01-01T04:35:00,AIIMS_Nagpur,215.82,0.15,10,0
2026-01-01T04:40:00,AIIMS_Nagpur,215.2,0.1,10,0
2026-01-01T04:45:00,AIIMS_Nagpur,216.21,0.11,10,0
2026-01-01T04:50:00,Lata_Mangeshkar_Hospital,217.64,0.15,12,0
2026-01-01T04:55:00,Lata_Mangeshkar_Hospital,217.66,0.06,10,0
2026-01-01T05:00:00,Wockhardt_Hospital,217.83,0.11,20,0
2026-01-01T05:05:00,AIIMS_Nagpur,218.73,0.1,10,0
2026-01-01T05:10:00,AIIMS_Nagpur,218.21,0.03,19,0
2026-01-01T05:15:00,Lata_Mangeshkar_Hospital,218.83,0.02,10,0
2026-01-01T05:20:00,Wockhardt_Hospital,219.08,0.05,10,0
2026-01-01T05:25:00,Wockhardt_Hospital,219.15,0.02,10,0
2026-01-01T05:30:00,Wockhardt_Hospital,221.1,0.06,10,0
2026-01-01T05:35:00,Mayo_Hospital,223.45,0.01,14,0
2026-01-01T05:40:00,GMC_Nagpur,223.28,0.03,19,0
2026-01-01T05:45:00,Mayo_Hospital,224.76,0.02,10,0
2026-01-01T05:50:00,Wockhardt_Hospital,222.37,0.0,11,0
2026-01-01T05:55:00,Lata_Mangeshkar_Hospital,221.82,0.0,15,0
2026-01-01T06:00:00,GMC_Nagpur,224.89,0.0,10,0
2026-01-01T06:05:00,GMC_Nagpur,222.35,0.0,13,0
2026-01-01T06:10:00,Lata_Mangeshkar_Hospital,224.99,0.0,12,0
2026-01-01T06:15:00,Lata_Mangeshkar_Hospital,225.05,0.0,18,0
2026-01-01T06:20:00,Mayo_Hospital,226.21,0.0,12,0
2026-01-01T06:25:00,Lata_Mangeshkar_Hospital,224.31,0.0,25,0
2026-01-01T06:30:00,Wockhardt_Hospital,225.97,0.0,27,0
2026-01-01T06:35:00,GMC_Nagpur,226.67,0.0,14,0
2026-01-01T06:40:00,GMC_Nagpur,224.98,0.0,26,0
2026-01-01T06:45:00,AIIMS_Nagpur,224.2,0.0,24,0
2026-01-01T06:50:00,AIIMS_Nagpur,225.35,0.0,32,0
2026-01-01T06:55:00,Mayo_Hospital,224.7,0.0,19,0
2026-01-01T07:00:00,Mayo_Hospital,222.92,0.0,28,0
2026-01-01T07:05:00,AIIMS_Nagpur,225.24,0.0,27,0
2026-01-01T07:10:00,Mayo_Hospital,223.05,0.0,27,0
2026-01-01T07:15:00,Mayo_Hospital,222.44,0.0,24,0
2026-01-01T07:20:00,Lata_Mangeshkar_Hospital,221.08,0.0,32,0
2026-01-01T07:25:00,GMC_Nagpur,223.68,0.0,40,0
2026-01-01T07:30:00,AIIMS_Nagpur,223.04,0.0,26,0
2026-01-01T07:35:00,AIIMS_Nagpur,221.93,0.0,28,0
2026-01-01T07:40:00,Wockhardt_Hospital,219.59,0.0,45,0
2026-01-01T07:45:00,Lata_Mangeshkar_Hospital,219.7,0.0,34,0
2026-01-01T07:50:00,Mayo_Hospital,221.76,0.0,43,0
2026-01-01T07:55:00,Lata_Mangeshkar_Hospital,217.9,0.0,46,0
2026-01-01T08:00:00,AIIMS_Nagpur,219.92,0.0,49,0
2026-01-01T08:05:00,Mayo_Hospital,219.03,0.0,38,0
2026-01-01T08:10:00,Mayo_Hospital,220.02,0.0,36,0
2026-01-01T08:15:00,AIIMS_Nagpur,218.97,0.0,44,0
2026-01-01T08:20:00,GMC_Nagpur,218.73,0.0,40,0
2026-01-01T08:25:00,Wockhardt_Hospital,217.56,0.0,59,0
2026-01-01T08:30:00,GMC_Nagpur,217.25,0.0,52,0
2026-01-01T08:35:00,GMC_Nagpur,214.35,0.0,48,0
2026-01-01T08:40:00,GMC_Nagpur,215.49,0.0,55,0
2026-01-01T08:45:00,Mayo_Hospital,214.63,0.0,48,0
2026-01-01T08:50:00,Lata_Mangeshkar_Hospital,216.76,0.0,65,0
2026-01-01T08:55:00,Lata_Mangeshkar_Hospital,215.15,0.0,48,0
2026-01-01T09:00:00,Wockhardt_Hospital,215.22,0.0,62,0
2026-01-01T09:05:00,GMC_Nagpur,215.14,0.0,59,0
2026-01-01T09:10:00,AIIMS_Nagpur,214.52,0.0,57,0
2026-01-01T09:15:00,Wockhardt_Hospital,216.78,0.0,69,0
2026-01-01T09:20:00,Lata_Mangeshkar_Hospital,215.92,0.0,64,0
2026-01-01T09:25:00,Lata_Mangeshkar_Hospital,213.45,0.0,63,0
2026-01-01T09:30:00,Lata_Mangeshkar_Hospital,216.71,0.0,66,0
2026-01-01T09:35:00,Wockhardt_Hospital,214.16,0.0,70,0
2026-01-01T09:40:00,GMC_Nagpur,217.06,0.0,59,0
2026-01-01T09:45:00,Lata_Mangeshkar_Hospital,216.51,0.0,67,0
2026-01-01T09:50:00,Lata_Mangeshkar_Hospital,218.39,0.0,76,0
2026-01-01T09:55:00,GMC_Nagpur,217.62,0.0,61,0
2026-01-01T10:00:00,Lata_Mangeshkar_Hospital,219.2,0.01,68,0
2026-01-01T10:05:00,Mayo_Hospital,192.45,0.69,60,1
2026-01-01T10:10:00,GMC_Nagpur,218.34,0.06,65,0
2026-01-01T10:15:00,Wockhardt_Hospital,218.28,0.0,68,0
2026-01-01T10:20:00,Wockhardt_Hospital,219.75,0.03,77,0
2026-01-01T10:25:00,AIIMS_Nagpur,219.28,0.01,63,0
2026-01-01T10:30:00,Wockhardt_Hospital,221.74,0.08,61,0
2026-01-01T10:35:00,AIIMS_Nagpur,220.06,0.1,63,0
2026-01-01T10:40:00,GMC_Nagpur,222.72,0.08,65,0
2026-01-01T10:45:00,Wockhardt_Hospital,221.63,0.05,60,0
2026-01-01T10:50:00,Lata_Mangeshkar_Hospital,221.94,0.13,63,0
2026-01-01T10:55:00,Mayo_Hospital,223.81,0.08,71,0
2026-01-01T11:00:00,Wockhardt_Hospital,221.19,0.11,66,0
2026-01-01T11:05:00,Wockhardt_Hospital,222.39,0.11,59,0
2026-01-01T11:10:00,GMC_Nagpur,224.72,0.12,66,0
2026-01-01T11:15:00,Wockhardt_Hospital,225.56,0.11,61,0
2026-01-01T11:20:00,Lata_Mangeshkar_Hospital,184.47,0.82,73,1
2026-01-01T11:25:00,Lata_Mangeshkar_Hospital,224.91,0.17,56,0
2026-01-01T11:30:00,Wockhardt_Hospital,225.07,0.16,61,0
2026-01-01T11:35:00,Mayo_Hospital,223.24,0.17,70,0
2026-01-01T11:40:00,Mayo_Hospital,226.15,0.16,60,0
2026-01-01T11:45:00,AIIMS_Nagpur,226.75,0.14,58,0
2026-01-01T11:50:00,AIIMS_Nagpur,226.9,0.24,67,0
2026-01-01T11:55:00,Mayo_Hospital,223.19,0.18,56,0
2026-01-01T12:00:00,GMC_Nagpur,225.1,0.24,53,0
2026-01-01T12:05:00,Wockhardt_Hospital,224.57,0.18,56,0
2026-01-01T12:10:00,Lata_Mangeshkar_Hospital,223.76,0.23,50,0
2026-01-01T12:15:00,Mayo_Hospital,226.01,0.18,45,0
2026-01-01T12:20:00,Wockhardt_Hospital,223.95,0.26,54,0
2026-01-01T12:25:00,Lata_Mangeshkar_Hospital,224.34,0.27,50,0
2026-01-01T12:30:00,Wockhardt_Hospital,222.48,0.19,45,0
2026-01-01T12:35:00,Lata_Mangeshkar_Hospital,224.0,0.2,40,0
2026-01-01T12:40:00,Wockhardt_Hospital,224.03,0.25,54,0
2026-01-01T12:45:00,AIIMS_Nagpur,223.7,0.2,48,0
2026-01-01T12:50:00,Lata_Mangeshkar_Hospital,222.13,0.26,39,0
2026-01-01T12:55:00,Mayo_Hospital,219.79,0.27,51,0
2026-01-01T13:00:00,Wockhardt_Hospital,222.52,0.22,45,0
2026-01-01T13:05:00,AIIMS_Nagpur,219.69,0.25,35,0
2026-01-01T13:10:00,GMC_Nagpur,221.38,0.26,34,0
2026-01-01T13:15:00,GMC_Nagpur,218.01,0.26,43,0
2026-01-01T13:20:00,AIIMS_Nagpur,220.43,0.22,34,0
2026-01-01T13:25:00,AIIMS_Nagpur,219.41,0.23,43,0
2026-01-01T13:30:00,Lata_Mangeshkar_Hospital,219.12,0.25,37,0
2026-01-01T13:35:00,Wockhardt_Hospital,218.76,0.23,26,0
2026-01-01T13:40:00,GMC_Nagpur,215.84,0.19,25,0
2026-01-01T13:45:00,Lata_Mangeshkar_Hospital,217.57,0.2,31,0
2026-01-01T13:50:00,Mayo_Hospital,214.23,0.27,35,0
2026-01-01T13:55:00,Mayo_Hospital,214.08,0.27,26,0
2026-01-01T14:00:00,Lata_Mangeshkar_Hospital,217.39,0.18,18,0
2026-01-01T14:05:00,GMC_Nagpur,217.16,0.2,32,0
2026-01-01T14:10:00,Wockhardt_Hospital,214.89,0.21,26,0
2026-01-01T14:15:00,GMC_Nagpur,216.59,0.21,20,0
2026-01-01T14:20:00,AIIMS_Nagpur,216.99,0.2,14,0
2026-01-01T14:25:00,GMC_Nagpur,215.63,0.16,23,0
2026-01-01T14:30:00,Wockhardt_Hospital,213.26,0.2,15,0
2026-01-01T14:35:00,Wockhardt_Hospital,216.7,0.22,16,0
2026-01-01T14:40:00,AIIMS_Nagpur,216.75,0.14,17,0
2026-01-01T14:45:00,Wockhardt_Hospital,215.46,0.16,24,0
2026-01-01T14:50:00,GMC_Nagpur,214.3,0.14,22,0
2026-01-01T14:55:00,Lata_Mangeshkar_Hospital,217.04,0.12,13,0
2026-01-01T15:00:00,Wockhardt_Hospital,215.99,0.17,17,0
2026-01-01T15:05:00,GMC_Nagpur,216.07,0.14,10,0
2026-01-01T15:10:00,Lata_Mangeshkar_Hospital,217.46,0.08,10,0
2026-01-01T15:15:00,Mayo_Hospital,217.41,0.08,12,0
2026-01-01T15:20:00,Wockhardt_Hospital,218.06,0.12,17,0
2026-01-01T15:25:00,Wockhardt_Hospital,218.55,0.06,10,0
2026-01-01T15:30:00,Wockhardt_Hospital,218.95,0.1,10,0
2026-01-01T15:35:00,AIIMS_Nagpur,220.79,0.03,10,0
2026-01-01T15:40:00,Lata_Mangeshkar_Hospital,217.89,0.05,10,0
2026-01-01T15:45:00,Lata_Mangeshkar_Hospital,220.58,0.02,18,0
2026-01-01T15:50:00,Wockhardt_Hospital,219.95,0.01,10,0
2026-01-01T15:55:00,Wockhardt_Hospital,220.27,0.04,10,0
2026-01-01T16:00:00,AIIMS_Nagpur,219.73,0.02,10,0
2026-01-01T16:05:00,Wockhardt_Hospital,220.6,0.0,10,0
2026-01-01T16:10:00,Wockhardt_Hospital,223.35,0.02,16,0
2026-01-01T16:15:00,AIIMS_Nagpur,221.08,0.04,20,0
2026-01-01T16:20:00,Lata_Mangeshkar_Hospital,222.08,0.0,10,0
2026-01-01T16:25:00,Lata_Mangeshkar_Hospital,223.35,0.0,10,0
2026-01-01T16:30:00,Mayo_Hospital,223.79,0.0,15,0
2026-01-01T16:35:00,Wockhardt_Hospital,222.83,0.0,10,0
2026-01-01T16:40:00,Wockhardt_Hospital,224.61,0.0,20,0
2026-01-01T16:45:00,GMC_Nagpur,226.05,0.0,17,0
2026-01-01T16:50:00,Lata_Mangeshkar_Hospital,225.1,0.0,18,0
2026-01-01T16:55:00,Wockhardt_Hospital,226.78,0.0,23,0
2026-01-01T17:00:00,Wockhardt_Hospital,226.87,0.0,16,0
2026-01-01T17:05:00,Wockhardt_Hospital,224.75,0.0,29,0
2026-01-01T17:10:00,GMC_Nagpur,226.89,0.0,30,0
2026-01-01T17:15:00,Wockhardt_Hospital,225.94,0.0,21,0
2026-01-01T17:20:00,Lata_Mangeshkar_Hospital,225.66,0.0,25,0
2026-01-01T17:25:00,Wockhardt_Hospital,224.18,0.0,22,0
2026-01-01T17:30:00,Mayo_Hospital,223.38,0.0,31,0
2026-01-01T17:35:00,Mayo_Hospital,223.63,0.0,22,0
2026-01-01T17:40:00,AIIMS_Nagpur,223.68,0.0,36,0
2026-01-01T17:45:00,Lata_Mangeshkar_Hospital,222.39,0.0,27,0
2026-01-01T17:50:00,AIIMS_Nagpur,224.34,0.0,22,0
2026-01-01T17:55:00,AIIMS_Nagpur,221.25,0.0,36,0
2026-01-01T18:00:00,Mayo_Hospital,223.71,0.0,41,0
2026-01-01T18:05:00,Wockhardt_Hospital,219.63,0.0,31,0
2026-01-01T18:10:00,Mayo_Hospital,219.18,0.0,46,0
2026-01-01T18:15:00,GMC_Nagpur,221.5,0.0,37,0
2026-01-01T18:20:00,AIIMS_Nagpur,219.9,0.0,34,0
2026-01-01T18:25:00,AIIMS_Nagpur,220.84,0.0,43,0
2026-01-01T18:30:00,GMC_Nagpur,219.93,0.0,41,0
2026-01-01T18:35:00,Lata_Mangeshkar_Hospital,220.26,0.0,53,0
2026-01-01T18:40:00,Mayo_Hospital,217.16,0.0,54,0
2026-01-01T18:45:00,Lata_Mangeshkar_Hospital,215.97,0.0,39,0
2026-01-01T18:50:00,GMC_Nagpur,216.76,0.0,48,0
2026-01-01T18:55:00,Wockhardt_Hospital,215.33,0.0,47,0
2026-01-01T19:00:00,Mayo_Hospital,218.27,0.0,47,0
2026-01-01T19:05:00,Mayo_Hospital,216.93,0.0,62,0
2026-01-01T19:10:00,Mayo_Hospital,214.63,0.0,47,0
2026-01-01T19:15:00,Wockhardt_Hospital,215.15,0.0,60,0
2026-01-01T19:20:00,GMC_Nagpur,214.42,0.0,56,0
2026-01-01T19:25:00,GMC_Nagpur,217.05,0.0,54,0
2026-01-01T19:30:00,Mayo_Hospital,216.28,0.0,61,0
2026-01-01T19:35:00,Mayo_Hospital,215.11,0.0,56,0
2026-01-01T19:40:00,Lata_Mangeshkar_Hospital,214.49,0.0,60,0
2026-01-01T19:45:00,AIIMS_Nagpur,216.83,0.0,60,0
2026-01-01T19:50:00,Lata_Mangeshkar_Hospital,214.44,0.0,54,0
2026-01-01T19:55:00,Mayo_Hospital,217.24,0.0,61,0
2026-01-01T20:00:00,GMC_Nagpur,213.83,0.0,55,0
2026-01-01T20:05:00,Mayo_Hospital,214.66,0.0,72,0
2026-01-01T20:10:00,GMC_Nagpur,217.56,0.0,72,0
2026-01-01T20:15:00,AIIMS_Nagpur,172.44,0.74,61,1
2026-01-01T20:20:00,Lata_Mangeshkar_Hospital,218.62,0.0,70,0
2026-01-01T20:25:00,Wockhardt_Hospital,218.21,0.0,69,0
2026-01-01T20:30:00,Lata_Mangeshkar_Hospital,219.16,0.0,77,0
2026-01-01T20:35:00,Mayo_Hospital,216.85,0.01,64,0
2026-01-01T20:40:00,GMC_Nagpur,219.73,0.02,72,0
2026-01-01T20:45:00,Wockhardt_Hospital,220.76,0.0,69,0
2026-01-01T20:50:00,Mayo_Hospital,218.05,0.05,66,0
2026-01-01T20:55:00,Lata_Mangeshkar_Hospital,219.4,0.01,76,0
2026-01-01T21:00:00,GMC_Nagpur,221.87,0.05,68,0
2026-01-01T21:05:00,AIIMS_Nagpur,221.93,0.11,63,0
2026-01-01T21:10:00,Mayo_Hospital,222.27,0.03,67,0
2026-01-01T21:15:00,Wockhardt_Hospital,221.65,0.04,67,0
2026-01-01T21:20:00,Lata_Mangeshkar_Hospital,181.53,1.01,65,1
2026-01-01T21:25:00,Wockhardt_Hospital,223.25,0.13,60,0
2026-01-01T21:30:00,Lata_Mangeshkar_Hospital,224.93,0.15,67,0
2026-01-01T21:35:00,Wockhardt_Hospital,224.38,0.14,62,0
2026-01-01T21:40:00,Wockhardt_Hospital,222.41,0.09,67,0
2026-01-01T21:45:00,Wockhardt_Hospital,224.77,0.16,68,0
2026-01-01T21:50:00,Mayo_Hospital,225.85,0.15,64,0
2026-01-01T21:55:00,Lata_Mangeshkar_Hospital,223.08,0.18,56,0
2026-01-01T22:00:00,AIIMS_Nagpur,182.08,0.89,58,1
2026-01-01T22:05:00,Wockhardt_Hospital,225.78,0.14,61,0
2026-01-01T22:10:00,GMC_Nagpur,226.24,0.22,69,0
2026-01-01T22:15:00,Wockhardt_Hospital,224.66,0.16,55,0
2026-01-01T22:20:00,Mayo_Hospital,226.38,0.21,58,0
2026-01-01T22:25:00,Lata_Mangeshkar_Hospital,225.7,0.21,65,0
2026-01-01T22:30:00,AIIMS_Nagpur,224.03,0.24,47,0
2026-01-01T22:35:00,Lata_Mangeshkar_Hospital,225.8,0.27,55,0
2026-01-01T22:40:00,AIIMS_Nagpur,222.6,0.26,56,0
2026-01-01T22:45:00,GMC_Nagpur,224.81,0.22,57,0
2026-01-01T22:50:00,Lata_Mangeshkar_Hospital,222.78,0.25,61,0
2026-01-01T22:55:00,AIIMS_Nagpur,222.28,0.28,45,0
2026-01-01T23:00:00,GMC_Nagpur,223.33,0.23,55,0
2026-01-01T23:05:00,AIIMS_Nagpur,221.17,0.23,55,0
2026-01-01T23:10:00,Wockhardt_Hospital,221.54,0.25,41,0
2026-01-01T23:15:00,Mayo_Hospital,222.46,0.23,39,0
2026-01-01T23:20:00,Mayo_Hospital,222.55,0.24,39,0
2026-01-01T23:25:00,Lata_Mangeshkar_Hospital,220.14,0.28,44,0
2026-01-01T23:30:00,Mayo_Hospital,222.23,0.29,43,0
2026-01-01T23:35:00,AIIMS_Nagpur,221.69,0.28,33,0
2026-01-01T23:40:00,Mayo_Hospital,218.25,0.28,41,0
2026-01-01T23:45:00,AIIMS_Nagpur,217.91,0.2,40,0
2026-01-01T23:50:00,GMC_Nagpur,218.58,0.26,44,0
2026-01-01T23:55:00,GMC_Nagpur,217.84,0.27,24,0
2026-01-02T00:00:00,GMC_Nagpur,217.57,0.29,37,0
2026-01-02T00:05:00,GMC_Nagpur,218.74,0.29,25,0
2026-01-02T00:10:00,GMC_Nagpur,218.01,0.21,22,0
2026-01-02T00:15:00,Lata_Mangeshkar_Hospital,182.0,0.95,19,1
2026-01-02T00:20:00,Lata_Mangeshkar_Hospital,214.65,0.25,25,0
2026-01-02T00:25:00,Wockhardt_Hospital,216.16,0.27,25,0
2026-01-02T00:30:00,Wockhardt_Hospital,215.35,0.25,20,0
2026-01-02T00:35:00,Mayo_Hospital,216.51,0.23,31,0
2026-01-02T00:40:00,Lata_Mangeshkar_Hospital,215.11,0.18,26,0
2026-01-02T00:45:00,AIIMS_Nagpur,216.21,0.18,25,0
2026-01-02T00:50:00,Mayo_Hospital,214.05,0.19,17,0
2026-01-02T00:55:00,GMC_Nagpur,215.3,0.18,14,0
2026-01-02T01:00:00,Wockhardt_Hospital,216.34,0.17,16,0
2026-01-02T01:05:00,AIIMS_Nagpur,216.16,0.13,10,0
2026-01-02T01:10:00,Mayo_Hospital,216.67,0.13,20,0
2026-01-02T01:15:00,Wockhardt_Hospital,214.13,0.15,19,0
2026-01-02T01:20:00,Mayo_Hospital,214.41,0.13,10,0
2026-01-02T01:25:00,AIIMS_Nagpur,216.23,0.14,10,0
2026-01-02T01:30:00,Mayo_Hospital,218.02,0.17,10,0
2026-01-02T01:35:00,AIIMS_Nagpur,217.99,0.15,10,0
2026-01-02T01:40:00,AIIMS_Nagpur,216.43,0.14,12,0
2026-01-02T01:45:00,GMC_Nagpur,215.94,0.14,19,0
2026-01-02T01:50:00,Mayo_Hospital,219.46,0.05,10,0
2026-01-02T01:55:00,Mayo_Hospital,220.44,0.07,10,0
2026-01-02T02:00:00,Lata_Mangeshkar_Hospital,217.16,0.09,13,0
2026-01-02T02:05:00,Mayo_Hospital,219.58,0.1,10,0
2026-01-02T02:10:00,Lata_Mangeshkar_Hospital,221.59,0.08,10,0
2026-01-02T02:15:00,Lata_Mangeshkar_Hospital,221.39,0.06,10,0
2026-01-02T02:20:00,Lata_Mangeshkar_Hospital,220.7,0.06,10,0
2026-01-02T02:25:00,GMC_Nagpur,223.34,0.05,10,0
2026-01-02T02:30:00,AIIMS_Nagpur,220.69,0.04,10,0
2026-01-02T02:35:00,GMC_Nagpur,222.49,0.0,10,0
2026-01-02T02:40:00,Mayo_Hospital,223.71,0.0,18,0
2026-01-02T02:45:00,GMC_Nagpur,223.1,0.0,10,0
2026-01-02T02:50:00,AIIMS_Nagpur,222.73,0.0,15,0
2026-01-02T02:55:00,GMC_Nagpur,225.75,0.0,20,0
2026-01-02T03:00:00,Lata_Mangeshkar_Hospital,222.28,0.0,23,0
2026-01-02T03:05:00,Mayo_Hospital,222.74,0.0,20,0
2026-01-02T03:10:00,AIIMS_Nagpur,224.74,0.0,12,0
2026-01-02T03:15:00,AIIMS_Nagpur,223.17,0.0,13,0
2026-01-02T03:20:00,Mayo_Hospital,223.73,0.0,19,0
2026-01-02T03:25:00,AIIMS_Nagpur,225.77,0.0,23,0
2026-01-02T03:30:00,Wockhardt_Hospital,223.93,0.0,27,0
2026-01-02T03:35:00,Wockhardt_Hospital,192.91,0.87,13,1
2026-01-02T03:40:00,GMC_Nagpur,223.6,0.0,23,0
2026-01-02T03:45:00,Lata_Mangeshkar_Hospital,225.39,0.0,24,0
2026-01-02T03:50:00,Mayo_Hospital,226.03,0.0,27,0
2026-01-02T03:55:00,GMC_Nagpur,223.13,0.0,33,0
2026-01-02T04:00:00,Lata_Mangeshkar_Hospital,224.87,0.0,26,0
2026-01-02T04:05:00,Lata_Mangeshkar_Hospital,222.41,0.0,33,0
2026-01-02T04:10:00,Mayo_Hospital,222.68,0.0,22,0
2026-01-02T04:15:00,AIIMS_Nagpur,221.69,0.0,25,0
2026-01-02T04:20:00,Wockhardt_Hospital,221.21,0.0,37,0
2026-01-02T04:25:00,Wockhardt_Hospital,222.25,0.0,38,0
2026-01-02T04:30:00,Lata_Mangeshkar_Hospital,222.64,0.0,28,0
2026-01-02T04:35:00,Wockhardt_Hospital,221.59,0.0,29,0
2026-01-02T04:40:00,Wockhardt_Hospital,220.93,0.0,28,0
2026-01-02T04:45:00,Lata_Mangeshkar_Hospital,182.69,0.82,37,1
2026-01-02T04:50:00,Wockhardt_Hospital,220.33,0.0,37,0
2026-01-02T04:55:00,Mayo_Hospital,221.0,0.0,47,0
2026-01-02T05:00:00,Wockhardt_Hospital,217.86,0.0,46,0
2026-01-02T05:05:00,GMC_Nagpur,217.07,0.0,39,0
2026-01-02T05:10:00,Lata_Mangeshkar_Hospital,216.37,0.0,55,0
2026-01-02T05:15:00,Lata_Mangeshkar_Hospital,216.15,0.0,47,0
2026-01-02T05:20:00,GMC_Nagpur,217.02,0.0,40,0
2026-01-02T05:25:00,GMC_Nagpur,215.11,0.0,42,0
2026-01-02T05:30:00,AIIMS_Nagpur,216.4,0.0,61,0
2026-01-02T05:35:00,Lata_Mangeshkar_Hospital,216.93,0.0,49,0
2026-01-02T05:40:00,Wockhardt_Hospital,217.24,0.0,47,0
2026-01-02T05:45:00,Wockhardt_Hospital,217.03,0.0,59,0
2026-01-02T05:50:00,Wockhardt_Hospital,214.0,0.0,50,0
2026-01-02T05:55:00,GMC_Nagpur,213.59,0.0,65,0
2026-01-02T06:00:00,Lata_Mangeshkar_Hospital,214.04,0.0,55,0
2026-01-02T06:05:00,Wockhardt_Hospital,214.2,0.0,69,0
2026-01-02T06:10:00,Wockhardt_Hospital,215.57,0.0,56,0
2026-01-02T06:15:00,Wockhardt_Hospital,215.85,0.0,66,0
2026-01-02T06:20:00,AIIMS_Nagpur,215.51,0.0,62,0
2026-01-02T06:25:00,Lata_Mangeshkar_Hospital,216.41,0.0,65,0
2026-01-02T06:30:00,Mayo_Hospital,217.27,0.0,63,0
2026-01-02T06:35:00,Mayo_Hospital,215.66,0.0,73,0
2026-01-02T06:40:00,Lata_Mangeshkar_Hospital,214.82,0.0,73,0
2026-01-02T06:45:00,Mayo_Hospital,214.98,0.01,72,0
2026-01-02T06:50:00,Mayo_Hospital,188.11,0.72,70,1
2026-01-02T06:55:00,Mayo_Hospital,216.32,0.0,63,0
2026-01-02T07:00:00,GMC_Nagpur,216.61,0.0,70,0
2026-01-02T07:05:00,AIIMS_Nagpur,218.48,0.03,66,0
2026-01-02T07:10:00,Wockhardt_Hospital,216.77,0.01,67,0
2026-01-02T07:15:00,Wockhardt_Hospital,219.05,0.07,79,0
2026-01-02T07:20:00,Lata_Mangeshkar_Hospital,220.87,0.06,72,0
2026-01-02T07:25:00,GMC_Nagpur,218.88,0.04,65,0
2026-01-02T07:30:00,GMC_Nagpur,221.03,0.05,65,0
2026-01-02T07:35:00,Wockhardt_Hospital,219.46,0.1,63,0
2026-01-02T07:40:00,Wockhardt_Hospital,221.11,0.12,60,0
2026-01-02T07:45:00,Wockhardt_Hospital,223.33,0.06,79,0
2026-01-02T07:50:00,Lata_Mangeshkar_Hospital,220.87,0.14,65,0
2026-01-02T07:55:00,AIIMS_Nagpur,220.93,0.09,62,0
2026-01-02T08:00:00,GMC_Nagpur,224.59,0.08,76,0
2026-01-02T08:05:00,GMC_Nagpur,223.48,0.15,77,0
2026-01-02T08:10:00,AIIMS_Nagpur,222.43,0.18,60,0
2026-01-02T08:15:00,Mayo_Hospital,225.38,0.17,74,0
2026-01-02T08:20:00,GMC_Nagpur,225.61,0.16,62,0
2026-01-02T08:25:00,Lata_Mangeshkar_Hospital,224.22,0.14,72,0
2026-01-02T08:30:00,Mayo_Hospital,223.94,0.19,65,0
2026-01-02T08:35:00,AIIMS_Nagpur,224.26,0.19,60,0
2026-01-02T08:40:00,Mayo_Hospital,225.79,0.17,66,0
2026-01-02T08:45:00,Mayo_Hospital,224.71,0.2,58,0
2026-01-02T08:50:00,Wockhardt_Hospital,224.33,0.25,57,0
2026-01-02T08:55:00,AIIMS_Nagpur,225.98,0.22,64,0
2026-01-02T09:00:00,Mayo_Hospital,225.29,0.22,51,0
2026-01-02T09:05:00,GMC_Nagpur,223.77,0.25,52,0
2026-01-02T09:10:00,Lata_Mangeshkar_Hospital,224.29,0.25,51,0
2026-01-02T09:15:00,Lata_Mangeshkar_Hospital,223.11,0.24,56,0
2026-01-02T09:20:00,Wockhardt_Hospital,223.35,0.19,59,0
2026-01-02T09:25:00,Wockhardt_Hospital,222.61,0.19,50,0
2026-01-02T09:30:00,AIIMS_Nagpur,222.43,0.19,58,0
2026-01-02T09:35:00,Wockhardt_Hospital,175.45,0.97,46,1
2026-01-02T09:40:00,Mayo_Hospital,222.42,0.2,47,0
2026-01-02T09:45:00,AIIMS_Nagpur,219.91,0.23,37,0
2026-01-02T09:50:00,Mayo_Hospital,221.66,0.24,51,0
2026-01-02T09:55:00,Wockhardt_Hospital,221.38,0.29,36,0
2026-01-02T10:00:00,Lata_Mangeshkar_Hospital,220.39,0.29,37,0
2026-01-02T10:05:00,Lata_Mangeshkar_Hospital,221.19,0.23,45,0
2026-01-02T10:10:00,GMC_Nagpur,217.46,0.25,44,0
2026-01-02T10:15:00,AIIMS_Nagpur,217.32,0.22,28,0
2026-01-02T10:20:00,Wockhardt_Hospital,217.7,0.2,38,0
2026-01-02T10:25:00,GMC_Nagpur,218.34,0.25,41,0
2026-01-02T10:30:00,AIIMS_Nagpur,218.95,0.25,25,0
2026-01-02T10:35:00,Lata_Mangeshkar_Hospital,217.62,0.2,39,0
2026-01-02T10:40:00,Mayo_Hospital,215.99,0.19,36,0
2026-01-02T10:45:00,GMC_Nagpur,217.13,0.25,34,0
2026-01-02T10:50:00,Mayo_Hospital,217.4,0.24,33,0
2026-01-02T10:55:00,AIIMS_Nagpur,216.44,0.18,29,0
2026-01-02T11:00:00,Mayo_Hospital,214.14,0.19,20,0
2026-01-02T11:05:00,Wockhardt_Hospital,217.23,0.18,22,0
2026-01-02T11:10:00,AIIMS_Nagpur,216.87,0.2,15,0
2026-01-02T11:15:00,GMC_Nagpur,216.2,0.19,12,0
2026-01-02T11:20:00,GMC_Nagpur,215.07,0.16,23,0
2026-01-02T11:25:00,Wockhardt_Hospital,214.56,0.2,17,0
2026-01-02T11:30:00,Lata_Mangeshkar_Hospital,215.87,0.19,10,0
2026-01-02T11:35:00,Wockhardt_Hospital,214.18,0.16,10,0
2026-01-02T11:40:00,Lata_Mangeshkar_Hospital,217.25,0.15,16,0
2026-01-02T11:45:00,Lata_Mangeshkar_Hospital,217.21,0.18,14,0
2026-01-02T11:50:00,Lata_Mangeshkar_Hospital,214.36,0.14,21,0
2026-01-02T11:55:00,GMC_Nagpur,214.89,0.1,12,0
2026-01-02T12:00:00,Lata_Mangeshkar_Hospital,218.19,0.1,10,0
2026-01-02T12:05:00,Mayo_Hospital,217.06,0.14,10,0
2026-01-02T12:10:00,Wockhardt_Hospital,216.67,0.16,12,0
2026-01-02T12:15:00,Lata_Mangeshkar_Hospital,217.52,0.13,10,0
2026-01-02T12:20:00,AIIMS_Nagpur,217.68,0.09,10,0
2026-01-02T12:25:00,Lata_Mangeshkar_Hospital,219.33,0.12,10,0
2026-01-02T12:30:00,Wockhardt_Hospital,221.03,0.09,10,0
2026-01-02T12:35:00,GMC_Nagpur,220.84,0.11,10,0
2026-01-02T12:40:00,Lata_Mangeshkar_Hospital,220.95,0.02,10,0
2026-01-02T12:45:00,Wockhardt_Hospital,221.22,0.08,10,0
2026-01-02T12:50:00,GMC_Nagpur,222.67,0.0,15,0
2026-01-02T12:55:00,Wockhardt_Hospital,219.76,0.04,10,0
2026-01-02T13:00:00,AIIMS_Nagpur,221.34,0.01,17,0
2026-01-02T13:05:00,AIIMS_Nagpur,223.05,0.0,10,0
2026-01-02T13:10:00,Wockhardt_Hospital,224.45,0.0,10,0
2026-01-02T13:15:00,GMC_Nagpur,224.01,0.0,10,0
2026-01-02T13:20:00,Wockhardt_Hospital,224.51,0.0,10,0
2026-01-02T13:25:00,Lata_Mangeshkar_Hospital,222.51,0.0,13,0
2026-01-02T13:30:00,Lata_Mangeshkar_Hospital,223.81,0.0,14,0
2026-01-02T13:35:00,GMC_Nagpur,223.38,0.0,10,0
2026-01-02T13:40:00,GMC_Nagpur,223.39,0.0,14,0
2026-01-02T13:45:00,GMC_Nagpur,225.77,0.0,17,0
2026-01-02T13:50:00,AIIMS_Nagpur,225.81,0.0,26,0
2026-01-02T13:55:00,Lata_Mangeshkar_Hospital,226.51,0.0,11,0
2026-01-02T14:00:00,Lata_Mangeshkar_Hospital,223.84,0.0,10,0
2026-01-02T14:05:00,AIIMS_Nagpur,223.67,0.0,25,0
2026-01-02T14:10:00,Wockhardt_Hospital,225.46,0.0,24,0
2026-01-02T14:15:00,Wockhardt_Hospital,224.08,0.0,28,0
2026-01-02T14:20:00,Lata_Mangeshkar_Hospital,224.0,0.0,24,0
2026-01-02T14:25:00,Wockhardt_Hospital,224.61,0.0,22,0
2026-01-02T14:30:00,Wockhardt_Hospital,223.47,0.0,17,0
2026-01-02T14:35:00,Mayo_Hospital,222.75,0.0,34,0
2026-01-02T14:40:00,Lata_Mangeshkar_Hospital,224.13,0.0,31,0
2026-01-02T14:45:00,GMC_Nagpur,222.43,0.0,21,0
2026-01-02T14:50:00,GMC_Nagpur,221.43,0.0,36,0
2026-01-02T14:55:00,AIIMS_Nagpur,221.67,0.0,42,0
2026-01-02T15:00:00,Wockhardt_Hospital,221.34,0.0,33,0
2026-01-02T15:05:00,AIIMS_Nagpur,220.98,0.0,43,0
2026-01-02T15:10:00,Lata_Mangeshkar_Hospital,220.69,0.0,29,0
2026-01-02T15:15:00,Lata_Mangeshkar_Hospital,219.25,0.0,37,0
2026-01-02T15:20:00,Lata_Mangeshkar_Hospital,220.38,0.0,37,0
2026-01-02T15:25:00,Mayo_Hospital,220.73,0.0,48,0
2026-01-02T15:30:00,GMC_Nagpur,219.54,0.0,47,0
2026-01-02T15:35:00,Mayo_Hospital,219.73,0.0,41,0
2026-01-02T15:40:00,GMC_Nagpur,217.89,0.0,45,0
2026-01-02T15:45:00,Wockhardt_Hospital,216.83,0.0,40,0
2026-01-02T15:50:00,Lata_Mangeshkar_Hospital,217.78,0.0,53,0
2026-01-02T15:55:00,AIIMS_Nagpur,214.53,0.0,44,0
2026-01-02T16:00:00,GMC_Nagpur,216.87,0.0,55,0
2026-01-02T16:05:00,AIIMS_Nagpur,214.87,0.0,53,0
2026-01-02T16:10:00,AIIMS_Nagpur,217.59,0.0,62,0
2026-01-02T16:15:00,AIIMS_Nagpur,214.78,0.0,60,0
2026-01-02T16:20:00,Mayo_Hospital,215.73,0.0,48,0
2026-01-02T16:25:00,Lata_Mangeshkar_Hospital,214.12,0.0,67,0
2026-01-02T16:30:00,Mayo_Hospital,216.77,0.0,56,0
2026-01-02T16:35:00,Wockhardt_Hospital,213.42,0.0,62,0
2026-01-02T16:40:00,GMC_Nagpur,213.31,0.0,64,0
2026-01-02T16:45:00,Mayo_Hospital,215.84,0.0,72,0
2026-01-02T16:50:00,AIIMS_Nagpur,213.26,0.0,59,0
2026-01-02T16:55:00,Wockhardt_Hospital,216.96,0.0,63,0
2026-01-02T17:00:00,GMC_Nagpur,217.46,0.0,61,0
2026-01-02T17:05:00,GMC_Nagpur,214.17,0.0,60,0
2026-01-02T17:10:00,Wockhardt_Hospital,214.64,0.0,62,0
2026-01-02T17:15:00,AIIMS_Nagpur,216.56,0.0,62,0
2026-01-02T17:20:00,AIIMS_Nagpur,218.82,0.0,67,0
2026-01-02T17:25:00,GMC_Nagpur,216.89,0.0,67,0
2026-01-02T17:30:00,GMC_Nagpur,219.02,0.0,65,0
2026-01-02T17:35:00,Lata_Mangeshkar_Hospital,218.01,0.0,72,0
2026-01-02T17:40:00,Lata_Mangeshkar_Hospital,219.97,0.02,76,0
2026-01-02T17:45:00,Lata_Mangeshkar_Hospital,219.2,0.04,62,0
2026-01-02T17:50:00,GMC_Nagpur,221.19,0.0,69,0
2026-01-02T17:55:00,GMC_Nagpur,220.13,0.09,73,0
2026-01-02T18:00:00,AIIMS_Nagpur,220.78,0.11,63,0
2026-01-02T18:05:00,AIIMS_Nagpur,222.82,0.06,63,0
2026-01-02T18:10:00,Wockhardt_Hospital,222.59,0.11,63,0
2026-01-02T18:15:00,Mayo_Hospital,220.47,0.13,68,0
2026-01-02T18:20:00,Wockhardt_Hospital,224.04,0.1,69,0
2026-01-02T18:25:00,GMC_Nagpur,222.88,0.09,62,0
2026-01-02T18:30:00,GMC_Nagpur,222.15,0.1,63,0
2026-01-02T18:35:00,Lata_Mangeshkar_Hospital,224.21,0.11,68,0
2026-01-02T18:40:00,GMC_Nagpur,224.51,0.13,64,0
2026-01-02T18:45:00,Mayo_Hospital,223.75,0.15,71,0
2026-01-02T18:50:00,AIIMS_Nagpur,223.98,0.2,74,0
2026-01-02T18:55:00,GMC_Nagpur,223.66,0.13,74,0
2026-01-02T19:00:00,GMC_Nagpur,224.5,0.17,60,0
2026-01-02T19:05:00,Mayo_Hospital,225.16,0.18,72,0
2026-01-02T19:10:00,Mayo_Hospital,224.0,0.18,64,0
2026-01-02T19:15:00,Wockhardt_Hospital,226.63,0.19,52,0
2026-01-02T19:20:00,Lata_Mangeshkar_Hospital,224.87,0.16,58,0
2026-01-02T19:25:00,Lata_Mangeshkar_Hospital,225.66,0.23,63,0
2026-01-02T19:30:00,Lata_Mangeshkar_Hospital,223.76,0.25,54,0
2026-01-02T19:35:00,AIIMS_Nagpur,225.69,0.21,46,0
2026-01-02T19:40:00,Mayo_Hospital,222.96,0.2,55,0
2026-01-02T19:45:00,Lata_Mangeshkar_Hospital,224.04,0.23,61,0
2026-01-02T19:50:00,GMC_Nagpur,221.89,0.21,47,0
2026-01-02T19:55:00,GMC_Nagpur,224.68,0.2,59,0
2026-01-02T20:00:00,Mayo_Hospital,221.09,0.25,41,0
2026-01-02T20:05:00,Mayo_Hospital,221.74,0.24,41,0
2026-01-02T20:10:00,GMC_Nagpur,220.82,0.28,44,0
2026-01-02T20:15:00,AIIMS_Nagpur,221.0,0.2,34,0
2026-01-02T20:20:00,AIIMS_Nagpur,220.4,0.29,33,0
2026-01-02T20:25:00,AIIMS_Nagpur,220.35,0.24,47,0
2026-01-02T20:30:00,Lata_Mangeshkar_Hospital,219.28,0.28,47,0
2026-01-02T20:35:00,Lata_Mangeshkar_Hospital,219.08,0.23,37,0
2026-01-02T20:40:00,Lata_Mangeshkar_Hospital,220.3,0.29,40,0
2026-01-02T20:45:00,Wockhardt_Hospital,219.19,0.21,41,0
2026-01-02T20:50:00,Lata_Mangeshkar_Hospital,218.26,0.22,29,0
2026-01-02T20:55:00,Wockhardt_Hospital,217.87,0.26,30,0
2026-01-02T21:00:00,AIIMS_Nagpur,218.37,0.22,37,0
2026-01-02T21:05:00,Wockhardt_Hospital,215.6,0.2,32,0
2026-01-02T21:10:00,Lata_Mangeshkar_Hospital,216.2,0.24,33,0
2026-01-02T21:15:00,Mayo_Hospital,216.8,0.24,34,0
2026-01-02T21:20:00,Lata_Mangeshkar_Hospital,214.22,0.25,33,0
2026-01-02T21:25:00,Wockhardt_Hospital,214.4,0.18,23,0
2026-01-02T21:30:00,GMC_Nagpur,213.38,0.22,16,0
2026-01-02T21:35:00,Mayo_Hospital,213.46,0.25,21,0
2026-01-02T21:40:00,AIIMS_Nagpur,217.07,0.25,23,0
2026-01-02T21:45:00,Lata_Mangeshkar_Hospital,216.16,0.2,18,0
2026-01-02T21:50:00,Lata_Mangeshkar_Hospital,214.25,0.21,14,0
2026-01-02T21:55:00,Mayo_Hospital,213.71,0.21,15,0
2026-01-02T22:00:00,Wockhardt_Hospital,188.6,1.05,16,1
2026-01-02T22:05:00,GMC_Nagpur,217.13,0.2,23,0
2026-01-02T22:10:00,Wockhardt_Hospital,216.05,0.13,10,0
2026-01-02T22:15:00,Mayo_Hospital,214.58,0.17,23,0
2026-01-02T22:20:00,Mayo_Hospital,216.38,0.17,10,0
2026-01-02T22:25:00,GMC_Nagpur,216.9,0.09,10,0
2026-01-02T22:30:00,AIIMS_Nagpur,218.15,0.15,21,0
2026-01-02T22:35:00,AIIMS_Nagpur,216.23,0.09,13,0
2026-01-02T22:40:00,Lata_Mangeshkar_Hospital,217.67,0.11,10,0
2026-01-02T22:45:00,Wockhardt_Hospital,219.56,0.07,10,0
2026-01-02T22:50:00,GMC_Nagpur,218.4,0.12,10,0
2026-01-02T22:55:00,Wockhardt_Hospital,220.63,0.07,15,0
2026-01-02T23:00:00,Lata_Mangeshkar_Hospital,220.5,0.02,19,0
2026-01-02T23:05:00,Lata_Mangeshkar_Hospital,218.14,0.04,10,0
2026-01-02T23:10:00,GMC_Nagpur,174.61,0.72,16,1
2026-01-02T23:15:00,Mayo_Hospital,219.39,0.0,15,0
2026-01-02T23:20:00,Lata_Mangeshkar_Hospital,220.03,0.07,10,0
2026-01-02T23:25:00,Lata_Mangeshkar_Hospital,222.72,0.01,12,0
2026-01-02T23:30:00,GMC_Nagpur,223.91,0.0,17,0
2026-01-02T23:35:00,GMC_Nagpur,221.53,0.0,16,0
2026-01-02T23:40:00,Lata_Mangeshkar_Hospital,223.54,0.0,10,0
2026-01-02T23:45:00,Wockhardt_Hospital,223.38,0.0,10,0
2026-01-02T23:50:00,AIIMS_Nagpur,223.24,0.0,10,0
2026-01-02T23:55:00,GMC_Nagpur,222.85,0.0,12,0
2026-01-03T00:00:00,AIIMS_Nagpur,226.15,0.0,11,0
2026-01-03T00:05:00,Mayo_Hospital,223.57,0.0,22,0
2026-01-03T00:10:00,AIIMS_Nagpur,224.67,0.0,17,0
2026-01-03T00:15:00,Wockhardt_Hospital,225.08,0.0,15,0
2026-01-03T00:20:00,GMC_Nagpur,224.72,0.0,27,0
2026-01-03T00:25:00,Lata_Mangeshkar_Hospital,223.34,0.0,10,0
2026-01-03T00:30:00,Wockhardt_Hospital,223.92,0.0,26,0
2026-01-03T00:35:00,Mayo_Hospital,223.68,0.0,11,0
2026-01-03T00:40:00,Mayo_Hospital,223.14,0.0,21,0
2026-01-03T00:45:00,Wockhardt_Hospital,226.23,0.0,30,0
2026-01-03T00:50:00,AIIMS_Nagpur,224.12,0.0,31,0
2026-01-03T00:55:00,Lata_Mangeshkar_Hospital,223.04,0.0,25,0
2026-01-03T01:00:00,GMC_Nagpur,223.35,0.0,34,0
2026-01-03T01:05:00,GMC_Nagpur,221.71,0.0,26,0
2026-01-03T01:10:00,Wockhardt_Hospital,225.16,0.0,33,0
2026-01-03T01:15:00,Mayo_Hospital,221.44,0.0,21,0
2026-01-03T01:20:00,Wockhardt_Hospital,222.87,0.0,38,0
2026-01-03T01:25:00,GMC_Nagpur,223.33,0.0,26,0
2026-01-03T01:30:00,GMC_Nagpur,222.49,0.0,33,0
2026-01-03T01:35:00,Lata_Mangeshkar_Hospital,220.99,0.0,41,0
2026-01-03T01:40:00,GMC_Nagpur,219.85,0.0,33,0
2026-01-03T01:45:00,AIIMS_Nagpur,219.3,0.0,49,0
2026-01-03T01:50:00,GMC_Nagpur,217.77,0.0,39,0
2026-01-03T01:55:00,Mayo_Hospital,220.88,0.0,38,0
2026-01-03T02:00:00,Lata_Mangeshkar_Hospital,219.0,0.0,39,0
2026-01-03T02:05:00,AIIMS_Nagpur,216.15,0.0,36,0
2026-01-03T02:10:00,Wockhardt_Hospital,218.94,0.0,37,0
2026-01-03T02:15:00,Lata_Mangeshkar_Hospital,218.35,0.0,58,0
2026-01-03T02:20:00,Lata_Mangeshkar_Hospital,218.2,0.0,44,0
2026-01-03T02:25:00,GMC_Nagpur,214.8,0.0,59,0
2026-01-03T02:30:00,Mayo_Hospital,215.47,0.0,48,0
2026-01-03T02:35:00,AIIMS_Nagpur,215.66,0.0,60,0
2026-01-03T02:40:00,AIIMS_Nagpur,214.52,0.0,60,0
2026-01-03T02:45:00,GMC_Nagpur,216.39,0.0,56,0
2026-01-03T02:50:00,Mayo_Hospital,216.16,0.0,58,0
2026-01-03T02:55:00,Lata_Mangeshkar_Hospital,213.89,0.0,51,0
2026-01-03T03:00:00,Lata_Mangeshkar_Hospital,216.83,0.0,68,0
2026-01-03T03:05:00,Wockhardt_Hospital,216.74,0.0,65,0
2026-01-03T03:10:00,Lata_Mangeshkar_Hospital,215.75,0.0,59,0
2026-01-03T03:15:00,AIIMS_Nagpur,214.3,0.0,72,0
2026-01-03T03:20:00,Lata_Mangeshkar_Hospital,216.27,0.0,70,0
2026-01-03T03:25:00,Mayo_Hospital,216.71,0.0,73,0
2026-01-03T03:30:00,GMC_Nagpur,216.57,0.0,60,0
2026-01-03T03:35:00,AIIMS_Nagpur,214.19,0.0,76,0
2026-01-03T03:40:00,GMC_Nagpur,216.44,0.0,73,0
2026-01-03T03:45:00,Wockhardt_Hospital,214.88,0.0,66,0
2026-01-03T03:50:00,Mayo_Hospital,217.82,0.0,70,0
2026-01-03T03:55:00,AIIMS_Nagpur,218.99,0.0,70,0
2026-01-03T04:00:00,Mayo_Hospital,219.77,0.0,69,0
2026-01-03T04:05:00,AIIMS_Nagpur,219.47,0.05,67,0
2026-01-03T04:10:00,GMC_Nagpur,189.83,0.7,77,1
2026-01-03T04:15:00,Mayo_Hospital,218.89,0.05,74,0
2026-01-03T04:20:00,AIIMS_Nagpur,219.41,0.07,70,0
2026-01-03T04:25:00,Lata_Mangeshkar_Hospital,218.44,0.02,64,0
2026-01-03T04:30:00,Lata_Mangeshkar_Hospital,220.56,0.09,69,0
2026-01-03T04:35:00,AIIMS_Nagpur,220.53,0.05,73,0
2026-01-03T04:40:00,Lata_Mangeshkar_Hospital,220.72,0.13,66,0
2026-01-03T04:45:00,Lata_Mangeshkar_Hospital,224.16,0.08,68,0
2026-01-03T04:50:00,Mayo_Hospital,222.38,0.09,67,0
2026-01-03T04:55:00,AIIMS_Nagpur,223.31,0.13,75,0
2026-01-03T05:00:00,GMC_Nagpur,223.79,0.16,73,0
2026-01-03T05:05:00,AIIMS_Nagpur,224.05,0.15,70,0
2026-01-03T05:10:00,Wockhardt_Hospital,225.86,0.13,63,0
2026-01-03T05:15:00,GMC_Nagpur,224.61,0.13,70,0
2026-01-03T05:20:00,AIIMS_Nagpur,226.58,0.13,67,0
2026-01-03T05:25:00,AIIMS_Nagpur,224.03,0.21,59,0
2026-01-03T05:30:00,GMC_Nagpur,224.47,0.15,61,0
2026-01-03T05:35:00,Mayo_Hospital,224.34,0.14,63,0
2026-01-03T05:40:00,GMC_Nagpur,223.5,0.2,70,0
2026-01-03T05:45:00,Wockhardt_Hospital,226.05,0.15,58,0
2026-01-03T05:50:00,GMC_Nagpur,223.14,0.25,49,0
2026-01-03T05:55:00,Lata_Mangeshkar_Hospital,224.37,0.21,64,0
2026-01-03T06:00:00,Wockhardt_Hospital,223.77,0.24,58,0
2026-01-03T06:05:00,GMC_Nagpur,223.38,0.21,62,0
2026-01-03T06:10:00,GMC_Nagpur,223.66,0.23,58,0
2026-01-03T06:15:00,Lata_Mangeshkar_Hospital,222.07,0.28,49,0
2026-01-03T06:20:00,Wockhardt_Hospital,223.59,0.2,46,0
2026-01-03T06:25:00,AIIMS_Nagpur,222.55,0.21,57,0
2026-01-03T06:30:00,GMC_Nagpur,221.32,0.24,57,0
2026-01-03T06:35:00,Wockhardt_Hospital,222.26,0.24,40,0
2026-01-03T06:40:00,GMC_Nagpur,223.57,0.23,39,0
2026-01-03T06:45:00,Lata_Mangeshkar_Hospital,222.87,0.22,37,0
2026-01-03T06:50:00,AIIMS_Nagpur,221.01,0.2,32,0
2026-01-03T06:55:00,Wockhardt_Hospital,219.07,0.27,43,0
2026-01-03T07:00:00,AIIMS_Nagpur,217.94,0.27,31,0
2026-01-03T07:05:00,GMC_Nagpur,221.02,0.25,28,0
2026-01-03T07:10:00,Lata_Mangeshkar_Hospital,219.18,0.21,26,0
2026-01-03T07:15:00,Lata_Mangeshkar_Hospital,218.06,0.23,26,0
2026-01-03T07:20:00,GMC_Nagpur,219.15,0.21,25,0
2026-01-03T07:25:00,Wockhardt_Hospital,215.58,0.25,37,0
2026-01-03T07:30:00,GMC_Nagpur,217.83,0.22,20,0
2026-01-03T07:35:00,GMC_Nagpur,214.97,0.22,36,0
2026-01-03T07:40:00,Mayo_Hospital,214.95,0.21,24,0
2026-01-03T07:45:00,Wockhardt_Hospital,216.67,0.28,36,0
2026-01-03T07:50:00,Mayo_Hospital,215.38,0.23,27,0
2026-01-03T07:55:00,Mayo_Hospital,213.63,0.23,31,0
2026-01-03T08:00:00,Lata_Mangeshkar_Hospital,215.8,0.18,17,0
2026-01-03T08:05:00,Mayo_Hospital,215.43,0.22,29,0
2026-01-03T08:10:00,Lata_Mangeshkar_Hospital,215.69,0.22,21,0
2026-01-03T08:15:00,AIIMS_Nagpur,213.6,0.18,22,0
2026-01-03T08:20:00,Wockhardt_Hospital,214.74,0.22,22,0
2026-01-03T08:25:00,Wockhardt_Hospital,169.05,0.87,15,1
2026-01-03T08:30:00,AIIMS_Nagpur,215.49,0.21,11,0
2026-01-03T08:35:00,Lata_Mangeshkar_Hospital,214.05,0.12,10,0
2026-01-03T08:40:00,GMC_Nagpur,216.66,0.12,14,0
2026-01-03T08:45:00,Wockhardt_Hospital,215.19,0.16,10,0
2026-01-03T08:50:00,Wockhardt_Hospital,215.2,0.17,19,0
2026-01-03T08:55:00,GMC_Nagpur,214.89,0.18,17,0
2026-01-03T09:00:00,Lata_Mangeshkar_Hospital,216.72,0.11,18,0
2026-01-03T09:05:00,Wockhardt_Hospital,216.69,0.08,10,0
2026-01-03T09:10:00,Mayo_Hospital,216.17,0.09,10,0
2026-01-03T09:15:00,Lata_Mangeshkar_Hospital,216.57,0.14,10,0
2026-01-03T09:20:00,Lata_Mangeshkar_Hospital,220.43,0.13,10,0
2026-01-03T09:25:00,Lata_Mangeshkar_Hospital,217.58,0.11,10,0
2026-01-03T09:30:00,Mayo_Hospital,221.3,0.08,10,0
2026-01-03T09:35:00,GMC_Nagpur,218.35,0.07,17,0
2026-01-03T09:40:00,GMC_Nagpur,220.11,0.06,16,0
2026-01-03T09:45:00,AIIMS_Nagpur,218.99,0.03,10,0
2026-01-03T09:50:00,AIIMS_Nagpur,222.88,0.05,12,0
2026-01-03T09:55:00,AIIMS_Nagpur,223.68,0.0,10,0
2026-01-03T10:00:00,AIIMS_Nagpur,223.36,0.0,14,0
2026-01-03T10:05:00,GMC_Nagpur,222.27,0.03,10,0
2026-01-03T10:10:00,Wockhardt_Hospital,222.98,0.0,10,0
2026-01-03T10:15:00,AIIMS_Nagpur,222.74,0.0,16,0
2026-01-03T10:20:00,Wockhardt_Hospital,223.47,0.0,11,0
2026-01-03T10:25:00,Lata_Mangeshkar_Hospital,225.98,0.0,10,0
2026-01-03T10:30:00,Mayo_Hospital,224.59,0.0,10,0
2026-01-03T10:35:00,Lata_Mangeshkar_Hospital,223.85,0.0,24,0
2026-01-03T10:40:00,Mayo_Hospital,226.29,0.0,10,0
2026-01-03T10:45:00,Mayo_Hospital,223.58,0.0,19,0
2026-01-03T10:50:00,Lata_Mangeshkar_Hospital,225.04,0.0,21,0
2026-01-03T10:55:00,AIIMS_Nagpur,226.68,0.0,15,0
2026-01-03T11:00:00,AIIMS_Nagpur,223.57,0.0,26,0
2026-01-03T11:05:00,GMC_Nagpur,226.42,0.0,11,0
2026-01-03T11:10:00,Mayo_Hospital,223.73,0.0,31,0
2026-01-03T11:15:00,Lata_Mangeshkar_Hospital,225.55,0.0,29,0
2026-01-03T11:20:00,AIIMS_Nagpur,224.04,0.0,26,0
2026-01-03T11:25:00,Wockhardt_Hospital,226.01,0.0,25,0
2026-01-03T11:30:00,GMC_Nagpur,223.72,0.0,18,0
2026-01-03T11:35:00,Wockhardt_Hospital,223.71,0.0,23,0
2026-01-03T11:40:00,Wockhardt_Hospital,224.88,0.0,23,0
2026-01-03T11:45:00,GMC_Nagpur,221.53,0.0,27,0
2026-01-03T11:50:00,Wockhardt_Hospital,221.72,0.0,23,0
2026-01-03T11:55:00,Wockhardt_Hospital,220.12,0.0,39,0
2026-01-03T12:00:00,GMC_Nagpur,222.43,0.0,27,0
2026-01-03T12:05:00,Mayo_Hospital,222.47,0.0,30,0
2026-01-03T12:10:00,Mayo_Hospital,219.21,0.0,41,0
2026-01-03T12:15:00,Mayo_Hospital,221.39,0.0,31,0
2026-01-03T12:20:00,Lata_Mangeshkar_Hospital,220.32,0.0,47,0
2026-01-03T12:25:00,Mayo_Hospital,219.4,0.0,46,0
2026-01-03T12:30:00,GMC_Nagpur,218.85,0.0,37,0
2026-01-03T12:35:00,Wockhardt_Hospital,218.45,0.0,50,0
2026-01-03T12:40:00,AIIMS_Nagpur,216.42,0.0,46,0
2026-01-03T12:45:00,Wockhardt_Hospital,218.64,0.0,49,0
2026-01-03T12:50:00,GMC_Nagpur,215.43,0.0,41,0
2026-01-03T12:55:00,Mayo_Hospital,217.51,0.0,44,0
2026-01-03T13:00:00,Wockhardt_Hospital,215.63,0.0,62,0
2026-01-03T13:05:00,GMC_Nagpur,214.28,0.0,45,0
2026-01-03T13:10:00,GMC_Nagpur,215.54,0.0,62,0
2026-01-03T13:15:00,Wockhardt_Hospital,215.53,0.0,50,0
2026-01-03T13:20:00,Wockhardt_Hospital,215.37,0.0,57,0
2026-01-03T13:25:00,Lata_Mangeshkar_Hospital,214.54,0.0,64,0
2026-01-03T13:30:00,AIIMS_Nagpur,216.75,0.0,59,0
2026-01-03T13:35:00,Wockhardt_Hospital,216.01,0.0,61,0
2026-01-03T13:40:00,Lata_Mangeshkar_Hospital,214.37,0.0,66,0
2026-01-03T13:45:00,Mayo_Hospital,216.83,0.0,54,0
2026-01-03T13:50:00,Lata_Mangeshkar_Hospital,213.93,0.0,65,0
2026-01-03T13:55:00,Mayo_Hospital,215.32,0.0,69,0
2026-01-03T14:00:00,Lata_Mangeshkar_Hospital,214.45,0.0,66,0
2026-01-03T14:05:00,Wockhardt_Hospital,215.35,0.0,75,0
2026-01-03T14:10:00,Lata_Mangeshkar_Hospital,216.49,0.0,75,0
2026-01-03T14:15:00,GMC_Nagpur,215.8,0.0,76,0
2026-01-03T14:20:00,GMC_Nagpur,217.37,0.03,68,0
2026-01-03T14:25:00,Lata_Mangeshkar_Hospital,218.15,0.0,71,0
2026-01-03T14:30:00,Lata_Mangeshkar_Hospital,217.9,0.04,63,0
2026-01-03T14:35:00,Mayo_Hospital,219.38,0.05,67,0
2026-01-03T14:40:00,GMC_Nagpur,220.37,0.01,72,0
2026-01-03T14:45:00,Mayo_Hospital,218.98,0.02,79,0
2026-01-03T14:50:00,Lata_Mangeshkar_Hospital,218.87,0.05,64,0
2026-01-03T14:55:00,GMC_Nagpur,219.24,0.02,70,0
2026-01-03T15:00:00,Mayo_Hospital,221.5,0.03,77,0
2026-01-03T15:05:00,Wockhardt_Hospital,220.9,0.04,63,0
2026-01-03T15:10:00,AIIMS_Nagpur,221.81,0.12,79,0
2026-01-03T15:15:00,GMC_Nagpur,221.61,0.12,73,0
2026-01-03T15:20:00,GMC_Nagpur,223.84,0.11,77,0
2026-01-03T15:25:00,Mayo_Hospital,222.65,0.1,67,0
2026-01-03T15:30:00,Lata_Mangeshkar_Hospital,223.42,0.13,65,0
2026-01-03T15:35:00,Lata_Mangeshkar_Hospital,223.93,0.13,75,0
2026-01-03T15:40:00,Lata_Mangeshkar_Hospital,224.47,0.17,74,0
2026-01-03T15:45:00,AIIMS_Nagpur,225.39,0.19,61,0
2026-01-03T15:50:00,Mayo_Hospital,226.55,0.19,67,0
2026-01-03T15:55:00,Wockhardt_Hospital,226.49,0.19,57,0
2026-01-03T16:00:00,GMC_Nagpur,225.16,0.19,68,0
2026-01-03T16:05:00,Lata_Mangeshkar_Hospital,224.86,0.21,66,0
2026-01-03T16:10:00,Lata_Mangeshkar_Hospital,226.38,0.22,63,0
2026-01-03T16:15:00,GMC_Nagpur,223.5,0.22,61,0
2026-01-03T16:20:00,AIIMS_Nagpur,225.61,0.25,54,0
2026-01-03T16:25:00,Wockhardt_Hospital,226.02,0.19,55,0
2026-01-03T16:30:00,GMC_Nagpur,222.79,0.22,46,0
2026-01-03T16:35:00,Lata_Mangeshkar_Hospital,223.37,0.2,62,0
2026-01-03T16:40:00,AIIMS_Nagpur,223.93,0.26,59,0
2026-01-03T16:45:00,Lata_Mangeshkar_Hospital,222.68,0.23,52,0
2026-01-03T16:50:00,Lata_Mangeshkar_Hospital,221.92,0.23,49,0
2026-01-03T16:55:00,GMC_Nagpur,223.3,0.27,43,0
2026-01-03T17:00:00,Lata_Mangeshkar_Hospital,221.1,0.19,42,0
2026-01-03T17:05:00,GMC_Nagpur,224.0,0.26,42,0
2026-01-03T17:10:00,Lata_Mangeshkar_Hospital,223.03,0.24,41,0
2026-01-03T17:15:00,Lata_Mangeshkar_Hospital,222.26,0.25,39,0
2026-01-03T17:20:00,Lata_Mangeshkar_Hospital,222.66,0.21,39,0
2026-01-03T17:25:00,Mayo_Hospital,171.15,0.94,31,1
2026-01-03T17:30:00,Lata_Mangeshkar_Hospital,218.87,0.2,38,0
2026-01-03T17:35:00,Lata_Mangeshkar_Hospital,220.78,0.2,32,0
2026-01-03T17:40:00,Lata_Mangeshkar_Hospital,219.99,0.22,26,0
2026-01-03T17:45:00,Lata_Mangeshkar_Hospital,218.84,0.28,25,0
2026-01-03T17:50:00,GMC_Nagpur,217.34,0.23,24,0
2026-01-03T17:55:00,Mayo_Hospital,215.63,0.28,28,0
2026-01-03T18:00:00,GMC_Nagpur,217.13,0.28,25,0
2026-01-03T18:05:00,Wockhardt_Hospital,217.61,0.19,19,0
2026-01-03T18:10:00,GMC_Nagpur,214.23,0.25,21,0
2026-01-03T18:15:00,Mayo_Hospital,215.16,0.27,18,0
2026-01-03T18:20:00,Mayo_Hospital,216.11,0.18,30,0
2026-01-03T18:25:00,Mayo_Hospital,217.15,0.2,28,0
2026-01-03T18:30:00,Mayo_Hospital,215.63,0.26,16,0
2026-01-03T18:35:00,AIIMS_Nagpur,214.36,0.18,17,0
2026-01-03T18:40:00,Wockhardt_Hospital,215.04,0.22,25,0
2026-01-03T18:45:00,Lata_Mangeshkar_Hospital,214.69,0.14,21,0
2026-01-03T18:50:00,Mayo_Hospital,216.49,0.16,12,0
2026-01-03T18:55:00,AIIMS_Nagpur,216.77,0.19,17,0
2026-01-03T19:00:00,Mayo_Hospital,215.49,0.18,18,0
2026-01-03T19:05:00,Lata_Mangeshkar_Hospital,216.52,0.21,10,0
2026-01-03T19:10:00,Lata_Mangeshkar_Hospital,214.6,0.11,14,0
2026-01-03T19:15:00,Lata_Mangeshkar_Hospital,195.51,0.89,19,1
2026-01-03T19:20:00,Wockhardt_Hospital,217.8,0.15,19,0
2026-01-03T19:25:00,AIIMS_Nagpur,214.5,0.13,10,0
2026-01-03T19:30:00,AIIMS_Nagpur,217.39,0.17,10,0
2026-01-03T19:35:00,AIIMS_Nagpur,215.78,0.13,10,0
2026-01-03T19:40:00,AIIMS_Nagpur,216.75,0.12,10,0
2026-01-03T19:45:00,Wockhardt_Hospital,219.95,0.1,11,0
2026-01-03T19:50:00,Wockhardt_Hospital,218.02,0.06,16,0
2026-01-03T19:55:00,Mayo_Hospital,219.61,0.11,13,0
2026-01-03T20:00:00,Mayo_Hospital,221.22,0.04,10,0
2026-01-03T20:05:00,AIIMS_Nagpur,222.02,0.05,19,0
2026-01-03T20:10:00,Lata_Mangeshkar_Hospital,222.15,0.03,10,0
2026-01-03T20:15:00,GMC_Nagpur,220.14,0.06,18,0
2026-01-03T20:20:00,Wockhardt_Hospital,222.43,0.0,10,0
2026-01-03T20:25:00,Wockhardt_Hospital,220.33,0.03,14,0
2026-01-03T20:30:00,Lata_Mangeshkar_Hospital,222.71,0.02,13,0
2026-01-03T20:35:00,Mayo_Hospital,223.29,0.0,10,0
2026-01-03T20:40:00,Lata_Mangeshkar_Hospital,225.07,0.01,12,0
2026-01-03T20:45:00,Mayo_Hospital,222.55,0.0,15,0
2026-01-03T20:50:00,Lata_Mangeshkar_Hospital,223.98,0.0,12,0
2026-01-03T20:55:00,Lata_Mangeshkar_Hospital,223.92,0.0,17,0
2026-01-03T21:00:00,GMC_Nagpur,224.69,0.0,12,0
2026-01-03T21:05:00,Lata_Mangeshkar_Hospital,223.88,0.0,10,0
2026-01-03T21:10:00,Lata_Mangeshkar_Hospital,226.82,0.0,19,0
2026-01-03T21:15:00,Mayo_Hospital,226.91,0.0,18,0
2026-01-03T21:20:00,Mayo_Hospital,226.02,0.0,21,0
2026-01-03T21:25:00,Mayo_Hospital,226.39,0.0,20,0
2026-01-03T21:30:00,Mayo_Hospital,224.74,0.0,17,0
2026-01-03T21:35:00,GMC_Nagpur,223.66,0.0,14,0
2026-01-03T21:40:00,Lata_Mangeshkar_Hospital,224.66,0.0,23,0
2026-01-03T21:45:00,GMC_Nagpur,225.85,0.0,33,0
2026-01-03T21:50:00,Wockhardt_Hospital,225.37,0.0,27,0
2026-01-03T21:55:00,Wockhardt_Hospital,222.6,0.0,33,0
2026-01-03T22:00:00,Mayo_Hospital,222.07,0.0,23,0
2026-01-03T22:05:00,Mayo_Hospital,224.63,0.0,30,0
2026-01-03T22:10:00,Lata_Mangeshkar_Hospital,224.63,0.0,22,0
2026-01-03T22:15:00,Lata_Mangeshkar_Hospital,222.25,0.0,25,0
2026-01-03T22:20:00,AIIMS_Nagpur,221.79,0.0,31,0
2026-01-03T22:25:00,Mayo_Hospital,221.13,0.0,41,0
2026-01-03T22:30:00,Mayo_Hospital,222.65,0.0,40,0
2026-01-03T22:35:00,Mayo_Hospital,219.5,0.0,46,0
2026-01-03T22:40:00,Mayo_Hospital,220.72,0.0,43,0
2026-01-03T22:45:00,AIIMS_Nagpur,220.4,0.0,39,0
2026-01-03T22:50:00,Lata_Mangeshkar_Hospital,218.34,0.0,44,0
2026-01-03T22:55:00,AIIMS_Nagpur,219.24,0.0,39,0
2026-01-03T23:00:00,Mayo_Hospital,219.85,0.0,45,0
2026-01-03T23:05:00,GMC_Nagpur,217.63,0.0,56,0
2026-01-03T23:10:00,Lata_Mangeshkar_Hospital,216.45,0.0,51,0
2026-01-03T23:15:00,AIIMS_Nagpur,215.56,0.0,40,0
2026-01-03T23:20:00,Mayo_Hospital,217.2,0.0,44,0
2026-01-03T23:25:00,Lata_Mangeshkar_Hospital,215.93,0.0,57,0
2026-01-03T23:30:00,Mayo_Hospital,213.97,0.0,51,0
2026-01-03T23:35:00,Mayo_Hospital,213.81,0.0,64,0
2026-01-03T23:40:00,AIIMS_Nagpur,214.4,0.0,60,0
2026-01-03T23:45:00,Wockhardt_Hospital,213.26,0.0,62,0
2026-01-03T23:50:00,Lata_Mangeshkar_Hospital,215.06,0.0,68,0
2026-01-03T23:55:00,AIIMS_Nagpur,213.35,0.0,55,0
2026-01-04T00:00:00,AIIMS_Nagpur,213.8,0.0,69,0
2026-01-04T00:05:00,Lata_Mangeshkar_Hospital,216.8,0.0,53,0
2026-01-04T00:10:00,GMC_Nagpur,216.52,0.0,63,0
2026-01-04T00:15:00,Wockhardt_Hospital,213.81,0.0,60,0
2026-01-04T00:20:00,AIIMS_Nagpur,213.78,0.0,65,0
2026-01-04T00:25:00,GMC_Nagpur,214.63,0.0,67,0
2026-01-04T00:30:00,Mayo_Hospital,214.98,0.0,62,0
2026-01-04T00:35:00,AIIMS_Nagpur,215.63,0.0,75,0
2026-01-04T00:40:00,GMC_Nagpur,215.01,0.0,66,0
2026-01-04T00:45:00,Lata_Mangeshkar_Hospital,216.18,0.0,78,0
2026-01-04T00:50:00,Mayo_Hospital,219.24,0.04,77,0
2026-01-04T00:55:00,AIIMS_Nagpur,217.94,0.0,76,0
2026-01-04T01:00:00,AIIMS_Nagpur,217.52,0.0,61,0
2026-01-04T01:05:00,GMC_Nagpur,216.69,0.07,66,0
2026-01-04T01:10:00,Lata_Mangeshkar_Hospital,220.48,0.08,66,0
2026-01-04T01:15:00,GMC_Nagpur,219.12,0.07,69,0
2026-01-04T01:20:00,Mayo_Hospital,221.67,0.07,69,0
2026-01-04T01:25:00,GMC_Nagpur,221.43,0.02,74,0
2026-01-04T01:30:00,Wockhardt_Hospital,222.56,0.11,62,0
2026-01-04T01:35:00,Wockhardt_Hospital,222.29,0.09,76,0
2026-01-04T01:40:00,Mayo_Hospital,221.95,0.1,79,0
2026-01-04T01:45:00,Wockhardt_Hospital,221.55,0.12,63,0
2026-01-04T01:50:00,Mayo_Hospital,223.41,0.1,58,0
2026-01-04T01:55:00,AIIMS_Nagpur,225.12,0.12,68,0
2026-01-04T02:00:00,GMC_Nagpur,223.2,0.09,75,0
2026-01-04T02:05:00,AIIMS_Nagpur,222.05,0.11,67,0
2026-01-04T02:10:00,GMC_Nagpur,225.98,0.11,70,0
2026-01-04T02:15:00,Wockhardt_Hospital,223.77,0.2,70,0
2026-01-04T02:20:00,GMC_Nagpur,226.62,0.19,66,0
2026-01-04T02:25:00,Lata_Mangeshkar_Hospital,225.08,0.2,64,0
2026-01-04T02:30:00,Lata_Mangeshkar_Hospital,224.48,0.22,58,0
2026-01-04T02:35:00,Mayo_Hospital,226.98,0.23,59,0
2026-01-04T02:40:00,GMC_Nagpur,226.14,0.23,52,0
2026-01-04T02:45:00,AIIMS_Nagpur,223.83,0.25,65,0
2026-01-04T02:50:00,Lata_Mangeshkar_Hospital,223.26,0.2,49,0
2026-01-04T02:55:00,Wockhardt_Hospital,226.07,0.24,50,0
2026-01-04T03:00:00,Lata_Mangeshkar_Hospital,224.43,0.19,64,0
2026-01-04T03:05:00,AIIMS_Nagpur,222.33,0.27,57,0
2026-01-04T03:10:00,Mayo_Hospital,223.13,0.19,49,0
2026-01-04T03:15:00,Lata_Mangeshkar_Hospital,225.43,0.28,51,0
2026-01-04T03:20:00,Lata_Mangeshkar_Hospital,221.64,0.2,48,0
2026-01-04T03:25:00,GMC_Nagpur,187.45,0.93,48,1
2026-01-04T03:30:00,Lata_Mangeshkar_Hospital,223.55,0.29,43,0
2026-01-04T03:35:00,Lata_Mangeshkar_Hospital,222.31,0.23,43,0
2026-01-04T03:40:00,Wockhardt_Hospital,220.28,0.23,44,0
2026-01-04T03:45:00,Lata_Mangeshkar_Hospital,221.07,0.25,41,0
2026-01-04T03:50:00,Wockhardt_Hospital,219.65,0.29,41,0
2026-01-04T03:55:00,Lata_Mangeshkar_Hospital,219.5,0.22,34,0
2026-01-04T04:00:00,AIIMS_Nagpur,220.18,0.24,33,0
2026-01-04T04:05:00,Lata_Mangeshkar_Hospital,218.15,0.23,32,0
2026-01-04T04:10:00,Wockhardt_Hospital,218.27,0.28,41,0
2026-01-04T04:15:00,Lata_Mangeshkar_Hospital,216.62,0.23,32,0
2026-01-04T04:20:00,Mayo_Hospital,216.42,0.29,27,0
2026-01-04T04:25:00,GMC_Nagpur,215.86,0.22,23,0
2026-01-04T04:30:00,Lata_Mangeshkar_Hospital,215.36,0.27,27,0
2026-01-04T04:35:00,AIIMS_Nagpur,215.58,0.23,37,0
2026-01-04T04:40:00,Lata_Mangeshkar_Hospital,216.64,0.22,36,0
2026-01-04T04:45:00,GMC_Nagpur,217.09,0.22,17,0
2026-01-04T04:50:00,AIIMS_Nagpur,217.39,0.21,31,0
2026-01-04T04:55:00,Lata_Mangeshkar_Hospital,215.08,0.24,20,0
2026-01-04T05:00:00,Wockhardt_Hospital,213.73,0.21,17,0
2026-01-04T05:05:00,Mayo_Hospital,215.06,0.16,18,0
2026-01-04T05:10:00,Lata_Mangeshkar_Hospital,216.73,0.17,22,0
2026-01-04T05:15:00,Lata_Mangeshkar_Hospital,213.49,0.17,20,0
2026-01-04T05:20:00,AIIMS_Nagpur,214.91,0.18,17,0
2026-01-04T05:25:00,Lata_Mangeshkar_Hospital,215.3,0.14,12,0
2026-01-04T05:30:00,AIIMS_Nagpur,214.19,0.2,15,0
2026-01-04T05:35:00,Wockhardt_Hospital,213.61,0.15,15,0
2026-01-04T05:40:00,Wockhardt_Hospital,217.5,0.17,11,0
2026-01-04T05:45:00,Lata_Mangeshkar_Hospital,217.3,0.12,10,0
2026-01-04T05:50:00,AIIMS_Nagpur,216.29,0.12,16,0
2026-01-04T05:55:00,Mayo_Hospital,217.66,0.17,13,0
2026-01-04T06:00:00,Mayo_Hospital,215.16,0.06,10,0
2026-01-04T06:05:00,Wockhardt_Hospital,219.35,0.15,12,0
2026-01-04T06:10:00,Lata_Mangeshkar_Hospital,217.32,0.12,10,0
2026-01-04T06:15:00,Wockhardt_Hospital,219.68,0.1,10,0
2026-01-04T06:20:00,AIIMS_Nagpur,220.06,0.08,10,0
2026-01-04T06:25:00,Mayo_Hospital,219.35,0.04,10,0
2026-01-04T06:30:00,AIIMS_Nagpur,218.55,0.08,10,0
2026-01-04T06:35:00,Lata_Mangeshkar_Hospital,219.81,0.04,10,0
2026-01-04T06:40:00,AIIMS_Nagpur,220.29,0.01,10,0
2026-01-04T06:45:00,AIIMS_Nagpur,219.75,0.0,10,0
2026-01-04T06:50:00,Mayo_Hospital,222.27,0.05,10,0
2026-01-04T06:55:00,Mayo_Hospital,223.01,0.0,19,0
2026-01-04T07:00:00,Mayo_Hospital,221.14,0.0,10,0
2026-01-04T07:05:00,Lata_Mangeshkar_Hospital,221.66,0.0,10,0
2026-01-04T07:10:00,Lata_Mangeshkar_Hospital,222.5,0.0,10,0
2026-01-04T07:15:00,Lata_Mangeshkar_Hospital,224.99,0.02,15,0
2026-01-04T07:20:00,AIIMS_Nagpur,224.46,0.0,16,0
2026-01-04T07:25:00,Lata_Mangeshkar_Hospital,222.84,0.0,16,0
2026-01-04T07:30:00,AIIMS_Nagpur,223.99,0.0,10,0
2026-01-04T07:35:00,AIIMS_Nagpur,225.1,0.0,22,0
2026-01-04T07:40:00,Mayo_Hospital,226.49,0.0,13,0
2026-01-04T07:45:00,AIIMS_Nagpur,224.51,0.0,27,0
2026-01-04T07:50:00,Wockhardt_Hospital,224.77,0.0,11,0
2026-01-04T07:55:00,Mayo_Hospital,224.91,0.0,14,0
2026-01-04T08:00:00,AIIMS_Nagpur,224.11,0.0,15,0
2026-01-04T08:05:00,Lata_Mangeshkar_Hospital,223.28,0.0,22,0
2026-01-04T08:10:00,Wockhardt_Hospital,223.18,0.0,24,0
2026-01-04T08:15:00,Wockhardt_Hospital,222.5,0.0,18,0
2026-01-04T08:20:00,Lata_Mangeshkar_Hospital,223.13,0.0,22,0
2026-01-04T08:25:00,AIIMS_Nagpur,225.55,0.0,34,0
2026-01-04T08:30:00,Lata_Mangeshkar_Hospital,223.2,0.0,19,0
2026-01-04T08:35:00,Lata_Mangeshkar_Hospital,221.86,0.0,38,0
2026-01-04T08:40:00,Wockhardt_Hospital,223.23,0.0,31,0
2026-01-04T08:45:00,Lata_Mangeshkar_Hospital,220.58,0.0,40,0
2026-01-04T08:50:00,GMC_Nagpur,220.26,0.0,27,0
2026-01-04T08:55:00,Wockhardt_Hospital,220.52,0.0,41,0
2026-01-04T09:00:00,AIIMS_Nagpur,219.87,0.0,42,0
2026-01-04T09:05:00,AIIMS_Nagpur,222.36,0.0,47,0
2026-01-04T09:10:00,AIIMS_Nagpur,218.39,0.0,32,0
2026-01-04T09:15:00,AIIMS_Nagpur,219.53,0.0,41,0
2026-01-04T09:20:00,Wockhardt_Hospital,217.61,0.0,35,0
2026-01-04T09:25:00,Wockhardt_Hospital,219.86,0.0,44,0
2026-01-04T09:30:00,Mayo_Hospital,216.78,0.0,43,0
2026-01-04T09:35:00,GMC_Nagpur,218.05,0.0,49,0
2026-01-04T09:40:00,AIIMS_Nagpur,218.88,0.0,54,0
2026-01-04T09:45:00,Wockhardt_Hospital,217.03,0.0,57,0
2026-01-04T09:50:00,Lata_Mangeshkar_Hospital,217.16,0.0,45,0
2026-01-04T09:55:00,Wockhardt_Hospital,215.46,0.0,47,0
2026-01-04T10:00:00,GMC_Nagpur,215.66,0.0,61,0
2026-01-04T10:05:00,Mayo_Hospital,215.22,0.0,55,0
2026-01-04T10:10:00,GMC_Nagpur,213.87,0.0,51,0
2026-01-04T10:15:00,AIIMS_Nagpur,214.79,0.0,53,0
2026-01-04T10:20:00,AIIMS_Nagpur,213.48,0.0,57,0
2026-01-04T10:25:00,Wockhardt_Hospital,213.99,0.0,55,0
2026-01-04T10:30:00,GMC_Nagpur,215.8,0.0,52,0
2026-01-04T10:35:00,GMC_Nagpur,216.87,0.0,70,0
2026-01-04T10:40:00,Mayo_Hospital,215.03,0.0,62,0
2026-01-04T10:45:00,Lata_Mangeshkar_Hospital,215.82,0.0,65,0
2026-01-04T10:50:00,Wockhardt_Hospital,215.63,0.0,55,0
2026-01-04T10:55:00,Wockhardt_Hospital,217.7,0.0,56,0
2026-01-04T11:00:00,GMC_Nagpur,216.32,0.0,67,0
2026-01-04T11:05:00,Wockhardt_Hospital,217.23,0.0,65,0
2026-01-04T11:10:00,Wockhardt_Hospital,217.16,0.0,70,0
2026-01-04T11:15:00,AIIMS_Nagpur,216.04,0.0,61,0
2026-01-04T11:20:00,Wockhardt_Hospital,218.18,0.04,73,0
2026-01-04T11:25:00,Wockhardt_Hospital,217.88,0.01,75,0
2026-01-04T11:30:00,Mayo_Hospital,217.06,0.04,72,0
2026-01-04T11:35:00,Lata_Mangeshkar_Hospital,217.41,0.07,78,0
2026-01-04T11:40:00,AIIMS_Nagpur,217.6,0.06,76,0
2026-01-04T11:45:00,GMC_Nagpur,220.42,0.08,62,0
2026-01-04T11:50:00,Mayo_Hospital,220.36,0.05,78,0
2026-01-04T11:55:00,GMC_Nagpur,221.14,0.08,65,0
2026-01-04T12:00:00,Mayo_Hospital,222.2,0.06,74,0
2026-01-04T12:05:00,AIIMS_Nagpur,222.68,0.08,62,0
2026-01-04T12:10:00,AIIMS_Nagpur,220.96,0.12,70,0
2026-01-04T12:15:00,Lata_Mangeshkar_Hospital,221.19,0.12,75,0
2026-01-04T12:20:00,Mayo_Hospital,221.33,0.11,64,0
2026-01-04T12:25:00,Lata_Mangeshkar_Hospital,225.34,0.14,68,0
2026-01-04T12:30:00,GMC_Nagpur,223.64,0.1,59,0
2026-01-04T12:35:00,GMC_Nagpur,223.71,0.14,61,0
2026-01-04T12:40:00,GMC_Nagpur,225.9,0.11,56,0
2026-01-04T12:45:00,GMC_Nagpur,224.17,0.13,67,0
2026-01-04T12:50:00,Wockhardt_Hospital,225.93,0.16,62,0
2026-01-04T12:55:00,Lata_Mangeshkar_Hospital,225.55,0.19,61,0
2026-01-04T13:00:00,Lata_Mangeshkar_Hospital,223.14,0.22,64,0
2026-01-04T13:05:00,Mayo_Hospital,225.19,0.16,63,0
2026-01-04T13:10:00,Lata_Mangeshkar_Hospital,225.54,0.2,56,0
2026-01-04T13:15:00,Mayo_Hospital,225.46,0.17,54,0
2026-01-04T13:20:00,GMC_Nagpur,226.74,0.2,54,0
2026-01-04T13:25:00,GMC_Nagpur,224.7,0.17,51,0
2026-01-04T13:30:00,Lata_Mangeshkar_Hospital,224.45,0.19,59,0
2026-01-04T13:35:00,AIIMS_Nagpur,224.22,0.2,62,0
2026-01-04T13:40:00,GMC_Nagpur,221.91,0.2,52,0
2026-01-04T13:45:00,Wockhardt_Hospital,222.87,0.26,56,0
2026-01-04T13:50:00,Mayo_Hospital,221.69,0.25,48,0
2026-01-04T13:55:00,Wockhardt_Hospital,220.8,0.24,47,0
2026-01-04T14:00:00,Wockhardt_Hospital,221.45,0.23,46,0
2026-01-04T14:05:00,Wockhardt_Hospital,221.18,0.28,39,0
2026-01-04T14:10:00,Wockhardt_Hospital,219.51,0.26,50,0
2026-01-04T14:15:00,Mayo_Hospital,219.05,0.29,44,0
2026-01-04T14:20:00,Lata_Mangeshkar_Hospital,220.6,0.26,46,0
2026-01-04T14:25:00,GMC_Nagpur,220.33,0.21,36,0
2026-01-04T14:30:00,AIIMS_Nagpur,219.25,0.28,33,0
2026-01-04T14:35:00,AIIMS_Nagpur,217.97,0.24,45,0
2026-01-04T14:40:00,Mayo_Hospital,219.82,0.26,25,0
2026-01-04T14:45:00,Lata_Mangeshkar_Hospital,217.71,0.26,41,0
2026-01-04T14:50:00,GMC_Nagpur,219.31,0.22,24,0
2026-01-04T14:55:00,Wockhardt_Hospital,218.18,0.22,28,0
2026-01-04T15:00:00,Mayo_Hospital,216.17,0.21,27,0
2026-01-04T15:05:00,GMC_Nagpur,215.24,0.22,25,0
2026-01-04T15:10:00,Mayo_Hospital,217.65,0.2,23,0
2026-01-04T15:15:00,Wockhardt_Hospital,216.72,0.23,22,0
2026-01-04T15:20:00,Wockhardt_Hospital,213.69,0.26,26,0
2026-01-04T15:25:00,Mayo_Hospital,215.1,0.21,31,0
2026-01-04T15:30:00,Mayo_Hospital,216.73,0.23,12,0
2026-01-04T15:35:00,AIIMS_Nagpur,213.81,0.18,15,0
2026-01-04T15:40:00,Mayo_Hospital,214.54,0.2,25,0
2026-01-04T15:45:00,Lata_Mangeshkar_Hospital,214.78,0.14,25,0
2026-01-04T15:50:00,Lata_Mangeshkar_Hospital,215.62,0.21,10,0
2026-01-04T15:55:00,GMC_Nagpur,216.32,0.2,10,0
2026-01-04T16:00:00,GMC_Nagpur,213.79,0.13,10,0
2026-01-04T16:05:00,AIIMS_Nagpur,215.53,0.19,16,0
2026-01-04T16:10:00,AIIMS_Nagpur,215.31,0.18,15,0
2026-01-04T16:15:00,Wockhardt_Hospital,214.95,0.09,16,0
2026-01-04T16:20:00,AIIMS_Nagpur,216.87,0.13,21,0
2026-01-04T16:25:00,Wockhardt_Hospital,215.69,0.1,10,0
2026-01-04T16:30:00,Lata_Mangeshkar_Hospital,217.32,0.08,10,0
2026-01-04T16:35:00,GMC_Nagpur,218.11,0.11,11,0
2026-01-04T16:40:00,Mayo_Hospital,219.56,0.1,10,0
2026-01-04T16:45:00,Wockhardt_Hospital,220.27,0.06,10,0
2026-01-04T16:50:00,GMC_Nagpur,217.3,0.11,16,0
2026-01-04T16:55:00,GMC_Nagpur,221.22,0.05,17,0
2026-01-04T17:00:00,Wockhardt_Hospital,219.46,0.05,19,0
2026-01-04T17:05:00,Mayo_Hospital,220.47,0.09,12,0
2026-01-04T17:10:00,GMC_Nagpur,219.18,0.01,13,0
2026-01-04T17:15:00,Mayo_Hospital,222.43,0.0,13,0
2026-01-04T17:20:00,Lata_Mangeshkar_Hospital,222.22,0.0,17,0
2026-01-04T17:25:00,Lata_Mangeshkar_Hospital,222.93,0.04,14,0
2026-01-04T17:30:00,AIIMS_Nagpur,223.59,0.0,10,0
2026-01-04T17:35:00,Wockhardt_Hospital,222.49,0.0,10,0
2026-01-04T17:40:00,AIIMS_Nagpur,225.36,0.0,10,0
2026-01-04T17:45:00,Lata_Mangeshkar_Hospital,225.09,0.01,17,0
2026-01-04T17:50:00,Mayo_Hospital,223.4,0.0,10,0
2026-01-04T17:55:00,Mayo_Hospital,224.94,0.0,22,0
2026-01-04T18:00:00,GMC_Nagpur,225.72,0.0,10,0
2026-01-04T18:05:00,Wockhardt_Hospital,226.39,0.0,14,0
2026-01-04T18:10:00,AIIMS_Nagpur,223.45,0.0,11,0
2026-01-04T18:15:00,Wockhardt_Hospital,225.02,0.0,16,0
2026-01-04T18:20:00,Lata_Mangeshkar_Hospital,223.02,0.0,15,0
2026-01-04T18:25:00,AIIMS_Nagpur,223.97,0.0,22,0
2026-01-04T18:30:00,Mayo_Hospital,224.99,0.0,18,0
2026-01-04T18:35:00,GMC_Nagpur,226.6,0.0,24,0
2026-01-04T18:40:00,Lata_Mangeshkar_Hospital,223.68,0.0,28,0
2026-01-04T18:45:00,Lata_Mangeshkar_Hospital,223.65,0.0,30,0
2026-01-04T18:50:00,Lata_Mangeshkar_Hospital,224.38,0.0,30,0
2026-01-04T18:55:00,Wockhardt_Hospital,222.83,0.0,23,0
2026-01-04T19:00:00,Lata_Mangeshkar_Hospital,224.0,0.0,28,0
2026-01-04T19:05:00,GMC_Nagpur,223.43,0.0,39,0
2026-01-04T19:10:00,Lata_Mangeshkar_Hospital,223.04,0.0,26,0
2026-01-04T19:15:00,AIIMS_Nagpur,221.17,0.0,38,0
2026-01-04T19:20:00,Lata_Mangeshkar_Hospital,219.96,0.0,41,0
2026-01-04T19:25:00,AIIMS_Nagpur,223.12,0.0,42,0
2026-01-04T19:30:00,AIIMS_Nagpur,220.09,0.0,33,0
2026-01-04T19:35:00,Lata_Mangeshkar_Hospital,219.97,0.0,45,0
2026-01-04T19:40:00,AIIMS_Nagpur,218.33,0.0,44,0
2026-01-04T19:45:00,AIIMS_Nagpur,217.8,0.0,43,0
2026-01-04T19:50:00,Lata_Mangeshkar_Hospital,217.46,0.0,36,0
2026-01-04T19:55:00,Mayo_Hospital,219.44,0.0,45,0
2026-01-04T20:00:00,Lata_Mangeshkar_Hospital,219.85,0.0,47,0
2026-01-04T20:05:00,AIIMS_Nagpur,217.08,0.0,39,0
2026-01-04T20:10:00,GMC_Nagpur,216.04,0.0,47,0
2026-01-04T20:15:00,AIIMS_Nagpur,215.25,0.0,46,0
2026-01-04T20:20:00,AIIMS_Nagpur,215.58,0.0,56,0
2026-01-04T20:25:00,Wockhardt_Hospital,216.07,0.0,59,0
2026-01-04T20:30:00,GMC_Nagpur,214.49,0.0,59,0
2026-01-04T20:35:00,AIIMS_Nagpur,215.83,0.0,58,0
2026-01-04T20:40:00,GMC_Nagpur,216.92,0.0,57,0
2026-01-04T20:45:00,GMC_Nagpur,215.5,0.0,61,0
2026-01-04T20:50:00,Lata_Mangeshkar_Hospital,214.82,0.0,54,0
2026-01-04T20:55:00,Lata_Mangeshkar_Hospital,214.26,0.0,68,0
2026-01-04T21:00:00,GMC_Nagpur,215.52,0.0,59,0
2026-01-04T21:05:00,Mayo_Hospital,216.49,0.0,69,0
2026-01-04T21:10:00,AIIMS_Nagpur,215.04,0.0,69,0
2026-01-04T21:15:00,AIIMS_Nagpur,216.12,0.0,71,0
2026-01-04T21:20:00,AIIMS_Nagpur,217.44,0.0,61,0
2026-01-04T21:25:00,GMC_Nagpur,217.14,0.0,56,0
2026-01-04T21:30:00,Mayo_Hospital,214.39,0.0,61,0
2026-01-04T21:35:00,Wockhardt_Hospital,218.08,0.0,62,0
2026-01-04T21:40:00,Wockhardt_Hospital,217.32,0.0,76,0
2026-01-04T21:45:00,Mayo_Hospital,217.3,0.0,61,0
2026-01-04T21:50:00,Wockhardt_Hospital,219.07,0.0,64,0
2026-01-04T21:55:00,Wockhardt_Hospital,217.47,0.0,78,0
2026-01-04T22:00:00,AIIMS_Nagpur,217.03,0.03,63,0
2026-01-04T22:05:00,Mayo_Hospital,217.64,0.05,68,0
2026-01-04T22:10:00,Wockhardt_Hospital,218.37,0.07,60,0
2026-01-04T22:15:00,GMC_Nagpur,218.4,0.06,71,0
2026-01-04T22:20:00,AIIMS_Nagpur,219.15,0.07,62,0
2026-01-04T22:25:00,AIIMS_Nagpur,221.95,0.05,77,0
2026-01-04T22:30:00,AIIMS_Nagpur,222.35,0.07,77,0
2026-01-04T22:35:00,AIIMS_Nagpur,220.34,0.08,62,0
2026-01-04T22:40:00,Wockhardt_Hospital,221.31,0.15,78,0
2026-01-04T22:45:00,Mayo_Hospital,223.1,0.09,63,0
2026-01-04T22:50:00,GMC_Nagpur,223.45,0.07,58,0
2026-01-04T22:55:00,Mayo_Hospital,224.5,0.16,61,0
2026-01-04T23:00:00,AIIMS_Nagpur,222.83,0.17,68,0
2026-01-04T23:05:00,Lata_Mangeshkar_Hospital,225.27,0.11,75,0
2026-01-04T23:10:00,AIIMS_Nagpur,224.16,0.2,65,0
2026-01-04T23:15:00,AIIMS_Nagpur,224.67,0.15,58,0
2026-01-04T23:20:00,Wockhardt_Hospital,223.47,0.22,55,0
2026-01-04T23:25:00,Lata_Mangeshkar_Hospital,225.3,0.21,68,0
2026-01-04T23:30:00,Mayo_Hospital,226.78,0.23,59,0
2026-01-04T23:35:00,Wockhardt_Hospital,226.34,0.15,51,0
2026-01-04T23:40:00,Lata_Mangeshkar_Hospital,226.37,0.23,65,0
2026-01-04T23:45:00,AIIMS_Nagpur,224.12,0.19,66,0
2026-01-04T23:50:00,Lata_Mangeshkar_Hospital,223.67,0.24,61,0
2026-01-04T23:55:00,AIIMS_Nagpur,222.63,0.27,59,0
2026-01-05T00:00:00,GMC_Nagpur,223.6,0.23,45,0
2026-01-05T00:05:00,Lata_Mangeshkar_Hospital,222.25,0.22,60,0
2026-01-05T00:10:00,AIIMS_Nagpur,224.88,0.28,52,0
2026-01-05T00:15:00,GMC_Nagpur,221.91,0.24,47,0
2026-01-05T00:20:00,Mayo_Hospital,221.86,0.19,40,0
2026-01-05T00:25:00,Mayo_Hospital,221.99,0.2,53,0
2026-01-05T00:30:00,Lata_Mangeshkar_Hospital,220.71,0.21,37,0
2026-01-05T00:35:00,Wockhardt_Hospital,223.61,0.29,47,0
2026-01-05T00:40:00,Wockhardt_Hospital,222.87,0.24,45,0
2026-01-05T00:45:00,Mayo_Hospital,219.22,0.26,41,0
2026-01-05T00:50:00,Mayo_Hospital,218.41,0.27,43,0
2026-01-05T00:55:00,GMC_Nagpur,220.69,0.23,39,0
2026-01-05T01:00:00,AIIMS_Nagpur,219.24,0.27,42,0
2026-01-05T01:05:00,Wockhardt_Hospital,218.64,0.21,30,0
2026-01-05T01:10:00,Lata_Mangeshkar_Hospital,216.92,0.26,30,0
2026-01-05T01:15:00,AIIMS_Nagpur,219.08,0.27,23,0
2026-01-05T01:20:00,Mayo_Hospital,215.73,0.28,22,0
2026-01-05T01:25:00,GMC_Nagpur,218.01,0.22,33,0
2026-01-05T01:30:00,Wockhardt_Hospital,217.45,0.2,27,0
2026-01-05T01:35:00,GMC_Nagpur,217.15,0.19,22,0
2026-01-05T01:40:00,Wockhardt_Hospital,217.4,0.22,27,0
2026-01-05T01:45:00,Mayo_Hospital,213.73,0.26,15,0
2026-01-05T01:50:00,GMC_Nagpur,214.61,0.22,17,0
2026-01-05T01:55:00,AIIMS_Nagpur,213.48,0.18,21,0
2026-01-05T02:00:00,Lata_Mangeshkar_Hospital,215.16,0.22,24,0
2026-01-05T02:05:00,Wockhardt_Hospital,217.01,0.24,27,0
2026-01-05T02:10:00,Mayo_Hospital,215.22,0.21,12,0
2026-01-05T02:15:00,GMC_Nagpur,213.2,0.2,25,0
2026-01-05T02:20:00,GMC_Nagpur,215.75,0.16,18,0
2026-01-05T02:25:00,Mayo_Hospital,213.88,0.19,22,0
2026-01-05T02:30:00,Lata_Mangeshkar_Hospital,215.38,0.16,19,0
2026-01-05T02:35:00,GMC_Nagpur,216.51,0.14,10,0
2026-01-05T02:40:00,Mayo_Hospital,216.85,0.1,20,0
2026-01-05T02:45:00,AIIMS_Nagpur,216.8,0.1,10,0
2026-01-05T02:50:00,Mayo_Hospital,215.46,0.1,21,0
2026-01-05T02:55:00,Mayo_Hospital,215.38,0.15,10,0
2026-01-05T03:00:00,AIIMS_Nagpur,217.73,0.13,10,0
2026-01-05T03:05:00,Wockhardt_Hospital,216.14,0.11,12,0
2026-01-05T03:10:00,Lata_Mangeshkar_Hospital,217.35,0.05,10,0
2026-01-05T03:15:00,Lata_Mangeshkar_Hospital,218.34,0.08,10,0
2026-01-05T03:20:00,Lata_Mangeshkar_Hospital,219.97,0.08,10,0
2026-01-05T03:25:00,Lata_Mangeshkar_Hospital,197.1,0.94,10,1
2026-01-05T03:30:00,GMC_Nagpur,220.54,0.03,10,0
2026-01-05T03:35:00,Mayo_Hospital,222.43,0.06,10,0
2026-01-05T03:40:00,Mayo_Hospital,222.68,0.03,17,0
2026-01-05T03:45:00,Wockhardt_Hospital,223.51,0.0,10,0
2026-01-05T03:50:00,Mayo_Hospital,222.62,0.01,20,0
2026-01-05T03:55:00,Wockhardt_Hospital,223.43,0.0,20,0
2026-01-05T04:00:00,Mayo_Hospital,224.22,0.04,19,0
2026-01-05T04:05:00,Mayo_Hospital,221.95,0.0,10,0
2026-01-05T04:10:00,GMC_Nagpur,225.6,0.0,10,0
2026-01-05T04:15:00,AIIMS_Nagpur,224.27,0.0,14,0
2026-01-05T04:20:00,Wockhardt_Hospital,225.17,0.0,10,0
2026-01-05T04:25:00,Lata_Mangeshkar_Hospital,225.28,0.0,10,0
2026-01-05T04:30:00,Mayo_Hospital,223.73,0.0,23,0
2026-01-05T04:35:00,Lata_Mangeshkar_Hospital,226.25,0.0,10,0
2026-01-05T04:40:00,Lata_Mangeshkar_Hospital,225.05,0.0,10,0
2026-01-05T04:45:00,Lata_Mangeshkar_Hospital,225.35,0.0,14,0
2026-01-05T04:50:00,Lata_Mangeshkar_Hospital,225.78,0.0,11,0
2026-01-05T04:55:00,Mayo_Hospital,226.01,0.0,19,0
2026-01-05T05:00:00,Lata_Mangeshkar_Hospital,225.15,0.0,14,0
2026-01-05T05:05:00,Lata_Mangeshkar_Hospital,226.4,0.0,24,0
2026-01-05T05:10:00,GMC_Nagpur,224.11,0.0,19,0
2026-01-05T05:15:00,Lata_Mangeshkar_Hospital,223.94,0.0,15,0
2026-01-05T05:20:00,AIIMS_Nagpur,223.79,0.0,31,0
2026-01-05T05:25:00,AIIMS_Nagpur,223.1,0.0,27,0
2026-01-05T05:30:00,GMC_Nagpur,221.63,0.0,36,0
2026-01-05T05:35:00,Wockhardt_Hospital,224.5,0.0,21,0
2026-01-05T05:40:00,AIIMS_Nagpur,222.46,0.0,36,0
2026-01-05T05:45:00,Wockhardt_Hospital,220.73,0.0,34,0
2026-01-05T05:50:00,Mayo_Hospital,221.73,0.0,45,0
2026-01-05T05:55:00,Lata_Mangeshkar_Hospital,220.68,0.0,28,0
2026-01-05T06:00:00,Mayo_Hospital,219.05,0.0,35,0
2026-01-05T06:05:00,Mayo_Hospital,222.07,0.0,30,0
2026-01-05T06:10:00,AIIMS_Nagpur,218.5,0.0,34,0
2026-01-05T06:15:00,Mayo_Hospital,219.69,0.0,39,0
2026-01-05T06:20:00,GMC_Nagpur,218.28,0.0,44,0
2026-01-05T06:25:00,Lata_Mangeshkar_Hospital,175.79,0.83,45,1
2026-01-05T06:30:00,Mayo_Hospital,216.49,0.0,56,0
2026-01-05T06:35:00,GMC_Nagpur,217.74,0.0,49,0
2026-01-05T06:40:00,Mayo_Hospital,216.28,0.0,58,0
2026-01-05T06:45:00,Wockhardt_Hospital,215.92,0.0,51,0
2026-01-05T06:50:00,Wockhardt_Hospital,216.72,0.0,55,0
2026-01-05T06:55:00,Wockhardt_Hospital,217.85,0.0,61,0
2026-01-05T07:00:00,GMC_Nagpur,216.62,0.0,64,0
2026-01-05T07:05:00,Mayo_Hospital,214.55,0.0,62,0
2026-01-05T07:10:00,Mayo_Hospital,214.2,0.0,60,0
2026-01-05T07:15:00,GMC_Nagpur,214.19,0.0,65,0
2026-01-05T07:20:00,Mayo_Hospital,216.7,0.0,53,0
2026-01-05T07:25:00,Wockhardt_Hospital,215.31,0.0,64,0
2026-01-05T07:30:00,Wockhardt_Hospital,215.78,0.0,67,0
2026-01-05T07:35:00,Wockhardt_Hospital,213.32,0.0,58,0
2026-01-05T07:40:00,Mayo_Hospital,216.69,0.0,58,0
2026-01-05T07:45:00,Mayo_Hospital,215.51,0.0,62,0
2026-01-05T07:50:00,AIIMS_Nagpur,213.98,0.0,57,0
2026-01-05T07:55:00,GMC_Nagpur,215.27,0.0,58,0
2026-01-05T08:00:00,GMC_Nagpur,216.64,0.0,71,0
2026-01-05T08:05:00,Lata_Mangeshkar_Hospital,215.31,0.0,76,0
2026-01-05T08:10:00,GMC_Nagpur,216.37,0.03,76,0
2026-01-05T08:15:00,Wockhardt_Hospital,217.28,0.03,59,0
2026-01-05T08:20:00,Lata_Mangeshkar_Hospital,216.24,0.0,68,0
2026-01-05T08:25:00,Wockhardt_Hospital,217.34,0.04,61,0
2026-01-05T08:30:00,Mayo_Hospital,218.3,0.05,68,0
2026-01-05T08:35:00,Wockhardt_Hospital,217.92,0.08,77,0
2026-01-05T08:40:00,Wockhardt_Hospital,220.31,0.02,77,0
2026-01-05T08:45:00,Lata_Mangeshkar_Hospital,219.09,0.03,75,0
2026-01-05T08:50:00,Mayo_Hospital,219.89,0.07,77,0
2026-01-05T08:55:00,AIIMS_Nagpur,219.26,0.11,62,0
2026-01-05T09:00:00,Mayo_Hospital,221.06,0.05,72,0
2026-01-05T09:05:00,Wockhardt_Hospital,223.59,0.14,71,0
2026-01-05T09:10:00,GMC_Nagpur,221.7,0.13,68,0
2026-01-05T09:15:00,Wockhardt_Hospital,223.88,0.11,66,0
2026-01-05T09:20:00,Wockhardt_Hospital,197.05,0.82,65,1
2026-01-05T09:25:00,GMC_Nagpur,222.9,0.16,66,0
2026-01-05T09:30:00,Wockhardt_Hospital,222.25,0.18,60,0
2026-01-05T09:35:00,Lata_Mangeshkar_Hospital,223.18,0.14,68,0
2026-01-05T09:40:00,Wockhardt_Hospital,225.34,0.18,57,0
2026-01-05T09:45:00,Lata_Mangeshkar_Hospital,226.65,0.13,72,0
2026-01-05T09:50:00,GMC_Nagpur,223.67,0.16,58,0
2026-01-05T09:55:00,Mayo_Hospital,223.34,0.14,69,0
2026-01-05T10:00:00,Wockhardt_Hospital,225.27,0.14,56,0
2026-01-05T10:05:00,GMC_Nagpur,178.25,0.85,65,1
2026-01-05T10:10:00,GMC_Nagpur,223.82,0.22,61,0
2026-01-05T10:15:00,AIIMS_Nagpur,224.09,0.18,66,0
2026-01-05T10:20:00,GMC_Nagpur,222.97,0.2,48,0
2026-01-05T10:25:00,GMC_Nagpur,222.61,0.26,56,0
2026-01-05T10:30:00,AIIMS_Nagpur,223.76,0.19,63,0
2026-01-05T10:35:00,AIIMS_Nagpur,223.53,0.18,50,0
2026-01-05T10:40:00,GMC_Nagpur,223.23,0.26,58,0
2026-01-05T10:45:00,GMC_Nagpur,222.03,0.28,48,0
2026-01-05T10:50:00,Wockhardt_Hospital,224.25,0.25,44,0
2026-01-05T10:55:00,Lata_Mangeshkar_Hospital,222.66,0.22,52,0
2026-01-05T11:00:00,Mayo_Hospital,223.21,0.28,39,0
2026-01-05T11:05:00,GMC_Nagpur,222.29,0.25,35,0
2026-01-05T11:10:00,GMC_Nagpur,222.08,0.27,33,0
2026-01-05T11:15:00,Wockhardt_Hospital,221.78,0.3,50,0
2026-01-05T11:20:00,Wockhardt_Hospital,222.02,0.24,44,0
2026-01-05T11:25:00,Mayo_Hospital,219.57,0.26,35,0
2026-01-05T11:30:00,Lata_Mangeshkar_Hospital,219.67,0.29,30,0
2026-01-05T11:35:00,Lata_Mangeshkar_Hospital,217.92,0.3,28,0
2026-01-05T11:40:00,Lata_Mangeshkar_Hospital,218.17,0.27,25,0
2026-01-05T11:45:00,Wockhardt_Hospital,215.96,0.28,29,0
2026-01-05T11:50:00,Mayo_Hospital,218.18,0.29,22,0
2026-01-05T11:55:00,Wockhardt_Hospital,216.57,0.24,38,0
2026-01-05T12:00:00,Mayo_Hospital,217.88,0.23,20,0
2026-01-05T12:05:00,Mayo_Hospital,217.68,0.23,27,0
2026-01-05T12:10:00,AIIMS_Nagpur,215.97,0.22,16,0
2026-01-05T12:15:00,Wockhardt_Hospital,214.78,0.2,24,0
2026-01-05T12:20:00,AIIMS_Nagpur,216.1,0.21,25,0
2026-01-05T12:25:00,Lata_Mangeshkar_Hospital,213.25,0.24,26,0
2026-01-05T12:30:00,GMC_Nagpur,167.08,0.91,29,1
2026-01-05T12:35:00,GMC_Nagpur,213.25,0.18,12,0
2026-01-05T12:40:00,Lata_Mangeshkar_Hospital,216.64,0.23,13,0
2026-01-05T12:45:00,AIIMS_Nagpur,215.67,0.22,16,0
2026-01-05T12:50:00,GMC_Nagpur,214.59,0.22,12,0
2026-01-05T12:55:00,Lata_Mangeshkar_Hospital,215.5,0.18,10,0
2026-01-05T13:00:00,Wockhardt_Hospital,216.13,0.13,10,0
2026-01-05T13:05:00,GMC_Nagpur,214.53,0.18,11,0
2026-01-05T13:10:00,Lata_Mangeshkar_Hospital,216.67,0.15,12,0
2026-01-05T13:15:00,AIIMS_Nagpur,216.38,0.17,15,0
2026-01-05T13:20:00,Mayo_Hospital,216.01,0.08,10,0
2026-01-05T13:25:00,GMC_Nagpur,218.17,0.08,12,0
2026-01-05T13:30:00,Mayo_Hospital,215.7,0.1,10,0
2026-01-05T13:35:00,GMC_Nagpur,218.1,0.14,10,0
2026-01-05T13:40:00,Mayo_Hospital,216.45,0.04,11,0
2026-01-05T13:45:00,Wockhardt_Hospital,217.11,0.1,10,0
2026-01-05T13:50:00,AIIMS_Nagpur,217.86,0.09,18,0
2026-01-05T13:55:00,GMC_Nagpur,220.23,0.05,17,0
2026-01-05T14:00:00,AIIMS_Nagpur,218.69,0.07,11,0
2026-01-05T14:05:00,Wockhardt_Hospital,221.69,0.06,12,0
2026-01-05T14:10:00,Wockhardt_Hospital,222.52,0.0,15,0
2026-01-05T14:15:00,Lata_Mangeshkar_Hospital,221.99,0.0,10,0
2026-01-05T14:20:00,AIIMS_Nagpur,222.75,0.0,20,0
2026-01-05T14:25:00,Wockhardt_Hospital,222.09,0.0,15,0
2026-01-05T14:30:00,Lata_Mangeshkar_Hospital,224.75,0.03,11,0
2026-01-05T14:35:00,AIIMS_Nagpur,224.06,0.01,10,0
2026-01-05T14:40:00,GMC_Nagpur,222.42,0.0,10,0
2026-01-05T14:45:00,Lata_Mangeshkar_Hospital,225.32,0.0,10,0
2026-01-05T14:50:00,GMC_Nagpur,224.38,0.0,10,0
2026-01-05T14:55:00,GMC_Nagpur,224.35,0.0,10,0
2026-01-05T15:00:00,Mayo_Hospital,223.68,0.0,10,0
2026-01-05T15:05:00,GMC_Nagpur,223.93,0.0,16,0
2026-01-05T15:10:00,Mayo_Hospital,225.96,0.0,26,0
2026-01-05T15:15:00,Mayo_Hospital,224.16,0.0,11,0
2026-01-05T15:20:00,AIIMS_Nagpur,225.38,0.0,22,0
2026-01-05T15:25:00,GMC_Nagpur,223.9,0.0,16,0
2026-01-05T15:30:00,Mayo_Hospital,196.37,0.61,19,1
2026-01-05T15:35:00,AIIMS_Nagpur,224.86,0.0,14,0
2026-01-05T15:40:00,Mayo_Hospital,222.48,0.0,15,0
2026-01-05T15:45:00,AIIMS_Nagpur,225.15,0.0,32,0
2026-01-05T15:50:00,Lata_Mangeshkar_Hospital,225.06,0.0,36,0
2026-01-05T15:55:00,Lata_Mangeshkar_Hospital,222.23,0.0,36,0
2026-01-05T16:00:00,GMC_Nagpur,223.93,0.0,34,0
2026-01-05T16:05:00,GMC_Nagpur,223.51,0.0,29,0
2026-01-05T16:10:00,Wockhardt_Hospital,220.61,0.0,38,0
2026-01-05T16:15:00,Wockhardt_Hospital,220.65,0.0,28,0
2026-01-05T16:20:00,AIIMS_Nagpur,220.05,0.0,35,0
2026-01-05T16:25:00,GMC_Nagpur,219.48,0.0,34,0
2026-01-05T16:30:00,AIIMS_Nagpur,219.08,0.0,32,0
2026-01-05T16:35:00,Lata_Mangeshkar_Hospital,220.17,0.0,39,0
2026-01-05T16:40:00,Mayo_Hospital,219.3,0.0,35,0
2026-01-05T16:45:00,Mayo_Hospital,218.54,0.0,37,0
2026-01-05T16:50:00,AIIMS_Nagpur,219.08,0.0,36,0
2026-01-05T16:55:00,AIIMS_Nagpur,217.93,0.0,43,0
2026-01-05T17:00:00,AIIMS_Nagpur,216.32,0.0,55,0
2026-01-05T17:05:00,Lata_Mangeshkar_Hospital,216.93,0.0,39,0
2026-01-05T17:10:00,Wockhardt_Hospital,216.48,0.0,47,0
2026-01-05T17:15:00,Lata_Mangeshkar_Hospital,217.52,0.0,49,0
2026-01-05T17:20:00,Mayo_Hospital,214.94,0.0,50,0
2026-01-05T17:25:00,Wockhardt_Hospital,214.74,0.0,48,0
2026-01-05T17:30:00,Lata_Mangeshkar_Hospital,216.16,0.0,54,0
2026-01-05T17:35:00,AIIMS_Nagpur,216.46,0.0,63,0
2026-01-05T17:40:00,Wockhardt_Hospital,213.3,0.0,64,0
2026-01-05T17:45:00,Wockhardt_Hospital,216.82,0.0,52,0
2026-01-05T17:50:00,Mayo_Hospital,215.81,0.0,65,0
2026-01-05T17:55:00,Wockhardt_Hospital,216.11,0.0,58,0
2026-01-05T18:00:00,Mayo_Hospital,214.48,0.0,63,0
2026-01-05T18:05:00,Wockhardt_Hospital,213.93,0.0,58,0
2026-01-05T18:10:00,Wockhardt_Hospital,215.62,0.0,55,0
2026-01-05T18:15:00,Lata_Mangeshkar_Hospital,213.72,0.0,65,0
2026-01-05T18:20:00,Lata_Mangeshkar_Hospital,215.94,0.0,56,0
2026-01-05T18:25:00,Lata_Mangeshkar_Hospital,217.33,0.0,59,0
2026-01-05T18:30:00,Mayo_Hospital,216.28,0.0,58,0
2026-01-05T18:35:00,Mayo_Hospital,214.72,0.01,76,0
2026-01-05T18:40:00,Wockhardt_Hospital,215.39,0.0,76,0
2026-01-05T18:45:00,GMC_Nagpur,217.44,0.0,74,0
2026-01-05T18:50:00,GMC_Nagpur,218.37,0.04,60,0
2026-01-05T18:55:00,Wockhardt_Hospital,219.25,0.06,71,0
2026-01-05T19:00:00,Mayo_Hospital,220.86,0.0,73,0
2026-01-05T19:05:00,Mayo_Hospital,220.37,0.0,71,0
2026-01-05T19:10:00,AIIMS_Nagpur,220.88,0.0,64,0
2026-01-05T19:15:00,Mayo_Hospital,221.75,0.07,63,0
2026-01-05T19:20:00,Lata_Mangeshkar_Hospital,221.53,0.06,65,0
2026-01-05T19:25:00,Lata_Mangeshkar_Hospital,220.1,0.03,66,0
2026-01-05T19:30:00,GMC_Nagpur,220.94,0.1,68,0
2026-01-05T19:35:00,GMC_Nagpur,220.4,0.11,65,0
2026-01-05T19:40:00,GMC_Nagpur,222.34,0.12,65,0
2026-01-05T19:45:00,AIIMS_Nagpur,222.5,0.07,68,0
2026-01-05T19:50:00,GMC_Nagpur,223.25,0.12,72,0
2026-01-05T19:55:00,Lata_Mangeshkar_Hospital,225.72,0.11,67,0
2026-01-05T20:00:00,GMC_Nagpur,224.43,0.14,66,0
2026-01-05T20:05:00,Lata_Mangeshkar_Hospital,224.14,0.14,57,0
2026-01-05T20:10:00,Lata_Mangeshkar_Hospital,222.95,0.16,73,0
2026-01-05T20:15:00,GMC_Nagpur,223.8,0.15,61,0
2026-01-05T20:20:00,Wockhardt_Hospital,184.86,0.94,71,1
2026-01-05T20:25:00,Wockhardt_Hospital,223.16,0.2,56,0
2026-01-05T20:30:00,Lata_Mangeshkar_Hospital,226.26,0.14,52,0
2026-01-05T20:35:00,Mayo_Hospital,223.69,0.19,63,0
2026-01-05T20:40:00,Wockhardt_Hospital,224.58,0.21,58,0
2026-01-05T20:45:00,AIIMS_Nagpur,224.51,0.19,62,0
2026-01-05T20:50:00,Mayo_Hospital,224.18,0.24,56,0
2026-01-05T20:55:00,Wockhardt_Hospital,224.08,0.2,59,0
2026-01-05T21:00:00,AIIMS_Nagpur,225.38,0.22,52,0
2026-01-05T21:05:00,Wockhardt_Hospital,223.07,0.2,61,0
2026-01-05T21:10:00,Wockhardt_Hospital,223.96,0.22,44,0
2026-01-05T21:15:00,Mayo_Hospital,222.67,0.23,57,0
2026-01-05T21:20:00,AIIMS_Nagpur,221.15,0.28,52,0
2026-01-05T21:25:00,GMC_Nagpur,222.24,0.29,37,0
2026-01-05T21:30:00,Wockhardt_Hospital,220.77,0.23,51,0
2026-01-05T21:35:00,GMC_Nagpur,222.36,0.23,40,0
2026-01-05T21:40:00,Lata_Mangeshkar_Hospital,220.62,0.29,46,0
2026-01-05T21:45:00,Wockhardt_Hospital,219.97,0.28,43,0
2026-01-05T21:50:00,Mayo_Hospital,217.89,0.25,44,0
2026-01-05T21:55:00,Lata_Mangeshkar_Hospital,220.31,0.25,37,0
2026-01-05T22:00:00,GMC_Nagpur,220.65,0.29,42,0
2026-01-05T22:05:00,AIIMS_Nagpur,218.65,0.2,45,0
2026-01-05T22:10:00,AIIMS_Nagpur,218.61,0.27,23,0
2026-01-05T22:15:00,AIIMS_Nagpur,215.87,0.22,24,0
2026-01-05T22:20:00,Mayo_Hospital,217.41,0.24,27,0
2026-01-05T22:25:00,Wockhardt_Hospital,215.22,0.19,20,0
2026-01-05T22:30:00,Lata_Mangeshkar_Hospital,214.46,0.22,29,0
2026-01-05T22:35:00,Lata_Mangeshkar_Hospital,215.49,0.21,32,0
2026-01-05T22:40:00,AIIMS_Nagpur,213.96,0.25,20,0
2026-01-05T22:45:00,Wockhardt_Hospital,213.7,0.23,18,0
2026-01-05T22:50:00,Lata_Mangeshkar_Hospital,214.81,0.21,14,0
2026-01-05T22:55:00,AIIMS_Nagpur,216.5,0.25,20,0
2026-01-05T23:00:00,Wockhardt_Hospital,213.29,0.22,13,0
2026-01-05T23:05:00,Wockhardt_Hospital,215.98,0.16,27,0
2026-01-05T23:10:00,Lata_Mangeshkar_Hospital,214.32,0.18,26,0
2026-01-05T23:15:00,AIIMS_Nagpur,215.46,0.13,14,0
2026-01-05T23:20:00,Lata_Mangeshkar_Hospital,213.77,0.21,25,0
2026-01-05T23:25:00,Lata_Mangeshkar_Hospital,216.35,0.16,16,0
2026-01-05T23:30:00,Lata_Mangeshkar_Hospital,214.13,0.11,11,0
2026-01-05T23:35:00,Lata_Mangeshkar_Hospital,216.99,0.1,13,0
2026-01-05T23:40:00,AIIMS_Nagpur,217.82,0.18,17,0
2026-01-05T23:45:00,GMC_Nagpur,214.84,0.15,21,0
2026-01-05T23:50:00,GMC_Nagpur,216.81,0.09,14,0
2026-01-05T23:55:00,Mayo_Hospital,218.98,0.13,10,0
2026-01-06T00:00:00,Lata_Mangeshkar_Hospital,216.99,0.09,10,0
2026-01-06T00:05:00,AIIMS_Nagpur,218.38,0.09,10,0
2026-01-06T00:10:00,Lata_Mangeshkar_Hospital,218.55,0.08,12,0
2026-01-06T00:15:00,AIIMS_Nagpur,219.05,0.1,10,0
2026-01-06T00:20:00,Lata_Mangeshkar_Hospital,219.25,0.03,10,0
2026-01-06T00:25:00,GMC_Nagpur,221.44,0.08,17,0
2026-01-06T00:30:00,Wockhardt_Hospital,221.81,0.05,16,0
2026-01-06T00:35:00,Lata_Mangeshkar_Hospital,219.46,0.04,12,0
2026-01-06T00:40:00,Wockhardt_Hospital,223.11,0.04,10,0
2026-01-06T00:45:00,AIIMS_Nagpur,222.65,0.02,17,0
2026-01-06T00:50:00,GMC_Nagpur,224.07,0.01,10,0
2026-01-06T00:55:00,GMC_Nagpur,223.11,0.0,12,0
2026-01-06T01:00:00,Mayo_Hospital,221.43,0.01,10,0
2026-01-06T01:05:00,GMC_Nagpur,223.87,0.02,10,0
2026-01-06T01:10:00,Lata_Mangeshkar_Hospital,222.42,0.0,19,0
2026-01-06T01:15:00,Lata_Mangeshkar_Hospital,224.29,0.0,13,0
2026-01-06T01:20:00,Wockhardt_Hospital,226.26,0.0,19,0
2026-01-06T01:25:00,AIIMS_Nagpur,226.04,0.0,18,0
2026-01-06T01:30:00,Lata_Mangeshkar_Hospital,225.26,0.0,23,0
2026-01-06T01:35:00,GMC_Nagpur,226.76,0.0,15,0
2026-01-06T01:40:00,Wockhardt_Hospital,223.13,0.0,17,0
2026-01-06T01:45:00,AIIMS_Nagpur,226.25,0.0,26,0
2026-01-06T01:50:00,Lata_Mangeshkar_Hospital,224.13,0.0,13,0
2026-01-06T01:55:00,Wockhardt_Hospital,225.13,0.0,13,0
2026-01-06T02:00:00,GMC_Nagpur,222.93,0.0,29,0
2026-01-06T02:05:00,Wockhardt_Hospital,222.68,0.0,19,0
2026-01-06T02:10:00,Lata_Mangeshkar_Hospital,226.3,0.0,22,0
2026-01-06T02:15:00,GMC_Nagpur,224.1,0.0,31,0
2026-01-06T02:20:00,Wockhardt_Hospital,225.54,0.0,26,0
2026-01-06T02:25:00,Lata_Mangeshkar_Hospital,222.66,0.0,32,0
2026-01-06T02:30:00,Mayo_Hospital,224.14,0.0,21,0
2026-01-06T02:35:00,Wockhardt_Hospital,223.74,0.0,35,0
2026-01-06T02:40:00,Lata_Mangeshkar_Hospital,220.61,0.0,24,0
2026-01-06T02:45:00,Lata_Mangeshkar_Hospital,223.06,0.0,29,0
2026-01-06T02:50:00,Lata_Mangeshkar_Hospital,222.92,0.0,41,0
2026-01-06T02:55:00,GMC_Nagpur,220.87,0.0,41,0
2026-01-06T03:00:00,Lata_Mangeshkar_Hospital,220.53,0.0,40,0
2026-01-06T03:05:00,AIIMS_Nagpur,217.99,0.0,37,0
2026-01-06T03:10:00,GMC_Nagpur,217.95,0.0,47,0
2026-01-06T03:15:00,Wockhardt_Hospital,219.91,0.0,46,0
2026-01-06T03:20:00,Wockhardt_Hospital,219.4,0.0,51,0
2026-01-06T03:25:00,Wockhardt_Hospital,217.96,0.0,39,0
2026-01-06T03:30:00,Wockhardt_Hospital,219.12,0.0,55,0
2026-01-06T03:35:00,Mayo_Hospital,215.99,0.0,45,0
2026-01-06T03:40:00,AIIMS_Nagpur,218.16,0.0,56,0
2026-01-06T03:45:00,Wockhardt_Hospital,217.11,0.0,56,0
2026-01-06T03:50:00,GMC_Nagpur,216.79,0.0,56,0
2026-01-06T03:55:00,Lata_Mangeshkar_Hospital,215.22,0.0,61,0
2026-01-06T04:00:00,Lata_Mangeshkar_Hospital,216.95,0.0,48,0
2026-01-06T04:05:00,Wockhardt_Hospital,213.39,0.0,60,0
2026-01-06T04:10:00,Wockhardt_Hospital,215.14,0.0,63,0
2026-01-06T04:15:00,AIIMS_Nagpur,213.24,0.0,53,0
2026-01-06T04:20:00,Wockhardt_Hospital,216.32,0.0,61,0
2026-01-06T04:25:00,Mayo_Hospital,213.5,0.0,59,0
2026-01-06T04:30:00,GMC_Nagpur,216.86,0.0,63,0
2026-01-06T04:35:00,GMC_Nagpur,215.13,0.0,72,0
2026-01-06T04:40:00,AIIMS_Nagpur,213.69,0.0,65,0
2026-01-06T04:45:00,Mayo_Hospital,216.75,0.0,57,0
2026-01-06T04:50:00,GMC_Nagpur,215.08,0.0,75,0
2026-01-06T04:55:00,GMC_Nagpur,216.93,0.0,65,0
2026-01-06T05:00:00,GMC_Nagpur,214.61,0.0,76,0
2026-01-06T05:05:00,Wockhardt_Hospital,218.31,0.0,61,0
2026-01-06T05:10:00,Mayo_Hospital,216.57,0.04,60,0
2026-01-06T05:15:00,Mayo_Hospital,216.29,0.0,61,0
2026-01-06T05:20:00,AIIMS_Nagpur,218.7,0.01,76,0
2026-01-06T05:25:00,Wockhardt_Hospital,217.15,0.06,73,0
2026-01-06T05:30:00,GMC_Nagpur,219.4,0.06,75,0
2026-01-06T05:35:00,AIIMS_Nagpur,219.7,0.02,64,0
2026-01-06T05:40:00,AIIMS_Nagpur,220.9,0.04,79,0
2026-01-06T05:45:00,GMC_Nagpur,220.21,0.07,69,0
2026-01-06T05:50:00,AIIMS_Nagpur,219.53,0.02,61,0
2026-01-06T05:55:00,GMC_Nagpur,222.37,0.12,67,0
2026-01-06T06:00:00,GMC_Nagpur,221.13,0.12,78,0
2026-01-06T06:05:00,Mayo_Hospital,221.24,0.14,76,0
2026-01-06T06:10:00,Mayo_Hospital,222.28,0.12,59,0
2026-01-06T06:15:00,AIIMS_Nagpur,224.28,0.08,70,0
2026-01-06T06:20:00,Lata_Mangeshkar_Hospital,225.51,0.16,57,0
2026-01-06T06:25:00,Wockhardt_Hospital,223.08,0.12,75,0
2026-01-06T06:30:00,GMC_Nagpur,222.79,0.18,63,0
2026-01-06T06:35:00,Wockhardt_Hospital,224.46,0.18,57,0
2026-01-06T06:40:00,Lata_Mangeshkar_Hospital,226.41,0.15,69,0
2026-01-06T06:45:00,GMC_Nagpur,225.96,0.14,64,0
2026-01-06T06:50:00,Lata_Mangeshkar_Hospital,178.37,0.76,65,1
2026-01-06T06:55:00,Lata_Mangeshkar_Hospital,223.87,0.22,61,0
2026-01-06T07:00:00,AIIMS_Nagpur,226.56,0.16,53,0
2026-01-06T07:05:00,AIIMS_Nagpur,226.88,0.25,60,0
2026-01-06T07:10:00,Lata_Mangeshkar_Hospital,223.11,0.16,59,0
2026-01-06T07:15:00,GMC_Nagpur,225.97,0.23,49,0
2026-01-06T07:20:00,Wockhardt_Hospital,225.46,0.18,55,0
2026-01-06T07:25:00,Wockhardt_Hospital,224.83,0.18,51,0
2026-01-06T07:30:00,Wockhardt_Hospital,225.54,0.18,61,0
2026-01-06T07:35:00,GMC_Nagpur,224.68,0.2,50,0
2026-01-06T07:40:00,Mayo_Hospital,221.43,0.27,58,0
2026-01-06T07:45:00,AIIMS_Nagpur,222.21,0.21,43,0
2026-01-06T07:50:00,Mayo_Hospital,224.31,0.28,40,0
2026-01-06T07:55:00,Wockhardt_Hospital,221.95,0.2,52,0
2026-01-06T08:00:00,AIIMS_Nagpur,221.41,0.25,48,0
2026-01-06T08:05:00,Mayo_Hospital,220.57,0.24,35,0
2026-01-06T08:10:00,Wockhardt_Hospital,222.3,0.29,45,0
2026-01-06T08:15:00,Lata_Mangeshkar_Hospital,221.02,0.26,45,0
2026-01-06T08:20:00,GMC_Nagpur,221.5,0.29,31,0
2026-01-06T08:25:00,AIIMS_Nagpur,217.91,0.24,36,0
2026-01-06T08:30:00,AIIMS_Nagpur,220.37,0.29,37,0
2026-01-06T08:35:00,GMC_Nagpur,218.4,0.2,25,0
2026-01-06T08:40:00,GMC_Nagpur,216.27,0.26,35,0
2026-01-06T08:45:00,AIIMS_Nagpur,215.7,0.29,23,0
2026-01-06T08:50:00,Mayo_Hospital,214.97,0.24,39,0
2026-01-06T08:55:00,AIIMS_Nagpur,215.98,0.26,34,0
2026-01-06T09:00:00,Mayo_Hospital,214.66,0.22,21,0
2026-01-06T09:05:00,Mayo_Hospital,216.18,0.21,19,0
2026-01-06T09:10:00,Mayo_Hospital,217.19,0.21,27,0
2026-01-06T09:15:00,Wockhardt_Hospital,214.86,0.27,24,0
2026-01-06T09:20:00,GMC_Nagpur,214.22,0.19,25,0
2026-01-06T09:25:00,Lata_Mangeshkar_Hospital,213.15,0.21,24,0
2026-01-06T09:30:00,AIIMS_Nagpur,215.41,0.18,11,0
2026-01-06T09:35:00,Lata_Mangeshkar_Hospital,214.95,0.21,28,0
2026-01-06T09:40:00,GMC_Nagpur,215.04,0.15,24,0
2026-01-06T09:45:00,Wockhardt_Hospital,214.74,0.16,11,0
2026-01-06T09:50:00,Lata_Mangeshkar_Hospital,215.36,0.2,12,0
2026-01-06T09:55:00,Wockhardt_Hospital,216.74,0.17,10,0
2026-01-06T10:00:00,GMC_Nagpur,213.94,0.14,17,0
2026-01-06T10:05:00,Lata_Mangeshkar_Hospital,216.33,0.11,10,0
2026-01-06T10:10:00,Mayo_Hospital,214.71,0.16,18,0
2026-01-06T10:15:00,Wockhardt_Hospital,217.99,0.12,10,0
2026-01-06T10:20:00,Wockhardt_Hospital,217.69,0.1,20,0
2026-01-06T10:25:00,Wockhardt_Hospital,217.19,0.12,10,0
2026-01-06T10:30:00,AIIMS_Nagpur,216.03,0.13,10,0
2026-01-06T10:35:00,Lata_Mangeshkar_Hospital,220.13,0.09,10,0
2026-01-06T10:40:00,Lata_Mangeshkar_Hospital,219.09,0.12,16,0
2026-01-06T10:45:00,Lata_Mangeshkar_Hospital,218.5,0.03,18,0
2026-01-06T10:50:00,Lata_Mangeshkar_Hospital,218.9,0.01,14,0
2026-01-06T10:55:00,Lata_Mangeshkar_Hospital,219.79,0.02,18,0
2026-01-06T11:00:00,Wockhardt_Hospital,220.69,0.0,17,0
2026-01-06T11:05:00,Wockhardt_Hospital,219.73,0.01,10,0
2026-01-06T11:10:00,Wockhardt_Hospital,221.67,0.04,10,0
2026-01-06T11:15:00,AIIMS_Nagpur,222.84,0.02,15,0
2026-01-06T11:20:00,Wockhardt_Hospital,220.6,0.0,10,0
2026-01-06T11:25:00,GMC_Nagpur,221.23,0.0,10,0
2026-01-06T11:30:00,AIIMS_Nagpur,224.09,0.0,20,0
2026-01-06T11:35:00,Mayo_Hospital,223.65,0.0,10,0
2026-01-06T11:40:00,AIIMS_Nagpur,224.04,0.0,13,0
2026-01-06T11:45:00,Lata_Mangeshkar_Hospital,225.0,0.0,22,0
2026-01-06T11:50:00,GMC_Nagpur,224.82,0.0,10,0
2026-01-06T11:55:00,Lata_Mangeshkar_Hospital,224.82,0.0,23,0
2026-01-06T12:00:00,Wockhardt_Hospital,226.84,0.0,13,0
2026-01-06T12:05:00,GMC_Nagpur,225.39,0.0,10,0
2026-01-06T12:10:00,Mayo_Hospital,185.37,0.66,24,1
2026-01-06T12:15:00,Lata_Mangeshkar_Hospital,226.51,0.0,11,0
2026-01-06T12:20:00,GMC_Nagpur,226.2,0.0,23,0
2026-01-06T12:25:00,Mayo_Hospital,226.24,0.0,21,0
2026-01-06T12:30:00,Wockhardt_Hospital,225.27,0.0,32,0
2026-01-06T12:35:00,GMC_Nagpur,223.21,0.0,26,0
2026-01-06T12:40:00,AIIMS_Nagpur,225.0,0.0,27,0
2026-01-06T12:45:00,GMC_Nagpur,224.52,0.0,35,0
2026-01-06T12:50:00,Lata_Mangeshkar_Hospital,221.89,0.0,22,0
2026-01-06T12:55:00,Lata_Mangeshkar_Hospital,223.84,0.0,31,0
2026-01-06T13:00:00,GMC_Nagpur,222.01,0.0,37,0
2026-01-06T13:05:00,GMC_Nagpur,223.4,0.0,23,0
2026-01-06T13:10:00,Mayo_Hospital,222.18,0.0,41,0
2026-01-06T13:15:00,AIIMS_Nagpur,222.17,0.0,41,0
2026-01-06T13:20:00,Mayo_Hospital,221.04,0.0,27,0
2026-01-06T13:25:00,Lata_Mangeshkar_Hospital,221.35,0.0,46,0
2026-01-06T13:30:00,Wockhardt_Hospital,219.41,0.0,38,0
2026-01-06T13:35:00,Wockhardt_Hospital,221.08,0.0,32,0
2026-01-06T13:40:00,Mayo_Hospital,220.6,0.0,49,0
2026-01-06T13:45:00,GMC_Nagpur,217.74,0.0,38,0
2026-01-06T13:50:00,GMC_Nagpur,219.24,0.0,42,0
2026-01-06T13:55:00,AIIMS_Nagpur,218.75,0.0,38,0
2026-01-06T14:00:00,Lata_Mangeshkar_Hospital,219.02,0.0,54,0
2026-01-06T14:05:00,Mayo_Hospital,215.12,0.0,42,0
2026-01-06T14:10:00,GMC_Nagpur,216.1,0.0,59,0
2026-01-06T14:15:00,AIIMS_Nagpur,216.81,0.0,58,0
2026-01-06T14:20:00,GMC_Nagpur,216.4,0.0,47,0
2026-01-06T14:25:00,Mayo_Hospital,216.34,0.0,54,0
2026-01-06T14:30:00,Wockhardt_Hospital,213.67,0.0,64,0
2026-01-06T14:35:00,Wockhardt_Hospital,216.4,0.0,67,0
2026-01-06T14:40:00,Wockhardt_Hospital,213.99,0.0,61,0
2026-01-06T14:45:00,Lata_Mangeshkar_Hospital,214.77,0.0,65,0
2026-01-06T14:50:00,AIIMS_Nagpur,216.34,0.0,53,0
2026-01-06T14:55:00,AIIMS_Nagpur,213.34,0.0,54,0
2026-01-06T15:00:00,Wockhardt_Hospital,215.29,0.0,68,0
2026-01-06T15:05:00,Mayo_Hospital,216.87,0.0,55,0
2026-01-06T15:10:00,GMC_Nagpur,215.72,0.0,66,0
2026-01-06T15:15:00,Lata_Mangeshkar_Hospital,214.45,0.0,73,0
2026-01-06T15:20:00,Wockhardt_Hospital,215.54,0.0,75,0
2026-01-06T15:25:00,Lata_Mangeshkar_Hospital,215.09,0.0,72,0
2026-01-06T15:30:00,Mayo_Hospital,216.54,0.0,68,0
2026-01-06T15:35:00,Wockhardt_Hospital,216.18,0.02,64,0
2026-01-06T15:40:00,AIIMS_Nagpur,216.4,0.0,72,0
2026-01-06T15:45:00,Mayo_Hospital,216.72,0.02,65,0
2026-01-06T15:50:00,Wockhardt_Hospital,218.51,0.04,75,0
2026-01-06T15:55:00,GMC_Nagpur,217.08,0.04,62,0
2026-01-06T16:00:00,Mayo_Hospital,218.48,0.0,71,0
2026-01-06T16:05:00,GMC_Nagpur,220.69,0.01,66,0
2026-01-06T16:10:00,Mayo_Hospital,221.52,0.03,62,0
2026-01-06T16:15:00,GMC_Nagpur,220.27,0.07,64,0
2026-01-06T16:20:00,AIIMS_Nagpur,222.88,0.04,63,0
2026-01-06T16:25:00,Wockhardt_Hospital,219.75,0.13,63,0
2026-01-06T16:30:00,Lata_Mangeshkar_Hospital,222.36,0.14,60,0
2026-01-06T16:35:00,Mayo_Hospital,221.58,0.12,74,0
2026-01-06T16:40:00,GMC_Nagpur,224.39,0.09,74,0
2026-01-06T16:45:00,AIIMS_Nagpur,224.24,0.14,75,0
2026-01-06T16:50:00,Mayo_Hospital,222.73,0.16,73,0
2026-01-06T16:55:00,GMC_Nagpur,224.21,0.1,74,0
2026-01-06T17:00:00,Mayo_Hospital,223.14,0.1,73,0
2026-01-06T17:05:00,AIIMS_Nagpur,226.32,0.12,69,0
2026-01-06T17:10:00,Lata_Mangeshkar_Hospital,174.97,0.84,67,1
2026-01-06T17:15:00,Wockhardt_Hospital,225.0,0.19,70,0
2026-01-06T17:20:00,Mayo_Hospital,225.61,0.19,69,0
2026-01-06T17:25:00,GMC_Nagpur,224.17,0.15,51,0
2026-01-06T17:30:00,Mayo_Hospital,225.73,0.17,60,0
2026-01-06T17:35:00,AIIMS_Nagpur,225.99,0.24,61,0
2026-01-06T17:40:00,Wockhardt_Hospital,224.65,0.21,55,0
2026-01-06T17:45:00,Mayo_Hospital,225.68,0.2,66,0
2026-01-06T17:50:00,Lata_Mangeshkar_Hospital,223.5,0.22,52,0
2026-01-06T17:55:00,Lata_Mangeshkar_Hospital,223.93,0.18,45,0
2026-01-06T18:00:00,Wockhardt_Hospital,224.14,0.21,61,0
2026-01-06T18:05:00,GMC_Nagpur,225.31,0.27,58,0
2026-01-06T18:10:00,Mayo_Hospital,225.2,0.19,57,0
2026-01-06T18:15:00,Mayo_Hospital,224.3,0.28,46,0
2026-01-06T18:20:00,Wockhardt_Hospital,222.4,0.23,46,0
2026-01-06T18:25:00,Wockhardt_Hospital,222.74,0.28,43,0
2026-01-06T18:30:00,Mayo_Hospital,220.58,0.28,46,0
2026-01-06T18:35:00,Mayo_Hospital,221.25,0.22,49,0
2026-01-06T18:40:00,Mayo_Hospital,220.89,0.27,44,0
2026-01-06T18:45:00,Mayo_Hospital,219.93,0.2,34,0
2026-01-06T18:50:00,Mayo_Hospital,218.51,0.28,40,0
2026-01-06T18:55:00,AIIMS_Nagpur,220.29,0.22,32,0
2026-01-06T19:00:00,GMC_Nagpur,219.31,0.29,42,0
2026-01-06T19:05:00,GMC_Nagpur,219.82,0.21,36,0
2026-01-06T19:10:00,Mayo_Hospital,215.77,0.22,33,0
2026-01-06T19:15:00,GMC_Nagpur,216.1,0.26,40,0
2026-01-06T19:20:00,AIIMS_Nagpur,216.84,0.2,27,0
2026-01-06T19:25:00,GMC_Nagpur,218.07,0.2,25,0
2026-01-06T19:30:00,Mayo_Hospital,216.78,0.2,28,0
2026-01-06T19:35:00,Mayo_Hospital,214.19,0.18,17,0
2026-01-06T19:40:00,Mayo_Hospital,216.98,0.18,30,0
2026-01-06T19:45:00,Wockhardt_Hospital,215.07,0.24,15,0
2026-01-06T19:50:00,Wockhardt_Hospital,214.23,0.2,24,0
2026-01-06T19:55:00,Lata_Mangeshkar_Hospital,215.0,0.17,29,0
2026-01-06T20:00:00,AIIMS_Nagpur,216.18,0.24,23,0
2026-01-06T20:05:00,Wockhardt_Hospital,215.42,0.16,28,0
2026-01-06T20:10:00,Lata_Mangeshkar_Hospital,215.16,0.18,10,0
2026-01-06T20:15:00,Lata_Mangeshkar_Hospital,216.65,0.15,12,0
2026-01-06T20:20:00,GMC_Nagpur,214.26,0.19,23,0
2026-01-06T20:25:00,Lata_Mangeshkar_Hospital,216.9,0.12,19,0
2026-01-06T20:30:00,GMC_Nagpur,215.6,0.19,13,0
2026-01-06T20:35:00,Wockhardt_Hospital,217.43,0.11,19,0
2026-01-06T20:40:00,Mayo_Hospital,214.51,0.14,10,0
2026-01-06T20:45:00,AIIMS_Nagpur,217.41,0.13,17,0
2026-01-06T20:50:00,GMC_Nagpur,215.56,0.14,10,0
2026-01-06T20:55:00,Wockhardt_Hospital,216.92,0.07,14,0
2026-01-06T21:00:00,AIIMS_Nagpur,219.5,0.14,10,0
2026-01-06T21:05:00,Mayo_Hospital,217.97,0.04,13,0
2026-01-06T21:10:00,Wockhardt_Hospital,219.59,0.07,10,0
2026-01-06T21:15:00,Wockhardt_Hospital,219.97,0.07,10,0
2026-01-06T21:20:00,Mayo_Hospital,220.78,0.08,10,0
2026-01-06T21:25:00,GMC_Nagpur,222.01,0.05,14,0
2026-01-06T21:30:00,Lata_Mangeshkar_Hospital,220.61,0.08,13,0
2026-01-06T21:35:00,GMC_Nagpur,222.07,0.07,10,0
2026-01-06T21:40:00,Wockhardt_Hospital,221.73,0.0,10,0
2026-01-06T21:45:00,AIIMS_Nagpur,182.86,0.61,10,1
2026-01-06T21:50:00,AIIMS_Nagpur,224.62,0.0,15,0
2026-01-06T21:55:00,Lata_Mangeshkar_Hospital,221.74,0.0,12,0
2026-01-06T22:00:00,Mayo_Hospital,222.7,0.0,16,0
2026-01-06T22:05:00,AIIMS_Nagpur,223.72,0.0,10,0
2026-01-06T22:10:00,Wockhardt_Hospital,222.47,0.0,17,0
2026-01-06T22:15:00,Wockhardt_Hospital,226.0,0.0,12,0
2026-01-06T22:20:00,Lata_Mangeshkar_Hospital,222.59,0.0,15,0
2026-01-06T22:25:00,AIIMS_Nagpur,224.77,0.0,10,0
2026-01-06T22:30:00,AIIMS_Nagpur,222.92,0.0,12,0
2026-01-06T22:35:00,Lata_Mangeshkar_Hospital,226.56,0.0,27,0
2026-01-06T22:40:00,GMC_Nagpur,226.54,0.0,17,0
2026-01-06T22:45:00,GMC_Nagpur,225.71,0.0,23,0
2026-01-06T22:50:00,GMC_Nagpur,225.36,0.0,20,0
2026-01-06T22:55:00,AIIMS_Nagpur,224.25,0.0,15,0
2026-01-06T23:00:00,Wockhardt_Hospital,223.06,0.0,25,0
2026-01-06T23:05:00,GMC_Nagpur,225.5,0.0,16,0
2026-01-06T23:10:00,Mayo_Hospital,223.91,0.0,25,0
2026-01-06T23:15:00,AIIMS_Nagpur,223.82,0.0,20,0
2026-01-06T23:20:00,GMC_Nagpur,224.39,0.0,21,0
2026-01-06T23:25:00,Lata_Mangeshkar_Hospital,223.43,0.0,33,0
2026-01-06T23:30:00,AIIMS_Nagpur,223.62,0.0,23,0
2026-01-06T23:35:00,AIIMS_Nagpur,223.56,0.0,24,0
2026-01-06T23:40:00,Mayo_Hospital,220.69,0.0,40,0
2026-01-06T23:45:00,Wockhardt_Hospital,219.95,0.0,25,0
2026-01-06T23:50:00,AIIMS_Nagpur,221.08,0.0,38,0
2026-01-06T23:55:00,Lata_Mangeshkar_Hospital,219.24,0.0,32,0
2026-01-07T00:00:00,Mayo_Hospital,172.22,0.71,43,1
2026-01-07T00:05:00,Mayo_Hospital,219.95,0.0,50,0
2026-01-07T00:10:00,Wockhardt_Hospital,217.72,0.0,39,0
2026-01-07T00:15:00,Lata_Mangeshkar_Hospital,219.99,0.0,36,0
2026-01-07T00:20:00,Mayo_Hospital,216.1,0.0,51,0
2026-01-07T00:25:00,GMC_Nagpur,217.21,0.0,48,0
2026-01-07T00:30:00,Mayo_Hospital,219.1,0.0,41,0
2026-01-07T00:35:00,Wockhardt_Hospital,216.86,0.0,59,0
2026-01-07T00:40:00,AIIMS_Nagpur,218.05,0.0,55,0
2026-01-07T00:45:00,Lata_Mangeshkar_Hospital,215.57,0.0,63,0
2026-01-07T00:50:00,AIIMS_Nagpur,215.54,0.0,62,0
2026-01-07T00:55:00,Wockhardt_Hospital,214.75,0.0,52,0
2026-01-07T01:00:00,Mayo_Hospital,214.97,0.0,57,0
2026-01-07T01:05:00,Lata_Mangeshkar_Hospital,213.65,0.0,67,0
2026-01-07T01:10:00,Mayo_Hospital,215.11,0.0,64,0
2026-01-07T01:15:00,Wockhardt_Hospital,216.69,0.0,60,0
2026-01-07T01:20:00,GMC_Nagpur,215.65,0.0,63,0
2026-01-07T01:25:00,Lata_Mangeshkar_Hospital,214.69,0.0,56,0
2026-01-07T01:30:00,GMC_Nagpur,215.65,0.0,73,0
2026-01-07T01:35:00,AIIMS_Nagpur,216.2,0.0,67,0
2026-01-07T01:40:00,Lata_Mangeshkar_Hospital,214.77,0.0,63,0
2026-01-07T01:45:00,GMC_Nagpur,214.83,0.0,61,0
2026-01-07T01:50:00,AIIMS_Nagpur,217.94,0.0,68,0
2026-01-07T01:55:00,Lata_Mangeshkar_Hospital,215.8,0.0,72,0
2026-01-07T02:00:00,Wockhardt_Hospital,217.98,0.01,71,0
2026-01-07T02:05:00,GMC_Nagpur,216.27,0.0,69,0
2026-01-07T02:10:00,GMC_Nagpur,219.48,0.03,68,0
2026-01-07T02:15:00,Mayo_Hospital,219.22,0.0,64,0
2026-01-07T02:20:00,Lata_Mangeshkar_Hospital,217.97,0.07,68,0
2026-01-07T02:25:00,Lata_Mangeshkar_Hospital,218.22,0.0,64,0
2026-01-07T02:30:00,Mayo_Hospital,219.74,0.07,73,0
2026-01-07T02:35:00,Wockhardt_Hospital,219.68,0.07,74,0
2026-01-07T02:40:00,Mayo_Hospital,219.91,0.01,65,0
2026-01-07T02:45:00,Lata_Mangeshkar_Hospital,222.62,0.11,65,0
2026-01-07T02:50:00,Lata_Mangeshkar_Hospital,221.25,0.07,74,0
2026-01-07T02:55:00,Lata_Mangeshkar_Hospital,222.41,0.05,72,0
2026-01-07T03:00:00,Lata_Mangeshkar_Hospital,222.85,0.05,70,0
2026-01-07T03:05:00,GMC_Nagpur,224.41,0.13,70,0
2026-01-07T03:10:00,Wockhardt_Hospital,221.63,0.14,64,0
2026-01-07T03:15:00,Lata_Mangeshkar_Hospital,222.22,0.08,59,0
2026-01-07T03:20:00,GMC_Nagpur,225.29,0.1,63,0
2026-01-07T03:25:00,Wockhardt_Hospital,224.48,0.14,63,0
2026-01-07T03:30:00,Wockhardt_Hospital,223.72,0.11,69,0
2026-01-07T03:35:00,GMC_Nagpur,224.11,0.14,66,0
2026-01-07T03:40:00,GMC_Nagpur,224.48,0.2,66,0
2026-01-07T03:45:00,GMC_Nagpur,223.71,0.22,62,0
2026-01-07T03:50:00,AIIMS_Nagpur,223.23,0.22,53,0
2026-01-07T03:55:00,Lata_Mangeshkar_Hospital,224.84,0.19,54,0
2026-01-07T04:00:00,Wockhardt_Hospital,194.82,0.8,69,1
2026-01-07T04:05:00,Wockhardt_Hospital,224.53,0.18,59,0
2026-01-07T04:10:00,GMC_Nagpur,223.71,0.25,64,0
2026-01-07T04:15:00,Mayo_Hospital,224.29,0.18,51,0
2026-01-07T04:20:00,AIIMS_Nagpur,225.95,0.18,55,0
2026-01-07T04:25:00,Wockhardt_Hospital,223.17,0.26,54,0
2026-01-07T04:30:00,Wockhardt_Hospital,223.93,0.2,45,0
2026-01-07T04:35:00,Lata_Mangeshkar_Hospital,223.15,0.21,45,0
2026-01-07T04:40:00,Wockhardt_Hospital,222.43,0.25,49,0
2026-01-07T04:45:00,Wockhardt_Hospital,224.4,0.27,55,0
2026-01-07T04:50:00,Wockhardt_Hospital,223.91,0.21,47,0
2026-01-07T04:55:00,GMC_Nagpur,221.99,0.2,36,0
2026-01-07T05:00:00,Mayo_Hospital,222.89,0.2,42,0
2026-01-07T05:05:00,AIIMS_Nagpur,220.7,0.2,45,0
2026-01-07T05:10:00,Wockhardt_Hospital,221.16,0.26,48,0
2026-01-07T05:15:00,GMC_Nagpur,218.31,0.29,34,0
2026-01-07T05:20:00,AIIMS_Nagpur,218.76,0.2,48,0
2026-01-07T05:25:00,Lata_Mangeshkar_Hospital,217.26,0.29,46,0
2026-01-07T05:30:00,GMC_Nagpur,219.45,0.2,31,0
2026-01-07T05:35:00,Wockhardt_Hospital,218.65,0.23,28,0
2026-01-07T05:40:00,Wockhardt_Hospital,217.37,0.21,32,0
2026-01-07T05:45:00,Mayo_Hospital,215.65,0.24,27,0
2026-01-07T05:50:00,GMC_Nagpur,217.19,0.27,26,0
2026-01-07T05:55:00,Lata_Mangeshkar_Hospital,214.67,0.2,23,0
2026-01-07T06:00:00,AIIMS_Nagpur,215.46,0.2,16,0
2026-01-07T06:05:00,GMC_Nagpur,213.9,0.23,29,0
2026-01-07T06:10:00,Wockhardt_Hospital,214.31,0.26,32,0
2026-01-07T06:15:00,Wockhardt_Hospital,215.11,0.19,18,0
2026-01-07T06:20:00,AIIMS_Nagpur,213.36,0.24,14,0
2026-01-07T06:25:00,GMC_Nagpur,216.75,0.21,28,0
2026-01-07T06:30:00,Mayo_Hospital,214.99,0.22,14,0
2026-01-07T06:35:00,Mayo_Hospital,216.84,0.19,20,0
2026-01-07T06:40:00,Wockhardt_Hospital,213.54,0.22,15,0
2026-01-07T06:45:00,AIIMS_Nagpur,213.27,0.18,10,0
2026-01-07T06:50:00,AIIMS_Nagpur,214.25,0.14,10,0
2026-01-07T06:55:00,Mayo_Hospital,216.14,0.15,16,0
2026-01-07T07:00:00,GMC_Nagpur,215.77,0.15,10,0
2026-01-07T07:05:00,Wockhardt_Hospital,214.64,0.18,10,0
2026-01-07T07:10:00,GMC_Nagpur,216.47,0.14,10,0
2026-01-07T07:15:00,Lata_Mangeshkar_Hospital,218.28,0.17,15,0
2026-01-07T07:20:00,Wockhardt_Hospital,218.87,0.06,20,0
2026-01-07T07:25:00,AIIMS_Nagpur,179.02,1.02,11,1
2026-01-07T07:30:00,AIIMS_Nagpur,217.1,0.08,10,0
2026-01-07T07:35:00,Mayo_Hospital,217.4,0.1,10,0
2026-01-07T07:40:00,GMC_Nagpur,219.38,0.02,10,0
2026-01-07T07:45:00,Mayo_Hospital,221.1,0.06,10,0
2026-01-07T07:50:00,AIIMS_Nagpur,219.86,0.06,18,0
2026-01-07T07:55:00,Wockhardt_Hospital,220.54,0.09,12,0
2026-01-07T08:00:00,AIIMS_Nagpur,193.76,0.72,13,1
2026-01-07T08:05:00,AIIMS_Nagpur,219.86,0.02,10,0
2026-01-07T08:10:00,Lata_Mangeshkar_Hospital,220.22,0.03,10,0
2026-01-07T08:15:00,Mayo_Hospital,222.33,0.0,10,0
2026-01-07T08:20:00,Mayo_Hospital,221.62,0.0,13,0
2026-01-07T08:25:00,Wockhardt_Hospital,223.47,0.02,10,0
2026-01-07T08:30:00,AIIMS_Nagpur,223.24,0.0,11,0
2026-01-07T08:35:00,AIIMS_Nagpur,223.72,0.0,10,0
2026-01-07T08:40:00,Lata_Mangeshkar_Hospital,224.87,0.0,18,0
2026-01-07T08:45:00,GMC_Nagpur,223.82,0.0,10,0
2026-01-07T08:50:00,Lata_Mangeshkar_Hospital,222.96,0.0,17,0
2026-01-07T08:55:00,Lata_Mangeshkar_Hospital,226.35,0.0,23,0
2026-01-07T09:00:00,AIIMS_Nagpur,225.88,0.0,23,0
2026-01-07T09:05:00,GMC_Nagpur,223.27,0.0,25,0
2026-01-07T09:10:00,Wockhardt_Hospital,225.03,0.0,23,0
2026-01-07T09:15:00,Mayo_Hospital,226.33,0.0,15,0
2026-01-07T09:20:00,Mayo_Hospital,225.57,0.0,17,0
2026-01-07T09:25:00,Lata_Mangeshkar_Hospital,224.58,0.0,15,0
2026-01-07T09:30:00,Lata_Mangeshkar_Hospital,223.37,0.0,17,0
2026-01-07T09:35:00,Mayo_Hospital,223.98,0.0,20,0
2026-01-07T09:40:00,Wockhardt_Hospital,222.74,0.0,18,0
2026-01-07T09:45:00,GMC_Nagpur,223.85,0.0,32,0
2026-01-07T09:50:00,Wockhardt_Hospital,224.84,0.0,36,0
2026-01-07T09:55:00,Lata_Mangeshkar_Hospital,221.43,0.0,35,0
2026-01-07T10:00:00,Lata_Mangeshkar_Hospital,224.48,0.0,26,0
2026-01-07T10:05:00,GMC_Nagpur,223.18,0.0,23,0
2026-01-07T10:10:00,Lata_Mangeshkar_Hospital,221.07,0.0,34,0
2026-01-07T10:15:00,AIIMS_Nagpur,220.68,0.0,28,0
2026-01-07T10:20:00,GMC_Nagpur,221.32,0.0,39,0
2026-01-07T10:25:00,Lata_Mangeshkar_Hospital,220.02,0.0,32,0
2026-01-07T10:30:00,Mayo_Hospital,218.15,0.0,33,0
2026-01-07T10:35:00,GMC_Nagpur,219.59,0.0,41,0
2026-01-07T10:40:00,Lata_Mangeshkar_Hospital,216.93,0.0,34,0
2026-01-07T10:45:00,Wockhardt_Hospital,220.29,0.0,45,0
2026-01-07T10:50:00,Mayo_Hospital,217.97,0.0,47,0
2026-01-07T10:55:00,GMC_Nagpur,219.24,0.0,53,0
2026-01-07T11:00:00,Lata_Mangeshkar_Hospital,218.86,0.0,54,0
2026-01-07T11:05:00,Lata_Mangeshkar_Hospital,217.91,0.0,53,0
2026-01-07T11:10:00,Wockhardt_Hospital,216.46,0.0,60,0
2026-01-07T11:15:00,AIIMS_Nagpur,216.24,0.0,46,0
2026-01-07T11:20:00,GMC_Nagpur,217.56,0.0,50,0
2026-01-07T11:25:00,Lata_Mangeshkar_Hospital,214.57,0.0,54,0
2026-01-07T11:30:00,GMC_Nagpur,215.41,0.0,47,0
2026-01-07T11:35:00,GMC_Nagpur,215.95,0.0,61,0
2026-01-07T11:40:00,Mayo_Hospital,215.2,0.0,53,0
2026-01-07T11:45:00,GMC_Nagpur,213.4,0.0,68,0
2026-01-07T11:50:00,Lata_Mangeshkar_Hospital,213.28,0.0,63,0
2026-01-07T11:55:00,Mayo_Hospital,214.32,0.0,71,0
2026-01-07T12:00:00,Mayo_Hospital,213.97,0.0,65,0
2026-01-07T12:05:00,Lata_Mangeshkar_Hospital,215.41,0.0,71,0
2026-01-07T12:10:00,AIIMS_Nagpur,214.22,0.0,60,0
2026-01-07T12:15:00,Wockhardt_Hospital,215.89,0.0,64,0
2026-01-07T12:20:00,Lata_Mangeshkar_Hospital,215.8,0.0,72,0
2026-01-07T12:25:00,GMC_Nagpur,216.48,0.0,60,0
2026-01-07T12:30:00,Wockhardt_Hospital,216.88,0.0,73,0
2026-01-07T12:35:00,AIIMS_Nagpur,217.9,0.0,71,0
2026-01-07T12:40:00,AIIMS_Nagpur,216.21,0.03,68,0
2026-01-07T12:45:00,Lata_Mangeshkar_Hospital,217.57,0.0,74,0
2026-01-07T12:50:00,AIIMS_Nagpur,220.15,0.0,64,0
2026-01-07T12:55:00,Lata_Mangeshkar_Hospital,219.26,0.06,71,0
2026-01-07T13:00:00,Lata_Mangeshkar_Hospital,219.74,0.04,73,0
2026-01-07T13:05:00,Mayo_Hospital,220.98,0.09,77,0
2026-01-07T13:10:00,Mayo_Hospital,219.17,0.06,60,0
2026-01-07T13:15:00,Lata_Mangeshkar_Hospital,219.91,0.09,61,0
2026-01-07T13:20:00,GMC_Nagpur,220.0,0.09,63,0
2026-01-07T13:25:00,Lata_Mangeshkar_Hospital,220.58,0.08,71,0
2026-01-07T13:30:00,GMC_Nagpur,221.73,0.07,67,0
2026-01-07T13:35:00,GMC_Nagpur,221.95,0.14,77,0
2026-01-07T13:40:00,GMC_Nagpur,223.69,0.16,68,0
2026-01-07T13:45:00,Wockhardt_Hospital,223.84,0.16,60,0
2026-01-07T13:50:00,Lata_Mangeshkar_Hospital,222.39,0.12,67,0
2026-01-07T13:55:00,Wockhardt_Hospital,224.72,0.16,72,0
2026-01-07T14:00:00,GMC_Nagpur,224.58,0.12,67,0
2026-01-07T14:05:00,AIIMS_Nagpur,223.78,0.15,63,0
2026-01-07T14:10:00,Lata_Mangeshkar_Hospital,223.44,0.22,62,0
2026-01-07T14:15:00,Wockhardt_Hospital,224.6,0.22,67,0
2026-01-07T14:20:00,GMC_Nagpur,224.17,0.16,61,0
2026-01-07T14:25:00,GMC_Nagpur,225.39,0.23,56,0
2026-01-07T14:30:00,Wockhardt_Hospital,223.87,0.16,58,0
2026-01-07T14:35:00,Mayo_Hospital,223.02,0.21,58,0
2026-01-07T14:40:00,Mayo_Hospital,224.35,0.23,53,0
2026-01-07T14:45:00,Mayo_Hospital,224.65,0.21,50,0
2026-01-07T14:50:00,AIIMS_Nagpur,225.07,0.18,51,0
2026-01-07T14:55:00,Wockhardt_Hospital,222.91,0.21,47,0
2026-01-07T15:00:00,Wockhardt_Hospital,225.03,0.22,47,0
2026-01-07T15:05:00,GMC_Nagpur,222.53,0.23,55,0
2026-01-07T15:10:00,GMC_Nagpur,221.39,0.28,54,0
2026-01-07T15:15:00,Lata_Mangeshkar_Hospital,224.01,0.28,50,0
2026-01-07T15:20:00,Wockhardt_Hospital,222.43,0.2,37,0
2026-01-07T15:25:00,GMC_Nagpur,220.86,0.24,48,0
2026-01-07T15:30:00,Wockhardt_Hospital,222.25,0.21,35,0
2026-01-07T15:35:00,GMC_Nagpur,220.43,0.25,47,0
2026-01-07T15:40:00,AIIMS_Nagpur,221.43,0.24,37,0
2026-01-07T15:45:00,Lata_Mangeshkar_Hospital,217.76,0.23,35,0
2026-01-07T15:50:00,AIIMS_Nagpur,217.77,0.26,38,0
2026-01-07T15:55:00,AIIMS_Nagpur,182.44,1.01,36,1
2026-01-07T16:00:00,Wockhardt_Hospital,217.6,0.26,27,0
2026-01-07T16:05:00,Lata_Mangeshkar_Hospital,217.67,0.26,31,0
2026-01-07T16:10:00,Wockhardt_Hospital,216.35,0.22,23,0
2026-01-07T16:15:00,Lata_Mangeshkar_Hospital,218.58,0.22,31,0
2026-01-07T16:20:00,Lata_Mangeshkar_Hospital,216.56,0.25,31,0
2026-01-07T16:25:00,Mayo_Hospital,216.41,0.27,35,0
2026-01-07T16:30:00,Lata_Mangeshkar_Hospital,214.78,0.18,29,0
2026-01-07T16:35:00,GMC_Nagpur,216.06,0.22,32,0
2026-01-07T16:40:00,Wockhardt_Hospital,214.11,0.22,14,0
2026-01-07T16:45:00,Lata_Mangeshkar_Hospital,214.08,0.26,31,0
2026-01-07T16:50:00,Mayo_Hospital,213.54,0.2,24,0
2026-01-07T16:55:00,Mayo_Hospital,213.48,0.23,13,0
2026-01-07T17:00:00,AIIMS_Nagpur,214.06,0.19,21,0
2026-01-07T17:05:00,Wockhardt_Hospital,216.45,0.17,17,0
2026-01-07T17:10:00,AIIMS_Nagpur,213.81,0.22,11,0
2026-01-07T17:15:00,Mayo_Hospital,214.98,0.15,18,0
2026-01-07T17:20:00,Mayo_Hospital,215.57,0.14,10,0
2026-01-07T17:25:00,GMC_Nagpur,214.69,0.19,10,0
2026-01-07T17:30:00,AIIMS_Nagpur,213.92,0.1,10,0
2026-01-07T17:35:00,Wockhardt_Hospital,214.48,0.18,13,0
2026-01-07T17:40:00,Wockhardt_Hospital,215.38,0.16,14,0
2026-01-07T17:45:00,Wockhardt_Hospital,215.25,0.12,14,0
2026-01-07T17:50:00,Lata_Mangeshkar_Hospital,217.93,0.09,10,0
2026-01-07T17:55:00,GMC_Nagpur,169.89,0.88,10,1
2026-01-07T18:00:00,Mayo_Hospital,218.06,0.13,10,0
2026-01-07T18:05:00,AIIMS_Nagpur,218.94,0.04,16,0
2026-01-07T18:10:00,Lata_Mangeshkar_Hospital,220.87,0.06,10,0
2026-01-07T18:15:00,Lata_Mangeshkar_Hospital,218.49,0.02,12,0
2026-01-07T18:20:00,GMC_Nagpur,220.99,0.0,10,0
2026-01-07T18:25:00,AIIMS_Nagpur,220.35,0.02,17,0
2026-01-07T18:30:00,GMC_Nagpur,220.67,0.06,10,0
2026-01-07T18:35:00,Lata_Mangeshkar_Hospital,219.79,0.0,10,0
2026-01-07T18:40:00,GMC_Nagpur,221.86,0.0,10,0
2026-01-07T18:45:00,Wockhardt_Hospital,223.59,0.04,15,0
2026-01-07T18:50:00,Wockhardt_Hospital,224.42,0.0,10,0
2026-01-07T18:55:00,Mayo_Hospital,223.37,0.0,11,0
2026-01-07T19:00:00,Lata_Mangeshkar_Hospital,193.04,0.89,10,1
2026-01-07T19:05:00,Mayo_Hospital,222.16,0.0,23,0
2026-01-07T19:10:00,GMC_Nagpur,222.67,0.0,21,0
2026-01-07T19:15:00,GMC_Nagpur,224.79,0.0,10,0
2026-01-07T19:20:00,Wockhardt_Hospital,224.08,0.0,10,0
2026-01-07T19:25:00,Mayo_Hospital,224.98,0.0,10,0
2026-01-07T19:30:00,Wockhardt_Hospital,223.8,0.0,14,0
2026-01-07T19:35:00,Mayo_Hospital,225.63,0.0,23,0
2026-01-07T19:40:00,Mayo_Hospital,184.79,0.89,17,1
2026-01-07T19:45:00,AIIMS_Nagpur,225.65,0.0,28,0
2026-01-07T19:50:00,Wockhardt_Hospital,224.81,0.0,16,0
2026-01-07T19:55:00,AIIMS_Nagpur,223.08,0.0,26,0
2026-01-07T20:00:00,Lata_Mangeshkar_Hospital,223.04,0.0,32,0
2026-01-07T20:05:00,AIIMS_Nagpur,223.25,0.0,23,0
2026-01-07T20:10:00,Lata_Mangeshkar_Hospital,225.62,0.0,24,0
2026-01-07T20:15:00,Wockhardt_Hospital,224.95,0.0,27,0
2026-01-07T20:20:00,Lata_Mangeshkar_Hospital,223.21,0.0,38,0
2026-01-07T20:25:00,Lata_Mangeshkar_Hospital,222.02,0.0,23,0
2026-01-07T20:30:00,Wockhardt_Hospital,223.25,0.0,39,0
2026-01-07T20:35:00,Wockhardt_Hospital,220.66,0.0,24,0
2026-01-07T20:40:00,Lata_Mangeshkar_Hospital,219.6,0.0,44,0
2026-01-07T20:45:00,Mayo_Hospital,219.61,0.0,35,0
2026-01-07T20:50:00,GMC_Nagpur,219.63,0.0,45,0
2026-01-07T20:55:00,GMC_Nagpur,219.81,0.0,33,0
2026-01-07T21:00:00,Mayo_Hospital,218.04,0.0,32,0
2026-01-07T21:05:00,GMC_Nagpur,220.12,0.0,37,0
2026-01-07T21:10:00,Wockhardt_Hospital,217.95,0.0,48,0
2026-01-07T21:15:00,Wockhardt_Hospital,218.98,0.0,50,0
2026-01-07T21:20:00,Mayo_Hospital,217.41,0.0,45,0
2026-01-07T21:25:00,Lata_Mangeshkar_Hospital,215.51,0.0,41,0
2026-01-07T21:30:00,AIIMS_Nagpur,217.55,0.0,58,0
2026-01-07T21:35:00,AIIMS_Nagpur,218.15,0.0,57,0
2026-01-07T21:40:00,AIIMS_Nagpur,217.88,0.0,49,0
2026-01-07T21:45:00,AIIMS_Nagpur,217.71,0.0,55,0
2026-01-07T21:50:00,Lata_Mangeshkar_Hospital,217.58,0.0,64,0
2026-01-07T21:55:00,Mayo_Hospital,217.15,0.0,49,0
2026-01-07T22:00:00,Mayo_Hospital,213.54,0.0,55,0
2026-01-07T22:05:00,AIIMS_Nagpur,214.7,0.0,56,0
2026-01-07T22:10:00,AIIMS_Nagpur,216.17,0.0,63,0
2026-01-07T22:15:00,GMC_Nagpur,215.77,0.0,68,0
2026-01-07T22:20:00,GMC_Nagpur,213.99,0.0,63,0
2026-01-07T22:25:00,Wockhardt_Hospital,214.4,0.0,56,0
2026-01-07T22:30:00,AIIMS_Nagpur,215.35,0.0,65,0
2026-01-07T22:35:00,Mayo_Hospital,213.57,0.0,67,0
2026-01-07T22:40:00,GMC_Nagpur,214.07,0.0,61,0
2026-01-07T22:45:00,Lata_Mangeshkar_Hospital,217.58,0.0,71,0
2026-01-07T22:50:00,Lata_Mangeshkar_Hospital,216.8,0.0,69,0
2026-01-07T22:55:00,Wockhardt_Hospital,217.04,0.0,77,0
2026-01-07T23:00:00,AIIMS_Nagpur,215.85,0.03,68,0
2026-01-07T23:05:00,Wockhardt_Hospital,219.05,0.01,61,0
2026-01-07T23:10:00,Wockhardt_Hospital,217.28,0.0,65,0
2026-01-07T23:15:00,Wockhardt_Hospital,186.18,0.76,71,1
2026-01-07T23:20:00,Lata_Mangeshkar_Hospital,217.2,0.0,75,0
2026-01-07T23:25:00,Mayo_Hospital,219.83,0.03,77,0
2026-01-07T23:30:00,Lata_Mangeshkar_Hospital,221.22,0.07,61,0
2026-01-07T23:35:00,GMC_Nagpur,218.22,0.04,66,0
2026-01-07T23:40:00,Wockhardt_Hospital,221.47,0.03,63,0
2026-01-07T23:45:00,Mayo_Hospital,222.14,0.07,62,0
2026-01-07T23:50:00,Mayo_Hospital,221.13,0.08,62,0
2026-01-07T23:55:00,Wockhardt_Hospital,222.56,0.12,67,0
2026-01-08T00:00:00,Wockhardt_Hospital,223.11,0.06,72,0
2026-01-08T00:05:00,Mayo_Hospital,224.89,0.16,68,0
2026-01-08T00:10:00,Wockhardt_Hospital,221.73,0.08,59,0
2026-01-08T00:15:00,Lata_Mangeshkar_Hospital,223.31,0.15,75,0
2026-01-08T00:20:00,Mayo_Hospital,222.76,0.19,65,0
2026-01-08T00:25:00,Mayo_Hospital,224.29,0.19,66,0
2026-01-08T00:30:00,AIIMS_Nagpur,225.8,0.12,70,0
2026-01-08T00:35:00,GMC_Nagpur,224.4,0.18,64,0
2026-01-08T00:40:00,Mayo_Hospital,224.17,0.2,61,0
2026-01-08T00:45:00,AIIMS_Nagpur,224.38,0.16,53,0
2026-01-08T00:50:00,GMC_Nagpur,223.27,0.22,69,0
2026-01-08T00:55:00,Lata_Mangeshkar_Hospital,224.76,0.15,59,0
2026-01-08T01:00:00,GMC_Nagpur,224.3,0.18,61,0
2026-01-08T01:05:00,GMC_Nagpur,224.23,0.2,55,0
2026-01-08T01:10:00,Mayo_Hospital,224.84,0.23,57,0
2026-01-08T01:15:00,GMC_Nagpur,224.87,0.2,64,0
2026-01-08T01:20:00,Mayo_Hospital,222.33,0.27,63,0
2026-01-08T01:25:00,Mayo_Hospital,222.62,0.24,59,0
2026-01-08T01:30:00,AIIMS_Nagpur,224.35,0.19,43,0
2026-01-08T01:35:00,Lata_Mangeshkar_Hospital,223.74,0.25,50,0
2026-01-08T01:40:00,GMC_Nagpur,223.2,0.2,55,0
2026-01-08T01:45:00,AIIMS_Nagpur,221.64,0.29,55,0
2026-01-08T01:50:00,GMC_Nagpur,222.38,0.23,37,0
2026-01-08T01:55:00,Lata_Mangeshkar_Hospital,221.31,0.25,43,0
2026-01-08T02:00:00,AIIMS_Nagpur,221.91,0.29,45,0
2026-01-08T02:05:00,Lata_Mangeshkar_Hospital,222.11,0.22,36,0
2026-01-08T02:10:00,Lata_Mangeshkar_Hospital,218.92,0.27,40,0
2026-01-08T02:15:00,Wockhardt_Hospital,219.31,0.21,37,0
2026-01-08T02:20:00,Lata_Mangeshkar_Hospital,218.44,0.26,43,0
2026-01-08T02:25:00,Lata_Mangeshkar_Hospital,219.53,0.26,45,0
2026-01-08T02:30:00,AIIMS_Nagpur,216.59,0.29,35,0
2026-01-08T02:35:00,Wockhardt_Hospital,217.71,0.26,41,0
2026-01-08T02:40:00,Wockhardt_Hospital,217.6,0.23,22,0
2026-01-08T02:45:00,AIIMS_Nagpur,216.65,0.2,38,0
2026-01-08T02:50:00,AIIMS_Nagpur,216.91,0.2,30,0
2026-01-08T02:55:00,Wockhardt_Hospital,216.23,0.25,29,0
2026-01-08T03:00:00,Lata_Mangeshkar_Hospital,217.56,0.23,35,0
2026-01-08T03:05:00,Mayo_Hospital,215.9,0.23,30,0
2026-01-08T03:10:00,Mayo_Hospital,216.93,0.19,21,0
2026-01-08T03:15:00,Wockhardt_Hospital,214.95,0.21,16,0
2026-01-08T03:20:00,Lata_Mangeshkar_Hospital,215.9,0.22,22,0
2026-01-08T03:25:00,Mayo_Hospital,216.15,0.19,11,0
2026-01-08T03:30:00,Wockhardt_Hospital,215.74,0.14,28,0
2026-01-08T03:35:00,AIIMS_Nagpur,215.28,0.14,21,0
2026-01-08T03:40:00,Wockhardt_Hospital,215.28,0.18,25,0
2026-01-08T03:45:00,Lata_Mangeshkar_Hospital,214.68,0.13,21,0
2026-01-08T03:50:00,Mayo_Hospital,215.8,0.15,12,0
2026-01-08T03:55:00,AIIMS_Nagpur,216.46,0.19,19,0
2026-01-08T04:00:00,AIIMS_Nagpur,217.38,0.13,16,0
2026-01-08T04:05:00,Mayo_Hospital,216.18,0.17,21,0
2026-01-08T04:10:00,Wockhardt_Hospital,216.16,0.07,10,0
2026-01-08T04:15:00,GMC_Nagpur,215.71,0.11,10,0
2026-01-08T04:20:00,Wockhardt_Hospital,216.36,0.1,10,0
2026-01-08T04:25:00,GMC_Nagpur,217.69,0.14,10,0
2026-01-08T04:30:00,Mayo_Hospital,216.43,0.1,15,0
2026-01-08T04:35:00,GMC_Nagpur,220.22,0.06,10,0
2026-01-08T04:40:00,GMC_Nagpur,176.11,0.95,10,1
2026-01-08T04:45:00,Mayo_Hospital,220.56,0.1,16,0
2026-01-08T04:50:00,Wockhardt_Hospital,218.39,0.07,17,0
2026-01-08T04:55:00,Wockhardt_Hospital,219.02,0.07,10,0
2026-01-08T05:00:00,AIIMS_Nagpur,220.56,0.07,10,0
2026-01-08T05:05:00,Wockhardt_Hospital,223.02,0.02,12,0
2026-01-08T05:10:00,Lata_Mangeshkar_Hospital,222.45,0.0,17,0
2026-01-08T05:15:00,Mayo_Hospital,220.85,0.01,10,0
2026-01-08T05:20:00,AIIMS_Nagpur,224.73,0.0,16,0
2026-01-08T05:25:00,Lata_Mangeshkar_Hospital,222.52,0.0,17,0
2026-01-08T05:30:00,Lata_Mangeshkar_Hospital,224.12,0.0,15,0
2026-01-08T05:35:00,Mayo_Hospital,223.26,0.0,10,0
2026-01-08T05:40:00,GMC_Nagpur,224.7,0.0,10,0
2026-01-08T05:45:00,AIIMS_Nagpur,223.36,0.0,20,0
2026-01-08T05:50:00,Lata_Mangeshkar_Hospital,226.7,0.0,23,0
2026-01-08T05:55:00,GMC_Nagpur,224.65,0.0,10,0
2026-01-08T06:00:00,Mayo_Hospital,225.05,0.0,15,0
2026-01-08T06:05:00,GMC_Nagpur,226.78,0.0,14,0
2026-01-08T06:10:00,Wockhardt_Hospital,225.05,0.0,27,0
2026-01-08T06:15:00,Mayo_Hospital,226.14,0.0,19,0
2026-01-08T06:20:00,AIIMS_Nagpur,226.17,0.0,24,0
2026-01-08T06:25:00,AIIMS_Nagpur,180.47,0.66,24,1
2026-01-08T06:30:00,Wockhardt_Hospital,226.24,0.0,22,0
2026-01-08T06:35:00,Lata_Mangeshkar_Hospital,224.86,0.0,20,0
2026-01-08T06:40:00,Wockhardt_Hospital,223.13,0.0,18,0
2026-01-08T06:45:00,Lata_Mangeshkar_Hospital,225.39,0.0,31,0
2026-01-08T06:50:00,Wockhardt_Hospital,222.17,0.0,33,0
2026-01-08T06:55:00,Lata_Mangeshkar_Hospital,224.13,0.0,34,0
2026-01-08T07:00:00,Wockhardt_Hospital,223.19,0.0,37,0
2026-01-08T07:05:00,AIIMS_Nagpur,222.0,0.0,36,0
2026-01-08T07:10:00,GMC_Nagpur,222.55,0.0,32,0
2026-01-08T07:15:00,Lata_Mangeshkar_Hospital,219.87,0.0,33,0
2026-01-08T07:20:00,Lata_Mangeshkar_Hospital,220.65,0.0,41,0
2026-01-08T07:25:00,AIIMS_Nagpur,218.05,0.0,36,0
2026-01-08T07:30:00,Mayo_Hospital,219.22,0.0,46,0
2026-01-08T07:35:00,Lata_Mangeshkar_Hospital,220.18,0.0,33,0
2026-01-08T07:40:00,Mayo_Hospital,218.31,0.0,44,0
2026-01-08T07:45:00,Wockhardt_Hospital,219.88,0.0,48,0
2026-01-08T07:50:00,GMC_Nagpur,216.75,0.0,51,0
2026-01-08T07:55:00,GMC_Nagpur,218.83,0.0,40,0
2026-01-08T08:00:00,GMC_Nagpur,216.23,0.0,58,0
2026-01-08T08:05:00,Mayo_Hospital,218.25,0.0,45,0
2026-01-08T08:10:00,Mayo_Hospital,216.9,0.0,50,0
2026-01-08T08:15:00,Lata_Mangeshkar_Hospital,214.79,0.0,62,0
2026-01-08T08:20:00,Mayo_Hospital,214.23,0.0,55,0
2026-01-08T08:25:00,Mayo_Hospital,213.8,0.0,60,0
2026-01-08T08:30:00,GMC_Nagpur,214.85,0.0,56,0
2026-01-08T08:35:00,GMC_Nagpur,216.72,0.0,58,0
2026-01-08T08:40:00,Lata_Mangeshkar_Hospital,215.54,0.0,65,0
2026-01-08T08:45:00,GMC_Nagpur,214.82,0.0,61,0
2026-01-08T08:50:00,Wockhardt_Hospital,215.24,0.0,62,0
2026-01-08T08:55:00,AIIMS_Nagpur,217.04,0.0,57,0
2026-01-08T09:00:00,Mayo_Hospital,215.12,0.0,62,0
2026-01-08T09:05:00,AIIMS_Nagpur,216.21,0.0,58,0
2026-01-08T09:10:00,Mayo_Hospital,215.0,0.0,59,0
2026-01-08T09:15:00,Wockhardt_Hospital,214.3,0.0,74,0
2026-01-08T09:20:00,Mayo_Hospital,217.26,0.0,57,0
2026-01-08T09:25:00,AIIMS_Nagpur,215.2,0.0,75,0
2026-01-08T09:30:00,Lata_Mangeshkar_Hospital,215.57,0.0,76,0
2026-01-08T09:35:00,Mayo_Hospital,215.68,0.0,69,0
2026-01-08T09:40:00,Mayo_Hospital,219.15,0.01,77,0
2026-01-08T09:45:00,AIIMS_Nagpur,219.83,0.04,70,0
2026-01-08T09:50:00,Mayo_Hospital,220.74,0.0,62,0
2026-01-08T09:55:00,GMC_Nagpur,219.19,0.0,73,0
2026-01-08T10:00:00,AIIMS_Nagpur,219.63,0.03,70,0
2026-01-08T10:05:00,Wockhardt_Hospital,218.45,0.11,74,0
2026-01-08T10:10:00,Lata_Mangeshkar_Hospital,219.32,0.06,67,0
2026-01-08T10:15:00,AIIMS_Nagpur,221.34,0.05,67,0
2026-01-08T10:20:00,Lata_Mangeshkar_Hospital,219.88,0.08,77,0
2026-01-08T10:25:00,Wockhardt_Hospital,220.6,0.14,78,0
2026-01-08T10:30:00,GMC_Nagpur,222.24,0.13,70,0
2026-01-08T10:35:00,GMC_Nagpur,224.62,0.07,71,0
2026-01-08T10:40:00,Wockhardt_Hospital,222.52,0.13,72,0
2026-01-08T10:45:00,Wockhardt_Hospital,224.09,0.15,60,0
2026-01-08T10:50:00,AIIMS_Nagpur,224.95,0.16,65,0
2026-01-08T10:55:00,Wockhardt_Hospital,223.54,0.18,57,0
2026-01-08T11:00:00,Wockhardt_Hospital,224.27,0.13,69,0
2026-01-08T11:05:00,GMC_Nagpur,225.15,0.22,67,0
2026-01-08T11:10:00,Mayo_Hospital,224.27,0.17,65,0
2026-01-08T11:15:00,Lata_Mangeshkar_Hospital,226.76,0.15,54,0
2026-01-08T11:20:00,Lata_Mangeshkar_Hospital,223.76,0.23,57,0
2026-01-08T11:25:00,Mayo_Hospital,226.54,0.2,55,0
2026-01-08T11:30:00,GMC_Nagpur,224.73,0.16,63,0
2026-01-08T11:35:00,GMC_Nagpur,225.85,0.26,55,0
2026-01-08T11:40:00,GMC_Nagpur,224.84,0.25,46,0
2026-01-08T11:45:00,GMC_Nagpur,199.41,0.81,58,1
2026-01-08T11:50:00,Mayo_Hospital,224.58,0.2,48,0
2026-01-08T11:55:00,Wockhardt_Hospital,222.39,0.2,51,0
2026-01-08T12:00:00,AIIMS_Nagpur,223.17,0.25,59,0
2026-01-08T12:05:00,AIIMS_Nagpur,222.36,0.21,46,0
2026-01-08T12:10:00,GMC_Nagpur,221.71,0.2,46,0
2026-01-08T12:15:00,Mayo_Hospital,220.47,0.25,55,0
2026-01-08T12:20:00,Wockhardt_Hospital,222.24,0.24,42,0
2026-01-08T12:25:00,Wockhardt_Hospital,188.82,0.96,47,1
2026-01-08T12:30:00,Wockhardt_Hospital,219.93,0.27,34,0
2026-01-08T12:35:00,Wockhardt_Hospital,221.73,0.23,42,0
2026-01-08T12:40:00,Lata_Mangeshkar_Hospital,219.1,0.23,44,0
2026-01-08T12:45:00,AIIMS_Nagpur,219.84,0.28,38,0
2026-01-08T12:50:00,Lata_Mangeshkar_Hospital,217.35,0.24,40,0
2026-01-08T12:55:00,Lata_Mangeshkar_Hospital,219.9,0.24,41,0
2026-01-08T13:00:00,Mayo_Hospital,216.39,0.28,40,0
2026-01-08T13:05:00,GMC_Nagpur,216.09,0.25,40,0
2026-01-08T13:10:00,GMC_Nagpur,216.91,0.2,30,0
2026-01-08T13:15:00,Lata_Mangeshkar_Hospital,215.25,0.23,38,0
2026-01-08T13:20:00,Wockhardt_Hospital,217.6,0.21,33,0
2026-01-08T13:25:00,AIIMS_Nagpur,216.21,0.2,28,0
2026-01-08T13:30:00,AIIMS_Nagpur,217.2,0.26,21,0
2026-01-08T13:35:00,Wockhardt_Hospital,215.57,0.19,25,0
2026-01-08T13:40:00,Mayo_Hospital,216.18,0.17,15,0
2026-01-08T13:45:00,GMC_Nagpur,215.42,0.22,15,0
2026-01-08T13:50:00,AIIMS_Nagpur,213.48,0.19,11,0
2026-01-08T13:55:00,AIIMS_Nagpur,215.2,0.2,26,0
2026-01-08T14:00:00,Mayo_Hospital,214.48,0.23,13,0
2026-01-08T14:05:00,Lata_Mangeshkar_Hospital,215.06,0.2,10,0
2026-01-08T14:10:00,Mayo_Hospital,216.81,0.21,20,0
2026-01-08T14:15:00,Wockhardt_Hospital,215.08,0.12,10,0
2026-01-08T14:20:00,AIIMS_Nagpur,216.17,0.16,11,0
2026-01-08T14:25:00,Mayo_Hospital,216.45,0.17,10,0
2026-01-08T14:30:00,AIIMS_Nagpur,215.9,0.16,10,0
2026-01-08T14:35:00,Wockhardt_Hospital,215.6,0.13,21,0
2026-01-08T14:40:00,Mayo_Hospital,215.77,0.13,10,0
2026-01-08T14:45:00,AIIMS_Nagpur,217.02,0.14,16,0
2026-01-08T14:50:00,AIIMS_Nagpur,219.0,0.11,10,0
2026-01-08T14:55:00,Wockhardt_Hospital,218.71,0.07,12,0
2026-01-08T15:00:00,AIIMS_Nagpur,193.31,0.86,10,1
2026-01-08T15:05:00,AIIMS_Nagpur,217.4,0.09,17,0
2026-01-08T15:10:00,Lata_Mangeshkar_Hospital,221.0,0.05,15,0
2026-01-08T15:15:00,Wockhardt_Hospital,220.77,0.04,10,0
2026-01-08T15:20:00,Wockhardt_Hospital,219.76,0.08,11,0
2026-01-08T15:25:00,GMC_Nagpur,220.87,0.06,15,0
2026-01-08T15:30:00,Lata_Mangeshkar_Hospital,222.68,0.06,10,0
2026-01-08T15:35:00,GMC_Nagpur,221.56,0.01,14,0
2026-01-08T15:40:00,Wockhardt_Hospital,222.51,0.0,15,0
2026-01-08T15:45:00,GMC_Nagpur,221.25,0.02,20,0
2026-01-08T15:50:00,GMC_Nagpur,222.55,0.01,10,0
2026-01-08T15:55:00,AIIMS_Nagpur,223.79,0.0,17,0
2026-01-08T16:00:00,Wockhardt_Hospital,222.8,0.0,22,0
2026-01-08T16:05:00,Wockhardt_Hospital,226.17,0.0,11,0
2026-01-08T16:10:00,Lata_Mangeshkar_Hospital,222.76,0.0,10,0
2026-01-08T16:15:00,GMC_Nagpur,222.88,0.0,12,0
2026-01-08T16:20:00,GMC_Nagpur,225.04,0.0,20,0
2026-01-08T16:25:00,GMC_Nagpur,223.51,0.0,10,0
2026-01-08T16:30:00,Mayo_Hospital,225.66,0.0,23,0
2026-01-08T16:35:00,AIIMS_Nagpur,226.94,0.0,17,0
2026-01-08T16:40:00,AIIMS_Nagpur,224.51,0.0,15,0
2026-01-08T16:45:00,Mayo_Hospital,223.64,0.0,30,0
2026-01-08T16:50:00,GMC_Nagpur,226.29,0.0,31,0
2026-01-08T16:55:00,Mayo_Hospital,224.89,0.0,20,0
2026-01-08T17:00:00,GMC_Nagpur,224.06,0.0,25,0
2026-01-08T17:05:00,Lata_Mangeshkar_Hospital,225.29,0.0,35,0
2026-01-08T17:10:00,GMC_Nagpur,222.07,0.0,21,0
2026-01-08T17:15:00,Lata_Mangeshkar_Hospital,224.25,0.0,21,0
2026-01-08T17:20:00,Mayo_Hospital,221.62,0.0,27,0
2026-01-08T17:25:00,Lata_Mangeshkar_Hospital,224.45,0.0,24,0
2026-01-08T17:30:00,Lata_Mangeshkar_Hospital,223.53,0.0,27,0
2026-01-08T17:35:00,GMC_Nagpur,220.72,0.0,34,0
2026-01-08T17:40:00,Wockhardt_Hospital,222.05,0.0,37,0
2026-01-08T17:45:00,GMC_Nagpur,221.75,0.0,35,0
2026-01-08T17:50:00,GMC_Nagpur,219.01,0.0,45,0
2026-01-08T17:55:00,Mayo_Hospital,221.22,0.0,36,0
2026-01-08T18:00:00,Wockhardt_Hospital,220.31,0.0,38,0
2026-01-08T18:05:00,Lata_Mangeshkar_Hospital,216.96,0.0,48,0
2026-01-08T18:10:00,Mayo_Hospital,220.21,0.0,50,0
2026-01-08T18:15:00,GMC_Nagpur,216.13,0.0,44,0
2026-01-08T18:20:00,Lata_Mangeshkar_Hospital,218.73,0.0,54,0
2026-01-08T18:25:00,Wockhardt_Hospital,217.84,0.0,49,0
2026-01-08T18:30:00,Lata_Mangeshkar_Hospital,217.51,0.0,47,0
2026-01-08T18:35:00,AIIMS_Nagpur,217.14,0.0,53,0
2026-01-08T18:40:00,GMC_Nagpur,217.24,0.0,55,0
2026-01-08T18:45:00,Lata_Mangeshkar_Hospital,217.32,0.0,63,0
2026-01-08T18:50:00,AIIMS_Nagpur,216.63,0.0,54,0
2026-01-08T18:55:00,GMC_Nagpur,214.93,0.0,55,0
2026-01-08T19:00:00,GMC_Nagpur,213.83,0.0,67,0
2026-01-08T19:05:00,GMC_Nagpur,215.46,0.0,62,0
2026-01-08T19:10:00,Mayo_Hospital,216.06,0.0,70,0
2026-01-08T19:15:00,Lata_Mangeshkar_Hospital,215.01,0.0,64,0
2026-01-08T19:20:00,Mayo_Hospital,213.78,0.0,61,0
2026-01-08T19:25:00,Lata_Mangeshkar_Hospital,215.12,0.0,70,0
2026-01-08T19:30:00,Wockhardt_Hospital,215.4,0.0,69,0
2026-01-08T19:35:00,GMC_Nagpur,214.87,0.0,56,0
2026-01-08T19:40:00,GMC_Nagpur,216.36,0.0,56,0
2026-01-08T19:45:00,Wockhardt_Hospital,217.16,0.0,62,0
2026-01-08T19:50:00,AIIMS_Nagpur,217.65,0.0,62,0
2026-01-08T19:55:00,Wockhardt_Hospital,218.09,0.01,58,0
2026-01-08T20:00:00,GMC_Nagpur,219.05,0.02,63,0
2026-01-08T20:05:00,AIIMS_Nagpur,216.64,0.0,78,0
2026-01-08T20:10:00,Wockhardt_Hospital,217.99,0.04,79,0
2026-01-08T20:15:00,Lata_Mangeshkar_Hospital,219.9,0.02,76,0
2026-01-08T20:20:00,AIIMS_Nagpur,217.68,0.0,74,0
2026-01-08T20:25:00,Mayo_Hospital,218.74,0.0,64,0
2026-01-08T20:30:00,Mayo_Hospital,219.18,0.05,66,0
2026-01-08T20:35:00,GMC_Nagpur,219.03,0.08,74,0
2026-01-08T20:40:00,AIIMS_Nagpur,221.26,0.09,61,0
2026-01-08T20:45:00,Lata_Mangeshkar_Hospital,222.05,0.11,77,0
2026-01-08T20:50:00,Mayo_Hospital,221.52,0.09,66,0
2026-01-08T20:55:00,AIIMS_Nagpur,221.41,0.15,75,0
2026-01-08T21:00:00,Wockhardt_Hospital,222.58,0.1,74,0
2026-01-08T21:05:00,GMC_Nagpur,224.07,0.12,75,0
2026-01-08T21:10:00,AIIMS_Nagpur,222.69,0.13,60,0
2026-01-08T21:15:00,GMC_Nagpur,222.67,0.15,69,0
2026-01-08T21:20:00,Mayo_Hospital,223.25,0.18,64,0
2026-01-08T21:25:00,AIIMS_Nagpur,226.1,0.11,63,0
2026-01-08T21:30:00,Mayo_Hospital,225.39,0.12,72,0
2026-01-08T21:35:00,GMC_Nagpur,226.07,0.21,70,0
2026-01-08T21:40:00,Wockhardt_Hospital,225.26,0.22,55,0
2026-01-08T21:45:00,Mayo_Hospital,224.05,0.19,54,0
2026-01-08T21:50:00,AIIMS_Nagpur,226.81,0.23,70,0
2026-01-08T21:55:00,AIIMS_Nagpur,226.07,0.15,69,0
2026-01-08T22:00:00,Wockhardt_Hospital,225.74,0.18,56,0
2026-01-08T22:05:00,Lata_Mangeshkar_Hospital,225.56,0.25,47,0
2026-01-08T22:10:00,GMC_Nagpur,226.37,0.18,60,0
2026-01-08T22:15:00,AIIMS_Nagpur,225.79,0.19,47,0
2026-01-08T22:20:00,Lata_Mangeshkar_Hospital,223.22,0.2,61,0
2026-01-08T22:25:00,Lata_Mangeshkar_Hospital,222.98,0.2,46,0
2026-01-08T22:30:00,Wockhardt_Hospital,221.97,0.2,55,0
2026-01-08T22:35:00,GMC_Nagpur,223.25,0.2,55,0
2026-01-08T22:40:00,Mayo_Hospital,222.78,0.27,41,0
2026-01-08T22:45:00,AIIMS_Nagpur,221.82,0.2,42,0
2026-01-08T22:50:00,GMC_Nagpur,221.4,0.29,43,0
2026-01-08T22:55:00,Lata_Mangeshkar_Hospital,221.93,0.29,53,0
2026-01-08T23:00:00,Wockhardt_Hospital,222.06,0.2,48,0
2026-01-08T23:05:00,Lata_Mangeshkar_Hospital,220.75,0.25,43,0
2026-01-08T23:10:00,Wockhardt_Hospital,220.53,0.24,41,0
2026-01-08T23:15:00,Lata_Mangeshkar_Hospital,220.48,0.27,32,0
2026-01-08T23:20:00,Lata_Mangeshkar_Hospital,218.07,0.25,27,0
2026-01-08T23:25:00,Wockhardt_Hospital,220.03,0.26,25,0
2026-01-08T23:30:00,Mayo_Hospital,218.36,0.28,35,0
2026-01-08T23:35:00,GMC_Nagpur,218.72,0.29,21,0
2026-01-08T23:40:00,Mayo_Hospital,216.03,0.24,22,0
2026-01-08T23:45:00,GMC_Nagpur,215.92,0.21,24,0
2026-01-08T23:50:00,AIIMS_Nagpur,214.78,0.18,23,0
2026-01-08T23:55:00,GMC_Nagpur,214.27,0.22,24,0
2026-01-09T00:00:00,Lata_Mangeshkar_Hospital,217.03,0.22,22,0
2026-01-09T00:05:00,AIIMS_Nagpur,215.62,0.24,16,0
2026-01-09T00:10:00,Mayo_Hospital,216.28,0.24,25,0
2026-01-09T00:15:00,AIIMS_Nagpur,215.64,0.24,21,0
2026-01-09T00:20:00,AIIMS_Nagpur,215.59,0.19,21,0
2026-01-09T00:25:00,GMC_Nagpur,216.2,0.16,26,0
2026-01-09T00:30:00,Mayo_Hospital,213.57,0.23,11,0
2026-01-09T00:35:00,Lata_Mangeshkar_Hospital,213.91,0.13,20,0
2026-01-09T00:40:00,Wockhardt_Hospital,214.06,0.13,10,0
2026-01-09T00:45:00,GMC_Nagpur,215.99,0.19,10,0
2026-01-09T00:50:00,AIIMS_Nagpur,215.56,0.18,14,0
2026-01-09T00:55:00,AIIMS_Nagpur,214.18,0.14,10,0
2026-01-09T01:00:00,Lata_Mangeshkar_Hospital,217.82,0.15,10,0
2026-01-09T01:05:00,GMC_Nagpur,218.08,0.1,18,0
2026-01-09T01:10:00,AIIMS_Nagpur,218.41,0.08,10,0
2026-01-09T01:15:00,AIIMS_Nagpur,217.38,0.08,10,0
2026-01-09T01:20:00,GMC_Nagpur,218.67,0.06,10,0
2026-01-09T01:25:00,GMC_Nagpur,219.85,0.1,18,0
2026-01-09T01:30:00,AIIMS_Nagpur,217.19,0.07,14,0
2026-01-09T01:35:00,Mayo_Hospital,219.26,0.02,10,0
2026-01-09T01:40:00,Wockhardt_Hospital,217.77,0.03,10,0
2026-01-09T01:45:00,GMC_Nagpur,220.83,0.06,11,0
2026-01-09T01:50:00,AIIMS_Nagpur,221.2,0.07,10,0
2026-01-09T01:55:00,Wockhardt_Hospital,220.08,0.03,14,0
2026-01-09T02:00:00,Mayo_Hospital,221.18,0.05,10,0
2026-01-09T02:05:00,Lata_Mangeshkar_Hospital,222.74,0.05,10,0
2026-01-09T02:10:00,Wockhardt_Hospital,222.99,0.0,11,0
2026-01-09T02:15:00,Mayo_Hospital,222.03,0.0,10,0
2026-01-09T02:20:00,Lata_Mangeshkar_Hospital,224.85,0.0,14,0
2026-01-09T02:25:00,AIIMS_Nagpur,224.25,0.0,13,0
2026-01-09T02:30:00,AIIMS_Nagpur,224.29,0.0,17,0
2026-01-09T02:35:00,Mayo_Hospital,223.41,0.0,18,0
2026-01-09T02:40:00,AIIMS_Nagpur,225.68,0.0,17,0
2026-01-09T02:45:00,Lata_Mangeshkar_Hospital,223.86,0.0,13,0
2026-01-09T02:50:00,GMC_Nagpur,225.83,0.0,17,0
2026-01-09T02:55:00,Mayo_Hospital,225.72,0.0,19,0
2026-01-09T03:00:00,AIIMS_Nagpur,223.18,0.0,13,0
2026-01-09T03:05:00,GMC_Nagpur,226.32,0.0,10,0
2026-01-09T03:10:00,GMC_Nagpur,225.11,0.0,20,0
2026-01-09T03:15:00,Wockhardt_Hospital,226.6,0.0,30,0
2026-01-09T03:20:00,GMC_Nagpur,224.89,0.0,21,0
2026-01-09T03:25:00,GMC_Nagpur,226.01,0.0,14,0
2026-01-09T03:30:00,AIIMS_Nagpur,224.35,0.0,17,0
2026-01-09T03:35:00,Lata_Mangeshkar_Hospital,223.59,0.0,28,0
2026-01-09T03:40:00,GMC_Nagpur,224.43,0.0,32,0
2026-01-09T03:45:00,Lata_Mangeshkar_Hospital,223.01,0.0,21,0
2026-01-09T03:50:00,Wockhardt_Hospital,222.99,0.0,34,0
2026-01-09T03:55:00,AIIMS_Nagpur,221.96,0.0,32,0
2026-01-09T04:00:00,Lata_Mangeshkar_Hospital,222.21,0.0,29,0
2026-01-09T04:05:00,Wockhardt_Hospital,220.82,0.0,29,0
2026-01-09T04:10:00,Lata_Mangeshkar_Hospital,221.43,0.0,37,0
2026-01-09T04:15:00,Mayo_Hospital,219.07,0.0,34,0
2026-01-09T04:20:00,Mayo_Hospital,219.26,0.0,48,0
2026-01-09T04:25:00,AIIMS_Nagpur,220.11,0.0,50,0
2026-01-09T04:30:00,Lata_Mangeshkar_Hospital,221.08,0.0,46,0
2026-01-09T04:35:00,Lata_Mangeshkar_Hospital,218.73,0.0,39,0
2026-01-09T04:40:00,Wockhardt_Hospital,220.01,0.0,47,0
2026-01-09T04:45:00,Mayo_Hospital,218.74,0.0,51,0
2026-01-09T04:50:00,Lata_Mangeshkar_Hospital,215.47,0.0,45,0
2026-01-09T04:55:00,Lata_Mangeshkar_Hospital,218.02,0.0,46,0
2026-01-09T05:00:00,AIIMS_Nagpur,216.48,0.0,52,0
2026-01-09T05:05:00,Mayo_Hospital,214.76,0.0,57,0
2026-01-09T05:10:00,Mayo_Hospital,216.05,0.0,54,0
2026-01-09T05:15:00,AIIMS_Nagpur,217.52,0.0,47,0
2026-01-09T05:20:00,Wockhardt_Hospital,216.19,0.0,51,0
2026-01-09T05:25:00,Wockhardt_Hospital,216.91,0.0,63,0
2026-01-09T05:30:00,Wockhardt_Hospital,215.47,0.0,50,0
2026-01-09T05:35:00,AIIMS_Nagpur,215.8,0.0,56,0
2026-01-09T05:40:00,Lata_Mangeshkar_Hospital,214.85,0.0,62,0
2026-01-09T05:45:00,Wockhardt_Hospital,215.08,0.0,58,0
2026-01-09T05:50:00,Lata_Mangeshkar_Hospital,214.8,0.0,60,0
2026-01-09T05:55:00,Lata_Mangeshkar_Hospital,216.66,0.0,68,0
2026-01-09T06:00:00,GMC_Nagpur,217.12,0.0,57,0
2026-01-09T06:05:00,Mayo_Hospital,214.45,0.0,56,0
2026-01-09T06:10:00,Wockhardt_Hospital,214.32,0.0,62,0
2026-01-09T06:15:00,AIIMS_Nagpur,215.85,0.0,60,0
2026-01-09T06:20:00,Lata_Mangeshkar_Hospital,218.16,0.0,62,0
2026-01-09T06:25:00,Mayo_Hospital,217.83,0.0,62,0
2026-01-09T06:30:00,Lata_Mangeshkar_Hospital,186.61,0.81,76,1
2026-01-09T06:35:00,Mayo_Hospital,219.43,0.02,67,0
2026-01-09T06:40:00,Lata_Mangeshkar_Hospital,219.42,0.05,65,0
2026-01-09T06:45:00,Wockhardt_Hospital,218.35,0.07,65,0
2026-01-09T06:50:00,GMC_Nagpur,220.73,0.0,75,0
2026-01-09T06:55:00,GMC_Nagpur,218.25,0.03,74,0
2026-01-09T07:00:00,AIIMS_Nagpur,219.87,0.06,78,0
2026-01-09T07:05:00,AIIMS_Nagpur,219.55,0.03,64,0
2026-01-09T07:10:00,Mayo_Hospital,219.55,0.1,71,0
2026-01-09T07:15:00,AIIMS_Nagpur,222.77,0.12,70,0
2026-01-09T07:20:00,Wockhardt_Hospital,224.01,0.11,72,0
2026-01-09T07:25:00,AIIMS_Nagpur,223.55,0.06,77,0
2026-01-09T07:30:00,Wockhardt_Hospital,224.75,0.15,72,0
2026-01-09T07:35:00,AIIMS_Nagpur,223.72,0.13,67,0
2026-01-09T07:40:00,AIIMS_Nagpur,222.2,0.11,65,0
2026-01-09T07:45:00,AIIMS_Nagpur,224.79,0.19,72,0
2026-01-09T07:50:00,AIIMS_Nagpur,222.77,0.2,62,0
2026-01-09T07:55:00,GMC_Nagpur,225.37,0.18,58,0
2026-01-09T08:00:00,Wockhardt_Hospital,224.72,0.15,58,0
2026-01-09T08:05:00,Lata_Mangeshkar_Hospital,224.63,0.15,65,0
2026-01-09T08:10:00,Lata_Mangeshkar_Hospital,224.11,0.16,68,0
2026-01-09T08:15:00,Mayo_Hospital,225.07,0.18,70,0
2026-01-09T08:20:00,AIIMS_Nagpur,224.3,0.22,60,0
2026-01-09T08:25:00,Lata_Mangeshkar_Hospital,223.32,0.24,65,0
2026-01-09T08:30:00,Lata_Mangeshkar_Hospital,223.34,0.25,54,0
2026-01-09T08:35:00,GMC_Nagpur,223.75,0.25,56,0
2026-01-09T08:40:00,Lata_Mangeshkar_Hospital,176.95,1.08,52,1
2026-01-09T08:45:00,AIIMS_Nagpur,225.34,0.25,63,0
2026-01-09T08:50:00,GMC_Nagpur,224.13,0.26,51,0
2026-01-09T08:55:00,Lata_Mangeshkar_Hospital,223.58,0.22,49,0
2026-01-09T09:00:00,Wockhardt_Hospital,224.2,0.26,45,0
2026-01-09T09:05:00,AIIMS_Nagpur,221.64,0.25,45,0
2026-01-09T09:10:00,Mayo_Hospital,221.13,0.25,42,0
2026-01-09T09:15:00,Wockhardt_Hospital,223.36,0.24,44,0
2026-01-09T09:20:00,AIIMS_Nagpur,222.83,0.26,35,0
2026-01-09T09:25:00,Wockhardt_Hospital,220.44,0.23,52,0
2026-01-09T09:30:00,GMC_Nagpur,222.09,0.24,44,0
2026-01-09T09:35:00,Lata_Mangeshkar_Hospital,218.07,0.29,30,0
2026-01-09T09:40:00,Mayo_Hospital,220.39,0.25,39,0
2026-01-09T09:45:00,Wockhardt_Hospital,219.04,0.26,35,0
2026-01-09T09:50:00,Mayo_Hospital,217.47,0.21,32,0
2026-01-09T09:55:00,GMC_Nagpur,218.45,0.27,41,0
2026-01-09T10:00:00,Lata_Mangeshkar_Hospital,218.1,0.29,40,0
2026-01-09T10:05:00,Mayo_Hospital,219.08,0.28,35,0
2026-01-09T10:10:00,Lata_Mangeshkar_Hospital,215.87,0.28,20,0
2026-01-09T10:15:00,GMC_Nagpur,217.68,0.25,35,0
2026-01-09T10:20:00,AIIMS_Nagpur,215.95,0.19,24,0
2026-01-09T10:25:00,Mayo_Hospital,217.77,0.25,25,0
2026-01-09T10:30:00,Mayo_Hospital,214.56,0.18,24,0
2026-01-09T10:35:00,Lata_Mangeshkar_Hospital,215.22,0.25,18,0
2026-01-09T10:40:00,Lata_Mangeshkar_Hospital,213.93,0.17,30,0
2026-01-09T10:45:00,GMC_Nagpur,215.62,0.22,23,0
2026-01-09T10:50:00,AIIMS_Nagpur,213.09,0.16,20,0
2026-01-09T10:55:00,Wockhardt_Hospital,213.9,0.17,28,0
2026-01-09T11:00:00,AIIMS_Nagpur,216.83,0.19,18,0
2026-01-09T11:05:00,Wockhardt_Hospital,214.12,0.16,20,0
2026-01-09T11:10:00,Mayo_Hospital,217.14,0.2,13,0
2026-01-09T11:15:00,Wockhardt_Hospital,214.09,0.16,10,0
2026-01-09T11:20:00,GMC_Nagpur,215.53,0.12,17,0
2026-01-09T11:25:00,Mayo_Hospital,215.65,0.16,10,0
2026-01-09T11:30:00,GMC_Nagpur,217.31,0.16,16,0
2026-01-09T11:35:00,Lata_Mangeshkar_Hospital,216.96,0.12,10,0
2026-01-09T11:40:00,Lata_Mangeshkar_Hospital,218.7,0.1,10,0
2026-01-09T11:45:00,Mayo_Hospital,215.45,0.11,18,0
2026-01-09T11:50:00,GMC_Nagpur,217.97,0.1,18,0
2026-01-09T11:55:00,Lata_Mangeshkar_Hospital,220.27,0.05,17,0
2026-01-09T12:00:00,AIIMS_Nagpur,218.39,0.08,10,0
2026-01-09T12:05:00,Mayo_Hospital,219.65,0.03,10,0
2026-01-09T12:10:00,GMC_Nagpur,217.89,0.06,10,0
2026-01-09T12:15:00,Mayo_Hospital,218.48,0.01,11,0
2026-01-09T12:20:00,Wockhardt_Hospital,222.01,0.06,10,0
2026-01-09T12:25:00,Wockhardt_Hospital,222.04,0.03,10,0
2026-01-09T12:30:00,AIIMS_Nagpur,219.91,0.02,13,0
2026-01-09T12:35:00,Lata_Mangeshkar_Hospital,221.84,0.0,10,0
2026-01-09T12:40:00,Wockhardt_Hospital,221.82,0.0,11,0
2026-01-09T12:45:00,Lata_Mangeshkar_Hospital,222.52,0.0,20,0
2026-01-09T12:50:00,GMC_Nagpur,221.47,0.02,15,0
2026-01-09T12:55:00,Lata_Mangeshkar_Hospital,225.65,0.0,10,0
2026-01-09T13:00:00,Mayo_Hospital,223.13,0.0,15,0
2026-01-09T13:05:00,Mayo_Hospital,224.9,0.0,19,0
2026-01-09T13:10:00,Wockhardt_Hospital,226.45,0.0,10,0
2026-01-09T13:15:00,Lata_Mangeshkar_Hospital,223.86,0.0,22,0
2026-01-09T13:20:00,Wockhardt_Hospital,224.51,0.0,21,0
2026-01-09T13:25:00,Lata_Mangeshkar_Hospital,224.16,0.0,27,0
2026-01-09T13:30:00,GMC_Nagpur,225.85,0.0,15,0
2026-01-09T13:35:00,Wockhardt_Hospital,175.16,0.83,19,1
2026-01-09T13:40:00,Mayo_Hospital,223.14,0.0,23,0
2026-01-09T13:45:00,GMC_Nagpur,225.5,0.0,19,0
2026-01-09T13:50:00,Lata_Mangeshkar_Hospital,224.2,0.0,14,0
2026-01-09T13:55:00,Lata_Mangeshkar_Hospital,224.68,0.0,21,0
2026-01-09T14:00:00,Lata_Mangeshkar_Hospital,222.57,0.0,32,0
2026-01-09T14:05:00,AIIMS_Nagpur,225.21,0.0,34,0
2026-01-09T14:10:00,Lata_Mangeshkar_Hospital,222.08,0.0,23,0
2026-01-09T14:15:00,Lata_Mangeshkar_Hospital,222.0,0.0,28,0
2026-01-09T14:20:00,Mayo_Hospital,224.68,0.0,32,0
2026-01-09T14:25:00,Lata_Mangeshkar_Hospital,221.57,0.0,24,0
2026-01-09T14:30:00,GMC_Nagpur,222.4,0.0,28,0
2026-01-09T14:35:00,Wockhardt_Hospital,221.45,0.0,35,0
2026-01-09T14:40:00,Wockhardt_Hospital,219.78,0.0,44,0
2026-01-09T14:45:00,Wockhardt_Hospital,220.61,0.0,39,0
2026-01-09T14:50:00,Wockhardt_Hospital,219.9,0.0,47,0
2026-01-09T14:55:00,Wockhardt_Hospital,220.98,0.0,37,0
2026-01-09T15:00:00,GMC_Nagpur,217.62,0.0,45,0
2026-01-09T15:05:00,Lata_Mangeshkar_Hospital,216.78,0.0,43,0
2026-01-09T15:10:00,Mayo_Hospital,218.44,0.0,41,0
2026-01-09T15:15:00,Lata_Mangeshkar_Hospital,219.36,0.0,56,0
2026-01-09T15:20:00,GMC_Nagpur,218.5,0.0,53,0
2026-01-09T15:25:00,Mayo_Hospital,215.46,0.0,58,0
2026-01-09T15:30:00,GMC_Nagpur,216.23,0.0,52,0
2026-01-09T15:35:00,AIIMS_Nagpur,214.05,0.0,52,0
2026-01-09T15:40:00,AIIMS_Nagpur,215.32,0.0,46,0
2026-01-09T15:45:00,GMC_Nagpur,217.22,0.0,50,0
2026-01-09T15:50:00,Mayo_Hospital,213.42,0.0,48,0
2026-01-09T15:55:00,Wockhardt_Hospital,215.58,0.0,60,0
2026-01-09T16:00:00,GMC_Nagpur,216.26,0.0,60,0
2026-01-09T16:05:00,Wockhardt_Hospital,213.4,0.0,69,0
2026-01-09T16:10:00,AIIMS_Nagpur,216.19,0.0,68,0
2026-01-09T16:15:00,Wockhardt_Hospital,216.13,0.0,59,0
2026-01-09T16:20:00,Mayo_Hospital,216.98,0.0,69,0
2026-01-09T16:25:00,Wockhardt_Hospital,216.13,0.0,58,0
2026-01-09T16:30:00,GMC_Nagpur,217.1,0.0,69,0
2026-01-09T16:35:00,Lata_Mangeshkar_Hospital,214.95,0.0,74,0
2026-01-09T16:40:00,Mayo_Hospital,215.4,0.0,66,0
2026-01-09T16:45:00,Mayo_Hospital,217.77,0.0,66,0
2026-01-09T16:50:00,Lata_Mangeshkar_Hospital,218.31,0.02,74,0
2026-01-09T16:55:00,Mayo_Hospital,215.4,0.03,62,0
2026-01-09T17:00:00,Lata_Mangeshkar_Hospital,217.02,0.0,62,0
2026-01-09T17:05:00,Lata_Mangeshkar_Hospital,217.25,0.04,66,0
2026-01-09T17:10:00,Mayo_Hospital,220.18,0.02,64,0
2026-01-09T17:15:00,Lata_Mangeshkar_Hospital,217.01,0.06,60,0
2026-01-09T17:20:00,Lata_Mangeshkar_Hospital,220.43,0.0,75,0
2026-01-09T17:25:00,GMC_Nagpur,221.32,0.09,70,0
2026-01-09T17:30:00,AIIMS_Nagpur,219.1,0.08,72,0
2026-01-09T17:35:00,GMC_Nagpur,178.32,0.82,79,1
2026-01-09T17:40:00,Mayo_Hospital,220.56,0.09,76,0
2026-01-09T17:45:00,Wockhardt_Hospital,220.93,0.09,70,0
2026-01-09T17:50:00,GMC_Nagpur,222.69,0.11,66,0
2026-01-09T17:55:00,GMC_Nagpur,221.71,0.12,70,0
2026-01-09T18:00:00,Lata_Mangeshkar_Hospital,223.68,0.14,70,0
2026-01-09T18:05:00,Lata_Mangeshkar_Hospital,222.3,0.1,63,0
2026-01-09T18:10:00,Mayo_Hospital,225.53,0.1,68,0
2026-01-09T18:15:00,GMC_Nagpur,223.36,0.09,66,0
2026-01-09T18:20:00,AIIMS_Nagpur,225.46,0.15,57,0
2026-01-09T18:25:00,Wockhardt_Hospital,224.01,0.17,74,0
2026-01-09T18:30:00,Wockhardt_Hospital,223.25,0.17,68,0
2026-01-09T18:35:00,Wockhardt_Hospital,225.46,0.16,55,0
2026-01-09T18:40:00,AIIMS_Nagpur,224.72,0.19,66,0
2026-01-09T18:45:00,GMC_Nagpur,224.1,0.24,63,0
2026-01-09T18:50:00,AIIMS_Nagpur,223.24,0.22,51,0
2026-01-09T18:55:00,GMC_Nagpur,225.32,0.2,66,0
2026-01-09T19:00:00,AIIMS_Nagpur,222.83,0.23,56,0
2026-01-09T19:05:00,Mayo_Hospital,225.14,0.24,54,0
2026-01-09T19:10:00,Mayo_Hospital,226.18,0.22,50,0
2026-01-09T19:15:00,GMC_Nagpur,223.77,0.22,52,0
2026-01-09T19:20:00,Wockhardt_Hospital,224.51,0.22,58,0
2026-01-09T19:25:00,Mayo_Hospital,221.95,0.28,52,0
2026-01-09T19:30:00,Wockhardt_Hospital,221.99,0.27,47,0
2026-01-09T19:35:00,GMC_Nagpur,223.72,0.26,52,0
2026-01-09T19:40:00,Wockhardt_Hospital,220.47,0.25,37,0
2026-01-09T19:45:00,Mayo_Hospital,222.81,0.21,41,0
2026-01-09T19:50:00,Mayo_Hospital,220.15,0.29,36,0
2026-01-09T19:55:00,GMC_Nagpur,219.1,0.29,40,0
2026-01-09T20:00:00,Wockhardt_Hospital,219.28,0.24,31,0
2026-01-09T20:05:00,Lata_Mangeshkar_Hospital,221.37,0.21,35,0
2026-01-09T20:10:00,GMC_Nagpur,220.14,0.26,28,0
2026-01-09T20:15:00,AIIMS_Nagpur,217.07,0.26,43,0
2026-01-09T20:20:00,Mayo_Hospital,220.18,0.2,31,0
2026-01-09T20:25:00,GMC_Nagpur,219.18,0.25,32,0
2026-01-09T20:30:00,AIIMS_Nagpur,216.24,0.26,30,0
2026-01-09T20:35:00,Wockhardt_Hospital,217.53,0.21,21,0
2026-01-09T20:40:00,Lata_Mangeshkar_Hospital,218.3,0.26,33,0
2026-01-09T20:45:00,Wockhardt_Hospital,214.53,0.2,34,0
2026-01-09T20:50:00,AIIMS_Nagpur,215.12,0.27,24,0
2026-01-09T20:55:00,GMC_Nagpur,217.61,0.19,34,0
2026-01-09T21:00:00,GMC_Nagpur,214.82,0.22,26,0
2026-01-09T21:05:00,GMC_Nagpur,213.48,0.26,24,0
2026-01-09T21:10:00,Mayo_Hospital,213.6,0.2,31,0
2026-01-09T21:15:00,AIIMS_Nagpur,214.43,0.25,21,0
2026-01-09T21:20:00,Lata_Mangeshkar_Hospital,213.15,0.22,26,0
2026-01-09T21:25:00,Wockhardt_Hospital,215.07,0.24,19,0
2026-01-09T21:30:00,AIIMS_Nagpur,216.28,0.2,12,0
2026-01-09T21:35:00,GMC_Nagpur,215.91,0.13,10,0
2026-01-09T21:40:00,Lata_Mangeshkar_Hospital,189.17,0.94,14,1
2026-01-09T21:45:00,Mayo_Hospital,214.33,0.14,22,0
2026-01-09T21:50:00,Wockhardt_Hospital,214.16,0.1,10,0
2026-01-09T21:55:00,Wockhardt_Hospital,217.88,0.16,10,0
2026-01-09T22:00:00,Mayo_Hospital,215.07,0.15,11,0
2026-01-09T22:05:00,Wockhardt_Hospital,216.64,0.12,18,0
2026-01-09T22:10:00,Wockhardt_Hospital,218.36,0.13,20,0
2026-01-09T22:15:00,Mayo_Hospital,219.02,0.1,19,0
2026-01-09T22:20:00,AIIMS_Nagpur,216.8,0.04,14,0
2026-01-09T22:25:00,Mayo_Hospital,217.44,0.05,10,0
2026-01-09T22:30:00,AIIMS_Nagpur,220.5,0.11,10,0
2026-01-09T22:35:00,AIIMS_Nagpur,220.38,0.03,19,0
2026-01-09T22:40:00,AIIMS_Nagpur,218.94,0.1,15,0
2026-01-09T22:45:00,Mayo_Hospital,220.38,0.04,10,0
2026-01-09T22:50:00,AIIMS_Nagpur,221.67,0.0,16,0
2026-01-09T22:55:00,GMC_Nagpur,219.8,0.02,10,0
2026-01-09T23:00:00,GMC_Nagpur,223.31,0.0,10,0
2026-01-09T23:05:00,AIIMS_Nagpur,220.7,0.0,16,0
2026-01-09T23:10:00,Mayo_Hospital,221.63,0.0,13,0
2026-01-09T23:15:00,GMC_Nagpur,223.28,0.0,20,0
2026-01-09T23:20:00,Wockhardt_Hospital,222.64,0.0,18,0
2026-01-09T23:25:00,Mayo_Hospital,223.17,0.0,20,0
2026-01-09T23:30:00,GMC_Nagpur,222.9,0.0,18,0
2026-01-09T23:35:00,Lata_Mangeshkar_Hospital,225.24,0.0,10,0
2026-01-09T23:40:00,Wockhardt_Hospital,223.18,0.0,16,0
2026-01-09T23:45:00,GMC_Nagpur,224.02,0.0,23,0
2026-01-09T23:50:00,GMC_Nagpur,224.27,0.0,10,0
2026-01-09T23:55:00,AIIMS_Nagpur,225.12,0.0,26,0
2026-01-10T00:00:00,Mayo_Hospital,224.45,0.0,23,0
2026-01-10T00:05:00,Mayo_Hospital,223.77,0.0,19,0
2026-01-10T00:10:00,Wockhardt_Hospital,223.23,0.0,21,0
2026-01-10T00:15:00,Mayo_Hospital,226.02,0.0,26,0
2026-01-10T00:20:00,GMC_Nagpur,224.82,0.0,21,0
2026-01-10T00:25:00,GMC_Nagpur,222.37,0.0,29,0
2026-01-10T00:30:00,Wockhardt_Hospital,224.7,0.0,30,0
2026-01-10T00:35:00,Wockhardt_Hospital,222.71,0.0,24,0
2026-01-10T00:40:00,Wockhardt_Hospital,223.36,0.0,31,0
2026-01-10T00:45:00,Lata_Mangeshkar_Hospital,224.18,0.0,35,0
2026-01-10T00:50:00,GMC_Nagpur,224.19,0.0,36,0
2026-01-10T00:55:00,Mayo_Hospital,223.06,0.0,25,0
2026-01-10T01:00:00,GMC_Nagpur,220.3,0.0,39,0
2026-01-10T01:05:00,AIIMS_Nagpur,221.03,0.0,38,0
2026-01-10T01:10:00,Wockhardt_Hospital,219.41,0.0,38,0
2026-01-10T01:15:00,Lata_Mangeshkar_Hospital,218.71,0.0,47,0
2026-01-10T01:20:00,GMC_Nagpur,220.4,0.0,42,0
2026-01-10T01:25:00,Mayo_Hospital,218.31,0.0,48,0
2026-01-10T01:30:00,Wockhardt_Hospital,219.27,0.0,52,0
2026-01-10T01:35:00,Mayo_Hospital,219.64,0.0,39,0
2026-01-10T01:40:00,Mayo_Hospital,217.0,0.0,54,0
2026-01-10T01:45:00,Wockhardt_Hospital,216.05,0.0,44,0
2026-01-10T01:50:00,Wockhardt_Hospital,216.68,0.0,50,0
2026-01-10T01:55:00,Mayo_Hospital,216.37,0.0,43,0
2026-01-10T02:00:00,AIIMS_Nagpur,214.26,0.0,58,0
2026-01-10T02:05:00,AIIMS_Nagpur,216.03,0.0,48,0
2026-01-10T02:10:00,Lata_Mangeshkar_Hospital,217.46,0.0,56,0
2026-01-10T02:15:00,Lata_Mangeshkar_Hospital,215.92,0.0,49,0
2026-01-10T02:20:00,Lata_Mangeshkar_Hospital,214.3,0.0,54,0
2026-01-10T02:25:00,Mayo_Hospital,215.41,0.0,54,0
2026-01-10T02:30:00,Wockhardt_Hospital,189.41,0.82,62,1
2026-01-10T02:35:00,GMC_Nagpur,213.66,0.0,69,0
2026-01-10T02:40:00,Mayo_Hospital,215.42,0.0,56,0
2026-01-10T02:45:00,Lata_Mangeshkar_Hospital,213.97,0.0,55,0
2026-01-10T02:50:00,GMC_Nagpur,214.65,0.0,64,0
2026-01-10T02:55:00,Mayo_Hospital,213.42,0.0,73,0
2026-01-10T03:00:00,GMC_Nagpur,213.81,0.0,73,0
2026-01-10T03:05:00,Mayo_Hospital,214.71,0.0,71,0
2026-01-10T03:10:00,GMC_Nagpur,216.83,0.0,58,0
2026-01-10T03:15:00,Wockhardt_Hospital,215.45,0.0,65,0
2026-01-10T03:20:00,Wockhardt_Hospital,217.22,0.02,69,0
2026-01-10T03:25:00,AIIMS_Nagpur,217.47,0.0,74,0
2026-01-10T03:30:00,Lata_Mangeshkar_Hospital,219.57,0.0,61,0
2026-01-10T03:35:00,GMC_Nagpur,217.31,0.0,60,0
2026-01-10T03:40:00,Wockhardt_Hospital,216.95,0.06,73,0
2026-01-10T03:45:00,Lata_Mangeshkar_Hospital,219.01,0.0,69,0
2026-01-10T03:50:00,GMC_Nagpur,217.62,0.03,70,0
2026-01-10T03:55:00,Wockhardt_Hospital,218.19,0.05,73,0
2026-01-10T04:00:00,Wockhardt_Hospital,220.41,0.05,61,0
2026-01-10T04:05:00,Wockhardt_Hospital,221.47,0.11,74,0
2026-01-10T04:10:00,Wockhardt_Hospital,222.09,0.1,69,0
2026-01-10T04:15:00,GMC_Nagpur,223.6,0.1,78,0
2026-01-10T04:20:00,Wockhardt_Hospital,222.75,0.1,63,0
2026-01-10T04:25:00,AIIMS_Nagpur,222.02,0.1,70,0
2026-01-10T04:30:00,Mayo_Hospital,221.64,0.09,61,0
2026-01-10T04:35:00,AIIMS_Nagpur,222.89,0.14,67,0
2026-01-10T04:40:00,GMC_Nagpur,225.92,0.1,66,0
2026-01-10T04:45:00,Wockhardt_Hospital,223.54,0.1,71,0
2026-01-10T04:50:00,Wockhardt_Hospital,222.91,0.11,67,0
2026-01-10T04:55:00,AIIMS_Nagpur,224.31,0.14,65,0
2026-01-10T05:00:00,Wockhardt_Hospital,225.97,0.17,66,0
2026-01-10T05:05:00,Mayo_Hospital,225.85,0.2,63,0
2026-01-10T05:10:00,Wockhardt_Hospital,223.87,0.21,54,0
2026-01-10T05:15:00,Mayo_Hospital,223.99,0.16,53,0
2026-01-10T05:20:00,AIIMS_Nagpur,223.75,0.22,64,0
2026-01-10T05:25:00,AIIMS_Nagpur,223.21,0.25,62,0
2026-01-10T05:30:00,Lata_Mangeshkar_Hospital,224.48,0.17,49,0
2026-01-10T05:35:00,Lata_Mangeshkar_Hospital,225.99,0.25,47,0
2026-01-10T05:40:00,GMC_Nagpur,223.8,0.24,50,0
2026-01-10T05:45:00,Wockhardt_Hospital,223.11,0.2,50,0
2026-01-10T05:50:00,Mayo_Hospital,222.91,0.25,47,0
2026-01-10T05:55:00,Wockhardt_Hospital,221.72,0.29,42,0
2026-01-10T06:00:00,Wockhardt_Hospital,221.45,0.28,50,0
2026-01-10T06:05:00,GMC_Nagpur,223.67,0.19,38,0
2026-01-10T06:10:00,Mayo_Hospital,220.91,0.24,47,0
2026-01-10T06:15:00,GMC_Nagpur,221.59,0.27,49,0
2026-01-10T06:20:00,Lata_Mangeshkar_Hospital,220.7,0.24,50,0
2026-01-10T06:25:00,GMC_Nagpur,218.84,0.21,48,0
2026-01-10T06:30:00,Wockhardt_Hospital,220.58,0.3,43,0
2026-01-10T06:35:00,AIIMS_Nagpur,219.03,0.21,42,0
2026-01-10T06:40:00,Wockhardt_Hospital,218.8,0.28,31,0
2026-01-10T06:45:00,GMC_Nagpur,216.77,0.29,29,0
2026-01-10T06:50:00,GMC_Nagpur,219.99,0.25,26,0
2026-01-10T06:55:00,Wockhardt_Hospital,216.0,0.2,25,0
2026-01-10T07:00:00,AIIMS_Nagpur,215.65,0.21,25,0
2026-01-10T07:05:00,Wockhardt_Hospital,217.58,0.24,23,0
2026-01-10T07:10:00,Wockhardt_Hospital,214.66,0.2,30,0
2026-01-10T07:15:00,Mayo_Hospital,216.63,0.23,21,0
2026-01-10T07:20:00,Mayo_Hospital,217.23,0.24,33,0
2026-01-10T07:25:00,AIIMS_Nagpur,216.15,0.18,25,0
2026-01-10T07:30:00,Lata_Mangeshkar_Hospital,215.06,0.18,28,0
2026-01-10T07:35:00,Lata_Mangeshkar_Hospital,213.28,0.24,22,0
2026-01-10T07:40:00,Lata_Mangeshkar_Hospital,215.36,0.24,29,0
2026-01-10T07:45:00,Mayo_Hospital,214.49,0.19,28,0
2026-01-10T07:50:00,Mayo_Hospital,215.28,0.15,21,0
2026-01-10T07:55:00,Wockhardt_Hospital,214.24,0.2,10,0
2026-01-10T08:00:00,Wockhardt_Hospital,213.96,0.14,19,0
2026-01-10T08:05:00,Lata_Mangeshkar_Hospital,214.44,0.17,10,0
2026-01-10T08:10:00,Mayo_Hospital,215.86,0.12,14,0
2026-01-10T08:15:00,AIIMS_Nagpur,215.53,0.17,22,0
2026-01-10T08:20:00,Wockhardt_Hospital,216.97,0.17,17,0
2026-01-10T08:25:00,Lata_Mangeshkar_Hospital,217.3,0.1,10,0
2026-01-10T08:30:00,GMC_Nagpur,214.91,0.13,10,0
2026-01-10T08:35:00,Lata_Mangeshkar_Hospital,218.7,0.1,17,0
2026-01-10T08:40:00,AIIMS_Nagpur,218.44,0.08,19,0
2026-01-10T08:45:00,Mayo_Hospital,218.47,0.09,17,0
2026-01-10T08:50:00,Lata_Mangeshkar_Hospital,218.89,0.07,10,0
2026-01-10T08:55:00,Mayo_Hospital,217.93,0.04,10,0
2026-01-10T09:00:00,Lata_Mangeshkar_Hospital,218.7,0.09,14,0
2026-01-10T09:05:00,Wockhardt_Hospital,219.53,0.07,15,0
2026-01-10T09:10:00,AIIMS_Nagpur,221.78,0.03,18,0
2026-01-10T09:15:00,Wockhardt_Hospital,219.32,0.07,10,0
2026-01-10T09:20:00,Lata_Mangeshkar_Hospital,220.32,0.03,12,0
2026-01-10T09:25:00,GMC_Nagpur,220.08,0.0,15,0
2026-01-10T09:30:00,Lata_Mangeshkar_Hospital,221.71,0.02,10,0
2026-01-10T09:35:00,Mayo_Hospital,221.91,0.0,10,0
2026-01-10T09:40:00,Wockhardt_Hospital,224.28,0.0,10,0
2026-01-10T09:45:00,Mayo_Hospital,225.03,0.0,13,0
2026-01-10T09:50:00,Wockhardt_Hospital,222.81,0.0,15,0
2026-01-10T09:55:00,AIIMS_Nagpur,222.76,0.0,16,0
2026-01-10T10:00:00,Mayo_Hospital,223.67,0.0,20,0
2026-01-10T10:05:00,Mayo_Hospital,226.08,0.0,10,0
2026-01-10T10:10:00,Mayo_Hospital,223.24,0.0,23,0
2026-01-10T10:15:00,Lata_Mangeshkar_Hospital,225.66,0.0,13,0
2026-01-10T10:20:00,GMC_Nagpur,223.28,0.0,14,0
2026-01-10T10:25:00,GMC_Nagpur,224.08,0.0,17,0
2026-01-10T10:30:00,Mayo_Hospital,225.66,0.0,20,0
2026-01-10T10:35:00,Mayo_Hospital,225.39,0.0,26,0
2026-01-10T10:40:00,GMC_Nagpur,224.43,0.0,31,0
2026-01-10T10:45:00,Wockhardt_Hospital,223.3,0.0,18,0
2026-01-10T10:50:00,Wockhardt_Hospital,224.61,0.0,21,0
2026-01-10T10:55:00,GMC_Nagpur,224.09,0.0,20,0
2026-01-10T11:00:00,Lata_Mangeshkar_Hospital,224.71,0.0,23,0
2026-01-10T11:05:00,Lata_Mangeshkar_Hospital,225.65,0.0,26,0
2026-01-10T11:10:00,Lata_Mangeshkar_Hospital,221.34,0.0,23,0
2026-01-10T11:15:00,Mayo_Hospital,224.76,0.0,31,0
2026-01-10T11:20:00,AIIMS_Nagpur,223.38,0.0,38,0
2026-01-10T11:25:00,Lata_Mangeshkar_Hospital,222.85,0.0,25,0
2026-01-10T11:30:00,GMC_Nagpur,220.54,0.0,37,0
2026-01-10T11:35:00,Lata_Mangeshkar_Hospital,219.9,0.0,35,0
2026-01-10T11:40:00,Wockhardt_Hospital,220.44,0.0,34,0
2026-01-10T11:45:00,Wockhardt_Hospital,219.34,0.0,30,0
2026-01-10T11:50:00,Lata_Mangeshkar_Hospital,217.97,0.0,41,0
2026-01-10T11:55:00,AIIMS_Nagpur,218.89,0.0,35,0
2026-01-10T12:00:00,Mayo_Hospital,217.84,0.0,38,0
2026-01-10T12:05:00,AIIMS_Nagpur,216.43,0.0,46,0
2026-01-10T12:10:00,Lata_Mangeshkar_Hospital,218.31,0.0,37,0
2026-01-10T12:15:00,AIIMS_Nagpur,217.0,0.0,44,0
2026-01-10T12:20:00,Mayo_Hospital,217.6,0.0,52,0
2026-01-10T12:25:00,Lata_Mangeshkar_Hospital,218.03,0.0,47,0
2026-01-10T12:30:00,Wockhardt_Hospital,215.96,0.0,48,0
2026-01-10T12:35:00,Lata_Mangeshkar_Hospital,217.44,0.0,46,0
2026-01-10T12:40:00,Lata_Mangeshkar_Hospital,214.2,0.0,56,0
2026-01-10T12:45:00,Wockhardt_Hospital,213.77,0.0,50,0
2026-01-10T12:50:00,Lata_Mangeshkar_Hospital,216.98,0.0,66,0
2026-01-10T12:55:00,Mayo_Hospital,214.63,0.0,61,0
2026-01-10T13:00:00,GMC_Nagpur,216.95,0.0,66,0
2026-01-10T13:05:00,Mayo_Hospital,176.14,0.86,56,1
2026-01-10T13:10:00,GMC_Nagpur,215.11,0.0,68,0
2026-01-10T13:15:00,Lata_Mangeshkar_Hospital,214.35,0.0,58,0
2026-01-10T13:20:00,GMC_Nagpur,213.43,0.0,68,0
2026-01-10T13:25:00,Lata_Mangeshkar_Hospital,215.01,0.0,55,0
2026-01-10T13:30:00,Mayo_Hospital,216.08,0.0,70,0
2026-01-10T13:35:00,Mayo_Hospital,215.68,0.0,61,0
2026-01-10T13:40:00,Mayo_Hospital,215.61,0.0,72,0
2026-01-10T13:45:00,Wockhardt_Hospital,216.29,0.0,59,0
2026-01-10T13:50:00,Lata_Mangeshkar_Hospital,217.76,0.0,63,0
2026-01-10T13:55:00,AIIMS_Nagpur,216.14,0.0,71,0
2026-01-10T14:00:00,AIIMS_Nagpur,217.44,0.05,71,0
2026-01-10T14:05:00,Mayo_Hospital,216.91,0.0,67,0
2026-01-10T14:10:00,Mayo_Hospital,218.09,0.07,63,0
2026-01-10T14:15:00,Lata_Mangeshkar_Hospital,218.32,0.02,72,0
2026-01-10T14:20:00,Mayo_Hospital,219.46,0.04,61,0
2026-01-10T14:25:00,Wockhardt_Hospital,220.97,0.01,64,0
2026-01-10T14:30:00,Wockhardt_Hospital,220.79,0.04,63,0
2026-01-10T14:35:00,Wockhardt_Hospital,223.01,0.07,75,0
2026-01-10T14:40:00,GMC_Nagpur,222.22,0.08,69,0
2026-01-10T14:45:00,Mayo_Hospital,220.92,0.09,66,0
2026-01-10T14:50:00,GMC_Nagpur,221.11,0.15,60,0
2026-01-10T14:55:00,AIIMS_Nagpur,222.77,0.16,76,0
2026-01-10T15:00:00,Lata_Mangeshkar_Hospital,224.65,0.15,75,0
2026-01-10T15:05:00,Lata_Mangeshkar_Hospital,225.52,0.11,64,0
2026-01-10T15:10:00,Lata_Mangeshkar_Hospital,224.25,0.09,75,0
2026-01-10T15:15:00,GMC_Nagpur,224.48,0.2,68,0
2026-01-10T15:20:00,Lata_Mangeshkar_Hospital,222.87,0.12,64,0
2026-01-10T15:25:00,Mayo_Hospital,223.63,0.18,72,0
2026-01-10T15:30:00,Wockhardt_Hospital,225.55,0.21,70,0
2026-01-10T15:35:00,Wockhardt_Hospital,226.21,0.22,53,0
2026-01-10T15:40:00,Lata_Mangeshkar_Hospital,223.53,0.22,66,0
2026-01-10T15:45:00,AIIMS_Nagpur,224.8,0.15,57,0
2026-01-10T15:50:00,Mayo_Hospital,226.78,0.2,53,0
2026-01-10T15:55:00,Wockhardt_Hospital,224.86,0.18,64,0
2026-01-10T16:00:00,Mayo_Hospital,223.66,0.25,63,0
2026-01-10T16:05:00,GMC_Nagpur,225.12,0.25,63,0
2026-01-10T16:10:00,Lata_Mangeshkar_Hospital,224.38,0.25,46,0
2026-01-10T16:15:00,Mayo_Hospital,222.42,0.22,57,0
2026-01-10T16:20:00,Lata_Mangeshkar_Hospital,221.93,0.22,42,0
2026-01-10T16:25:00,GMC_Nagpur,224.58,0.2,44,0
2026-01-10T16:30:00,Lata_Mangeshkar_Hospital,224.55,0.28,47,0
2026-01-10T16:35:00,Mayo_Hospital,221.02,0.26,51,0
2026-01-10T16:40:00,AIIMS_Nagpur,220.06,0.28,37,0
2026-01-10T16:45:00,Wockhardt_Hospital,220.35,0.25,37,0
2026-01-10T16:50:00,Wockhardt_Hospital,222.97,0.25,43,0
2026-01-10T16:55:00,AIIMS_Nagpur,221.3,0.23,38,0
2026-01-10T17:00:00,Lata_Mangeshkar_Hospital,222.0,0.27,47,0
2026-01-10T17:05:00,Mayo_Hospital,219.85,0.24,38,0
2026-01-10T17:10:00,Lata_Mangeshkar_Hospital,220.56,0.22,43,0
2026-01-10T17:15:00,Wockhardt_Hospital,217.31,0.29,44,0
2026-01-10T17:20:00,Lata_Mangeshkar_Hospital,219.63,0.23,40,0
2026-01-10T17:25:00,Mayo_Hospital,218.04,0.25,42,0
2026-01-10T17:30:00,Lata_Mangeshkar_Hospital,219.08,0.21,21,0
2026-01-10T17:35:00,Mayo_Hospital,217.45,0.25,37,0
2026-01-10T17:40:00,Wockhardt_Hospital,215.49,0.26,20,0
2026-01-10T17:45:00,GMC_Nagpur,215.89,0.26,26,0
2026-01-10T17:50:00,Wockhardt_Hospital,217.41,0.24,22,0
2026-01-10T17:55:00,AIIMS_Nagpur,217.54,0.21,22,0
2026-01-10T18:00:00,Mayo_Hospital,216.79,0.22,29,0
2026-01-10T18:05:00,Lata_Mangeshkar_Hospital,217.06,0.24,23,0
2026-01-10T18:10:00,Lata_Mangeshkar_Hospital,213.26,0.25,22,0
2026-01-10T18:15:00,Mayo_Hospital,216.7,0.18,12,0
2026-01-10T18:20:00,AIIMS_Nagpur,213.39,0.2,25,0
2026-01-10T18:25:00,Lata_Mangeshkar_Hospital,216.51,0.23,12,0
2026-01-10T18:30:00,AIIMS_Nagpur,214.48,0.18,20,0
2026-01-10T18:35:00,AIIMS_Nagpur,216.51,0.22,10,0
2026-01-10T18:40:00,Wockhardt_Hospital,214.83,0.11,15,0
2026-01-10T18:45:00,Lata_Mangeshkar_Hospital,216.4,0.19,20,0
2026-01-10T18:50:00,GMC_Nagpur,215.62,0.15,20,0
2026-01-10T18:55:00,Mayo_Hospital,214.43,0.18,10,0
2026-01-10T19:00:00,AIIMS_Nagpur,215.84,0.17,10,0
2026-01-10T19:05:00,Lata_Mangeshkar_Hospital,217.81,0.13,10,0
2026-01-10T19:10:00,AIIMS_Nagpur,217.32,0.06,10,0
2026-01-10T19:15:00,Mayo_Hospital,216.5,0.08,10,0
2026-01-10T19:20:00,Wockhardt_Hospital,219.43,0.08,10,0
2026-01-10T19:25:00,AIIMS_Nagpur,219.53,0.02,13,0
2026-01-10T19:30:00,Wockhardt_Hospital,219.87,0.06,13,0
2026-01-10T19:35:00,GMC_Nagpur,219.65,0.05,10,0
2026-01-10T19:40:00,GMC_Nagpur,220.87,0.06,10,0
2026-01-10T19:45:00,AIIMS_Nagpur,219.83,0.08,10,0
2026-01-10T19:50:00,Lata_Mangeshkar_Hospital,220.13,0.03,19,0
2026-01-10T19:55:00,AIIMS_Nagpur,221.87,0.04,11,0
2026-01-10T20:00:00,Lata_Mangeshkar_Hospital,220.37,0.01,10,0
2026-01-10T20:05:00,Mayo_Hospital,224.04,0.0,16,0
2026-01-10T20:10:00,Mayo_Hospital,221.57,0.01,14,0
2026-01-10T20:15:00,Mayo_Hospital,221.94,0.0,10,0
2026-01-10T20:20:00,Lata_Mangeshkar_Hospital,222.85,0.0,10,0
2026-01-10T20:25:00,Wockhardt_Hospital,223.94,0.0,10,0
2026-01-10T20:30:00,Wockhardt_Hospital,223.15,0.0,10,0
2026-01-10T20:35:00,GMC_Nagpur,192.3,0.78,14,1
2026-01-10T20:40:00,Wockhardt_Hospital,225.97,0.0,10,0
2026-01-10T20:45:00,GMC_Nagpur,226.29,0.0,12,0
2026-01-10T20:50:00,AIIMS_Nagpur,223.19,0.0,10,0
2026-01-10T20:55:00,Wockhardt_Hospital,226.93,0.0,22,0
2026-01-10T21:00:00,Lata_Mangeshkar_Hospital,225.76,0.0,10,0
2026-01-10T21:05:00,AIIMS_Nagpur,226.25,0.0,16,0
2026-01-10T21:10:00,Mayo_Hospital,223.44,0.0,16,0
2026-01-10T21:15:00,AIIMS_Nagpur,224.6,0.0,13,0
2026-01-10T21:20:00,GMC_Nagpur,223.43,0.0,24,0
2026-01-10T21:25:00,Mayo_Hospital,222.77,0.0,28,0
2026-01-10T21:30:00,Mayo_Hospital,224.51,0.0,34,0
2026-01-10T21:35:00,Wockhardt_Hospital,224.16,0.0,38,0
2026-01-10T21:40:00,Wockhardt_Hospital,223.41,0.0,22,0
2026-01-10T21:45:00,AIIMS_Nagpur,224.06,0.0,29,0
2026-01-10T21:50:00,Mayo_Hospital,221.58,0.0,33,0
2026-01-10T21:55:00,AIIMS_Nagpur,221.13,0.0,28,0
2026-01-10T22:00:00,GMC_Nagpur,222.99,0.0,43,0
2026-01-10T22:05:00,Lata_Mangeshkar_Hospital,221.06,0.0,32,0
2026-01-10T22:10:00,GMC_Nagpur,219.59,0.0,45,0
2026-01-10T22:15:00,GMC_Nagpur,219.85,0.0,44,0
2026-01-10T22:20:00,Lata_Mangeshkar_Hospital,221.33,0.0,45,0
2026-01-10T22:25:00,GMC_Nagpur,218.64,0.0,45,0
2026-01-10T22:30:00,Lata_Mangeshkar_Hospital,217.33,0.0,52,0
2026-01-10T22:35:00,Wockhardt_Hospital,217.54,0.0,52,0
2026-01-10T22:40:00,Lata_Mangeshkar_Hospital,218.45,0.0,46,0
2026-01-10T22:45:00,AIIMS_Nagpur,217.11,0.0,41,0
2026-01-10T22:50:00,Lata_Mangeshkar_Hospital,215.15,0.0,48,0
2026-01-10T22:55:00,Wockhardt_Hospital,216.46,0.0,44,0
2026-01-10T23:00:00,Wockhardt_Hospital,215.37,0.0,60,0
2026-01-10T23:05:00,Mayo_Hospital,216.98,0.0,55,0
2026-01-10T23:10:00,GMC_Nagpur,214.97,0.0,51,0
2026-01-10T23:15:00,Wockhardt_Hospital,215.76,0.0,57,0
2026-01-10T23:20:00,AIIMS_Nagpur,213.52,0.0,60,0
2026-01-10T23:25:00,AIIMS_Nagpur,215.65,0.0,51,0
2026-01-10T23:30:00,Lata_Mangeshkar_Hospital,213.65,0.0,64,0
2026-01-10T23:35:00,AIIMS_Nagpur,216.31,0.0,60,0
2026-01-10T23:40:00,Lata_Mangeshkar_Hospital,213.53,0.0,61,0
2026-01-10T23:45:00,AIIMS_Nagpur,215.33,0.0,72,0
2026-01-10T23:50:00,GMC_Nagpur,213.51,0.0,66,0
2026-01-10T23:55:00,AIIMS_Nagpur,213.61,0.0,65,0
2026-01-11T00:00:00,AIIMS_Nagpur,215.93,0.0,58,0
2026-01-11T00:05:00,GMC_Nagpur,215.45,0.0,66,0
2026-01-11T00:10:00,Lata_Mangeshkar_Hospital,214.77,0.0,71,0
2026-01-11T00:15:00,Wockhardt_Hospital,195.08,0.61,65,1
2026-01-11T00:20:00,Wockhardt_Hospital,216.83,0.0,74,0
2026-01-11T00:25:00,Wockhardt_Hospital,218.09,0.04,77,0
2026-01-11T00:30:00,Lata_Mangeshkar_Hospital,217.49,0.0,77,0
2026-01-11T00:35:00,AIIMS_Nagpur,218.66,0.02,75,0
2026-01-11T00:40:00,Wockhardt_Hospital,217.0,0.02,77,0
2026-01-11T00:45:00,GMC_Nagpur,217.38,0.08,67,0
2026-01-11T00:50:00,Wockhardt_Hospital,194.42,0.86,71,1
2026-01-11T00:55:00,AIIMS_Nagpur,221.47,0.01,76,0
2026-01-11T01:00:00,Wockhardt_Hospital,221.42,0.03,68,0
2026-01-11T01:05:00,AIIMS_Nagpur,219.51,0.11,63,0
2026-01-11T01:10:00,AIIMS_Nagpur,219.98,0.12,75,0
2026-01-11T01:15:00,Wockhardt_Hospital,221.73,0.09,74,0
2026-01-11T01:20:00,Wockhardt_Hospital,221.68,0.11,69,0
2026-01-11T01:25:00,Wockhardt_Hospital,224.75,0.11,77,0
2026-01-11T01:30:00,GMC_Nagpur,221.52,0.15,62,0
2026-01-11T01:35:00,Mayo_Hospital,222.83,0.17,71,0
2026-01-11T01:40:00,GMC_Nagpur,224.19,0.13,75,0
2026-01-11T01:45:00,Wockhardt_Hospital,226.01,0.17,67,0
2026-01-11T01:50:00,Lata_Mangeshkar_Hospital,223.58,0.15,60,0
2026-01-11T01:55:00,Lata_Mangeshkar_Hospital,224.89,0.16,60,0
2026-01-11T02:00:00,GMC_Nagpur,195.46,0.94,66,1
2026-01-11T02:05:00,Lata_Mangeshkar_Hospital,226.6,0.22,60,0
2026-01-11T02:10:00,Lata_Mangeshkar_Hospital,226.38,0.19,67,0
2026-01-11T02:15:00,GMC_Nagpur,223.11,0.18,56,0
2026-01-11T02:20:00,Wockhardt_Hospital,223.47,0.24,52,0
2026-01-11T02:25:00,GMC_Nagpur,225.68,0.24,65,0
2026-01-11T02:30:00,GMC_Nagpur,223.16,0.25,59,0
2026-01-11T02:35:00,Lata_Mangeshkar_Hospital,223.29,0.21,53,0
2026-01-11T02:40:00,GMC_Nagpur,222.85,0.2,52,0
2026-01-11T02:45:00,Wockhardt_Hospital,224.7,0.21,51,0
2026-01-11T02:50:00,Lata_Mangeshkar_Hospital,222.33,0.28,43,0
2026-01-11T02:55:00,AIIMS_Nagpur,222.36,0.28,58,0
2026-01-11T03:00:00,Lata_Mangeshkar_Hospital,222.0,0.25,57,0
2026-01-11T03:05:00,GMC_Nagpur,222.05,0.22,39,0
2026-01-11T03:10:00,Lata_Mangeshkar_Hospital,221.42,0.22,47,0
2026-01-11T03:15:00,Wockhardt_Hospital,220.25,0.22,41,0
2026-01-11T03:20:00,Mayo_Hospital,222.67,0.24,52,0
2026-01-11T03:25:00,AIIMS_Nagpur,220.11,0.21,39,0
2026-01-11T03:30:00,Mayo_Hospital,219.98,0.25,30,0
2026-01-11T03:35:00,Mayo_Hospital,219.7,0.23,29,0
2026-01-11T03:40:00,Mayo_Hospital,218.41,0.21,39,0
2026-01-11T03:45:00,Mayo_Hospital,218.55,0.2,32,0
2026-01-11T03:50:00,Mayo_Hospital,218.12,0.24,28,0
2026-01-11T03:55:00,Mayo_Hospital,218.62,0.21,35,0
2026-01-11T04:00:00,Lata_Mangeshkar_Hospital,218.02,0.28,23,0
2026-01-11T04:05:00,Mayo_Hospital,218.07,0.2,24,0
2026-01-11T04:10:00,AIIMS_Nagpur,183.24,1.13,25,1
2026-01-11T04:15:00,Lata_Mangeshkar_Hospital,217.37,0.28,16,0
2026-01-11T04:20:00,Mayo_Hospital,215.43,0.2,26,0
2026-01-11T04:25:00,Wockhardt_Hospital,216.85,0.25,17,0
2026-01-11T04:30:00,AIIMS_Nagpur,213.85,0.24,20,0
2026-01-11T04:35:00,Wockhardt_Hospital,216.56,0.18,29,0
2026-01-11T04:40:00,GMC_Nagpur,216.56,0.22,22,0
2026-01-11T04:45:00,Wockhardt_Hospital,214.48,0.19,11,0
2026-01-11T04:50:00,Mayo_Hospital,213.53,0.2,25,0
2026-01-11T04:55:00,GMC_Nagpur,216.41,0.19,13,0
2026-01-11T05:00:00,AIIMS_Nagpur,214.05,0.21,23,0
2026-01-11T05:05:00,GMC_Nagpur,213.8,0.15,10,0
2026-01-11T05:10:00,GMC_Nagpur,215.31,0.14,10,0
2026-01-11T05:15:00,Lata_Mangeshkar_Hospital,217.39,0.19,16,0
2026-01-11T05:20:00,GMC_Nagpur,215.18,0.16,10,0
2026-01-11T05:25:00,GMC_Nagpur,216.86,0.11,10,0
2026-01-11T05:30:00,Lata_Mangeshkar_Hospital,217.37,0.12,10,0
2026-01-11T05:35:00,Mayo_Hospital,180.55,0.97,12,1
2026-01-11T05:40:00,AIIMS_Nagpur,216.64,0.13,13,0
2026-01-11T05:45:00,AIIMS_Nagpur,219.65,0.04,10,0
2026-01-11T05:50:00,GMC_Nagpur,216.8,0.12,11,0
2026-01-11T05:55:00,Lata_Mangeshkar_Hospital,219.08,0.05,10,0
2026-01-11T06:00:00,Wockhardt_Hospital,220.69,0.1,17,0
2026-01-11T06:05:00,Lata_Mangeshkar_Hospital,221.55,0.07,10,0
2026-01-11T06:10:00,AIIMS_Nagpur,221.01,0.07,13,0
2026-01-11T06:15:00,GMC_Nagpur,222.75,0.0,10,0
2026-01-11T06:20:00,Mayo_Hospital,220.43,0.02,11,0
2026-01-11T06:25:00,Mayo_Hospital,223.19,0.06,10,0
2026-01-11T06:30:00,AIIMS_Nagpur,222.69,0.0,10,0
2026-01-11T06:35:00,Lata_Mangeshkar_Hospital,224.37,0.03,10,0
2026-01-11T06:40:00,Wockhardt_Hospital,222.03,0.0,13,0
2026-01-11T06:45:00,GMC_Nagpur,222.93,0.0,10,0
2026-01-11T06:50:00,Wockhardt_Hospital,223.07,0.0,10,0
2026-01-11T06:55:00,Wockhardt_Hospital,225.95,0.0,22,0
2026-01-11T07:00:00,Lata_Mangeshkar_Hospital,222.7,0.0,10,0
2026-01-11T07:05:00,GMC_Nagpur,225.65,0.0,10,0
2026-01-11T07:10:00,Lata_Mangeshkar_Hospital,225.95,0.0,16,0
2026-01-11T07:15:00,Wockhardt_Hospital,226.34,0.0,24,0
2026-01-11T07:20:00,Wockhardt_Hospital,225.93,0.0,27,0
2026-01-11T07:25:00,Lata_Mangeshkar_Hospital,226.21,0.0,17,0
2026-01-11T07:30:00,Lata_Mangeshkar_Hospital,224.55,0.0,14,0
2026-01-11T07:35:00,Wockhardt_Hospital,223.15,0.0,23,0
2026-01-11T07:40:00,AIIMS_Nagpur,223.98,0.0,27,0
2026-01-11T07:45:00,Mayo_Hospital,223.43,0.0,30,0
2026-01-11T07:50:00,AIIMS_Nagpur,226.23,0.0,21,0
2026-01-11T07:55:00,GMC_Nagpur,225.65,0.0,34,0
2026-01-11T08:00:00,Lata_Mangeshkar_Hospital,222.68,0.0,37,0
2026-01-11T08:05:00,Mayo_Hospital,221.62,0.0,28,0
2026-01-11T08:10:00,Lata_Mangeshkar_Hospital,222.48,0.0,34,0
2026-01-11T08:15:00,GMC_Nagpur,222.27,0.0,41,0
2026-01-11T08:20:00,AIIMS_Nagpur,224.13,0.0,38,0
2026-01-11T08:25:00,Mayo_Hospital,221.88,0.0,42,0
2026-01-11T08:30:00,Lata_Mangeshkar_Hospital,223.2,0.0,27,0
2026-01-11T08:35:00,Wockhardt_Hospital,222.03,0.0,38,0
2026-01-11T08:40:00,AIIMS_Nagpur,218.9,0.0,47,0
2026-01-11T08:45:00,GMC_Nagpur,219.41,0.0,46,0
2026-01-11T08:50:00,Lata_Mangeshkar_Hospital,219.55,0.0,51,0
2026-01-11T08:55:00,Wockhardt_Hospital,219.22,0.0,47,0
2026-01-11T09:00:00,Mayo_Hospital,219.8,0.0,42,0
2026-01-11T09:05:00,Lata_Mangeshkar_Hospital,215.88,0.0,37,0
2026-01-11T09:10:00,Lata_Mangeshkar_Hospital,218.37,0.0,52,0
2026-01-11T09:15:00,GMC_Nagpur,217.56,0.0,46,0
2026-01-11T09:20:00,Mayo_Hospital,217.01,0.0,56,0
2026-01-11T09:25:00,GMC_Nagpur,216.03,0.0,57,0
2026-01-11T09:30:00,Mayo_Hospital,215.69,0.0,49,0
2026-01-11T09:35:00,Mayo_Hospital,213.68,0.0,62,0
2026-01-11T09:40:00,GMC_Nagpur,214.7,0.0,66,0
2026-01-11T09:45:00,AIIMS_Nagpur,216.29,0.0,47,0
2026-01-11T09:50:00,Wockhardt_Hospital,216.67,0.0,50,0
2026-01-11T09:55:00,Lata_Mangeshkar_Hospital,174.97,0.79,57,1
2026-01-11T10:00:00,Lata_Mangeshkar_Hospital,213.09,0.0,55,0
2026-01-11T10:05:00,Mayo_Hospital,215.27,0.0,63,0
2026-01-11T10:10:00,Wockhardt_Hospital,216.99,0.0,63,0
2026-01-11T10:15:00,Lata_Mangeshkar_Hospital,214.35,0.0,63,0
2026-01-11T10:20:00,GMC_Nagpur,215.29,0.0,65,0
2026-01-11T10:25:00,Wockhardt_Hospital,217.11,0.0,56,0
2026-01-11T10:30:00,GMC_Nagpur,216.41,0.0,73,0
2026-01-11T10:35:00,Lata_Mangeshkar_Hospital,216.89,0.0,57,0
2026-01-11T10:40:00,Mayo_Hospital,215.95,0.02,65,0
2026-01-11T10:45:00,Mayo_Hospital,218.57,0.0,73,0
2026-01-11T10:50:00,Lata_Mangeshkar_Hospital,217.31,0.03,70,0
2026-01-11T10:55:00,Wockhardt_Hospital,215.9,0.04,69,0
2026-01-11T11:00:00,AIIMS_Nagpur,216.81,0.02,78,0
2026-01-11T11:05:00,Mayo_Hospital,219.0,0.07,76,0
2026-01-11T11:10:00,Mayo_Hospital,219.1,0.04,60,0
2026-01-11T11:15:00,AIIMS_Nagpur,220.85,0.06,65,0
2026-01-11T11:20:00,AIIMS_Nagpur,220.33,0.09,79,0
2026-01-11T11:25:00,GMC_Nagpur,220.04,0.03,64,0
2026-01-11T11:30:00,Wockhardt_Hospital,219.86,0.06,62,0
2026-01-11T11:35:00,GMC_Nagpur,199.44,0.95,74,1
2026-01-11T11:40:00,Wockhardt_Hospital,222.0,0.1,70,0
2026-01-11T11:45:00,Mayo_Hospital,220.54,0.13,61,0
2026-01-11T11:50:00,Wockhardt_Hospital,221.73,0.13,71,0
2026-01-11T11:55:00,Mayo_Hospital,221.31,0.09,75,0
2026-01-11T12:00:00,AIIMS_Nagpur,225.44,0.08,58,0
2026-01-11T12:05:00,Mayo_Hospital,223.71,0.13,70,0
2026-01-11T12:10:00,AIIMS_Nagpur,222.4,0.1,59,0
2026-01-11T12:15:00,Mayo_Hospital,225.8,0.18,75,0
2026-01-11T12:20:00,Lata_Mangeshkar_Hospital,224.76,0.13,61,0
2026-01-11T12:25:00,Wockhardt_Hospital,224.53,0.15,59,0
2026-01-11T12:30:00,Lata_Mangeshkar_Hospital,225.72,0.2,58,0
2026-01-11T12:35:00,Wockhardt_Hospital,225.42,0.21,58,0
2026-01-11T12:40:00,GMC_Nagpur,226.76,0.22,62,0
2026-01-11T12:45:00,Mayo_Hospital,225.63,0.15,58,0
2026-01-11T12:50:00,AIIMS_Nagpur,223.08,0.25,60,0
2026-01-11T12:55:00,Mayo_Hospital,223.54,0.23,54,0
2026-01-11T13:00:00,Mayo_Hospital,199.13,1.0,59,1
2026-01-11T13:05:00,GMC_Nagpur,223.71,0.21,61,0
2026-01-11T13:10:00,Mayo_Hospital,224.38,0.27,53,0
2026-01-11T13:15:00,Wockhardt_Hospital,222.6,0.2,58,0
2026-01-11T13:20:00,AIIMS_Nagpur,222.62,0.28,46,0
2026-01-11T13:25:00,Mayo_Hospital,223.47,0.24,48,0
2026-01-11T13:30:00,Lata_Mangeshkar_Hospital,220.84,0.27,44,0
2026-01-11T13:35:00,Mayo_Hospital,223.46,0.25,43,0
2026-01-11T13:40:00,Mayo_Hospital,220.73,0.24,48,0
2026-01-11T13:45:00,Lata_Mangeshkar_Hospital,221.96,0.25,46,0
2026-01-11T13:50:00,Lata_Mangeshkar_Hospital,221.57,0.3,32,0
2026-01-11T13:55:00,AIIMS_Nagpur,220.5,0.28,46,0
2026-01-11T14:00:00,Mayo_Hospital,218.44,0.23,40,0
2026-01-11T14:05:00,AIIMS_Nagpur,217.4,0.26,43,0
2026-01-11T14:10:00,Wockhardt_Hospital,218.25,0.29,29,0
2026-01-11T14:15:00,GMC_Nagpur,217.81,0.26,44,0
2026-01-11T14:20:00,AIIMS_Nagpur,216.17,0.26,40,0
2026-01-11T14:25:00,Lata_Mangeshkar_Hospital,218.32,0.24,31,0
2026-01-11T14:30:00,GMC_Nagpur,217.63,0.26,38,0
2026-01-11T14:35:00,AIIMS_Nagpur,217.23,0.26,31,0
2026-01-11T14:40:00,Mayo_Hospital,214.41,0.25,26,0
2026-01-11T14:45:00,Wockhardt_Hospital,217.66,0.25,30,0
2026-01-11T14:50:00,GMC_Nagpur,214.02,0.19,27,0
2026-01-11T14:55:00,Wockhardt_Hospital,216.17,0.19,27,0
2026-01-11T15:00:00,AIIMS_Nagpur,216.53,0.17,25,0
2026-01-11T15:05:00,Mayo_Hospital,214.69,0.25,26,0
2026-01-11T15:10:00,Wockhardt_Hospital,216.03,0.21,21,0
2026-01-11T15:15:00,GMC_Nagpur,216.97,0.23,23,0
2026-01-11T15:20:00,GMC_Nagpur,214.54,0.15,24,0
2026-01-11T15:25:00,AIIMS_Nagpur,213.49,0.18,16,0
2026-01-11T15:30:00,Mayo_Hospital,215.31,0.21,10,0
2026-01-11T15:35:00,GMC_Nagpur,215.62,0.15,23,0
2026-01-11T15:40:00,AIIMS_Nagpur,216.17,0.19,10,0
2026-01-11T15:45:00,GMC_Nagpur,214.92,0.13,18,0
2026-01-11T15:50:00,Lata_Mangeshkar_Hospital,216.27,0.13,13,0
2026-01-11T15:55:00,Lata_Mangeshkar_Hospital,217.03,0.14,10,0
2026-01-11T16:00:00,GMC_Nagpur,216.58,0.15,18,0
2026-01-11T16:05:00,GMC_Nagpur,215.99,0.12,14,0
2026-01-11T16:10:00,Wockhardt_Hospital,216.5,0.13,10,0
2026-01-11T16:15:00,Lata_Mangeshkar_Hospital,219.92,0.11,10,0
2026-01-11T16:20:00,Mayo_Hospital,217.84,0.09,10,0
2026-01-11T16:25:00,Lata_Mangeshkar_Hospital,218.58,0.1,19,0
2026-01-11T16:30:00,Lata_Mangeshkar_Hospital,221.53,0.03,13,0
2026-01-11T16:35:00,Mayo_Hospital,219.48,0.01,10,0
2026-01-11T16:40:00,AIIMS_Nagpur,219.59,0.01,10,0
2026-01-11T16:45:00,AIIMS_Nagpur,221.09,0.0,10,0
2026-01-11T16:50:00,Mayo_Hospital,220.05,0.0,10,0
2026-01-11T16:55:00,Wockhardt_Hospital,222.18,0.05,10,0
2026-01-11T17:00:00,AIIMS_Nagpur,223.52,0.0,18,0
2026-01-11T17:05:00,Lata_Mangeshkar_Hospital,223.53,0.0,10,0
2026-01-11T17:10:00,Mayo_Hospital,225.12,0.0,18,0
2026-01-11T17:15:00,AIIMS_Nagpur,223.74,0.0,17,0
2026-01-11T17:20:00,Lata_Mangeshkar_Hospital,224.81,0.01,22,0
2026-01-11T17:25:00,Lata_Mangeshkar_Hospital,223.18,0.0,19,0
2026-01-11T17:30:00,AIIMS_Nagpur,223.83,0.0,15,0
2026-01-11T17:35:00,AIIMS_Nagpur,224.09,0.0,15,0
2026-01-11T17:40:00,Mayo_Hospital,223.98,0.0,10,0
2026-01-11T17:45:00,AIIMS_Nagpur,225.03,0.0,19,0
2026-01-11T17:50:00,Lata_Mangeshkar_Hospital,224.5,0.0,20,0
2026-01-11T17:55:00,AIIMS_Nagpur,223.0,0.0,25,0
2026-01-11T18:00:00,Mayo_Hospital,225.91,0.0,13,0
2026-01-11T18:05:00,Lata_Mangeshkar_Hospital,222.94,0.0,22,0
2026-01-11T18:10:00,Mayo_Hospital,223.33,0.0,24,0
2026-01-11T18:15:00,Wockhardt_Hospital,223.06,0.0,21,0
2026-01-11T18:20:00,AIIMS_Nagpur,226.0,0.0,18,0
2026-01-11T18:25:00,Mayo_Hospital,222.39,0.0,23,0
2026-01-11T18:30:00,AIIMS_Nagpur,223.78,0.0,23,0
2026-01-11T18:35:00,AIIMS_Nagpur,224.03,0.0,32,0
2026-01-11T18:40:00,GMC_Nagpur,222.08,0.0,38,0
2026-01-11T18:45:00,Lata_Mangeshkar_Hospital,221.61,0.0,37,0
2026-01-11T18:50:00,Mayo_Hospital,179.11,0.79,33,1
2026-01-11T18:55:00,Wockhardt_Hospital,220.97,0.0,44,0
2026-01-11T19:00:00,AIIMS_Nagpur,222.45,0.0,35,0
2026-01-11T19:05:00,AIIMS_Nagpur,222.2,0.0,46,0
2026-01-11T19:10:00,GMC_Nagpur,218.93,0.0,34,0
2026-01-11T19:15:00,GMC_Nagpur,218.92,0.0,32,0
2026-01-11T19:20:00,Wockhardt_Hospital,219.52,0.0,45,0
2026-01-11T19:25:00,AIIMS_Nagpur,216.89,0.0,51,0
2026-01-11T19:30:00,GMC_Nagpur,217.75,0.0,44,0
2026-01-11T19:35:00,Wockhardt_Hospital,218.89,0.0,40,0
2026-01-11T19:40:00,GMC_Nagpur,218.58,0.0,49,0
2026-01-11T19:45:00,AIIMS_Nagpur,215.06,0.0,43,0
2026-01-11T19:50:00,Wockhardt_Hospital,214.82,0.0,56,0
2026-01-11T19:55:00,AIIMS_Nagpur,217.02,0.0,52,0
2026-01-11T20:00:00,Wockhardt_Hospital,215.93,0.0,60,0
2026-01-11T20:05:00,Lata_Mangeshkar_Hospital,216.88,0.0,48,0
2026-01-11T20:10:00,Lata_Mangeshkar_Hospital,215.45,0.0,60,0
2026-01-11T20:15:00,Mayo_Hospital,214.85,0.0,56,0
2026-01-11T20:20:00,AIIMS_Nagpur,214.47,0.0,56,0
2026-01-11T20:25:00,Mayo_Hospital,213.38,0.0,69,0
2026-01-11T20:30:00,Mayo_Hospital,213.96,0.0,57,0
2026-01-11T20:35:00,Mayo_Hospital,216.59,0.0,71,0
2026-01-11T20:40:00,Wockhardt_Hospital,215.77,0.0,55,0
2026-01-11T20:45:00,GMC_Nagpur,214.97,0.0,57,0
2026-01-11T20:50:00,GMC_Nagpur,213.61,0.0,63,0
2026-01-11T20:55:00,Mayo_Hospital,216.19,0.0,57,0
2026-01-11T21:00:00,Lata_Mangeshkar_Hospital,217.12,0.0,58,0
2026-01-11T21:05:00,Lata_Mangeshkar_Hospital,216.32,0.01,73,0
2026-01-11T21:10:00,GMC_Nagpur,218.26,0.02,70,0
2026-01-11T21:15:00,Lata_Mangeshkar_Hospital,217.53,0.02,69,0
2026-01-11T21:20:00,Lata_Mangeshkar_Hospital,218.55,0.02,73,0
2026-01-11T21:25:00,Lata_Mangeshkar_Hospital,218.76,0.02,64,0
2026-01-11T21:30:00,Mayo_Hospital,219.2,0.0,76,0
2026-01-11T21:35:00,Lata_Mangeshkar_Hospital,219.3,0.05,74,0
2026-01-11T21:40:00,Lata_Mangeshkar_Hospital,220.08,0.0,78,0
2026-01-11T21:45:00,AIIMS_Nagpur,221.53,0.04,60,0
2026-01-11T21:50:00,AIIMS_Nagpur,220.74,0.09,75,0
2026-01-11T21:55:00,Lata_Mangeshkar_Hospital,221.13,0.05,59,0
2026-01-11T22:00:00,Mayo_Hospital,219.55,0.08,79,0
2026-01-11T22:05:00,Lata_Mangeshkar_Hospital,220.09,0.09,64,0
2026-01-11T22:10:00,Wockhardt_Hospital,221.95,0.05,71,0
2026-01-11T22:15:00,Lata_Mangeshkar_Hospital,221.37,0.11,78,0
2026-01-11T22:20:00,AIIMS_Nagpur,222.69,0.15,74,0
2026-01-11T22:25:00,Mayo_Hospital,221.56,0.11,76,0
2026-01-11T22:30:00,Wockhardt_Hospital,223.38,0.11,62,0
2026-01-11T22:35:00,Wockhardt_Hospital,223.17,0.17,64,0
2026-01-11T22:40:00,Mayo_Hospital,192.52,0.72,67,1
2026-01-11T22:45:00,Wockhardt_Hospital,224.25,0.16,64,0
2026-01-11T22:50:00,Wockhardt_Hospital,224.37,0.14,59,0
2026-01-11T22:55:00,Lata_Mangeshkar_Hospital,226.05,0.17,69,0
2026-01-11T23:00:00,Mayo_Hospital,225.06,0.14,61,0
2026-01-11T23:05:00,AIIMS_Nagpur,225.23,0.23,66,0
2026-01-11T23:10:00,Mayo_Hospital,225.79,0.16,53,0
2026-01-11T23:15:00,Lata_Mangeshkar_Hospital,226.21,0.24,52,0
2026-01-11T23:20:00,AIIMS_Nagpur,222.86,0.22,66,0
2026-01-11T23:25:00,Lata_Mangeshkar_Hospital,224.57,0.19,61,0
2026-01-11T23:30:00,Lata_Mangeshkar_Hospital,225.1,0.24,50,0
2026-01-11T23:35:00,Mayo_Hospital,225.29,0.26,63,0
2026-01-11T23:40:00,AIIMS_Nagpur,224.98,0.26,58,0
2026-01-11T23:45:00,AIIMS_Nagpur,223.47,0.22,61,0
2026-01-11T23:50:00,Wockhardt_Hospital,222.06,0.28,44,0
2026-01-11T23:55:00,Lata_Mangeshkar_Hospital,221.76,0.25,46,0
2026-01-12T00:00:00,GMC_Nagpur,223.16,0.24,50,0
2026-01-12T00:05:00,Mayo_Hospital,222.98,0.29,43,0
2026-01-12T00:10:00,Wockhardt_Hospital,222.21,0.2,48,0
2026-01-12T00:15:00,Mayo_Hospital,221.08,0.28,39,0
2026-01-12T00:20:00,Wockhardt_Hospital,220.5,0.2,41,0
2026-01-12T00:25:00,AIIMS_Nagpur,221.63,0.2,35,0
2026-01-12T00:30:00,Wockhardt_Hospital,220.25,0.29,34,0
2026-01-12T00:35:00,Lata_Mangeshkar_Hospital,218.08,0.22,36,0
2026-01-12T00:40:00,GMC_Nagpur,217.15,0.26,29,0
2026-01-12T00:45:00,Lata_Mangeshkar_Hospital,217.05,0.22,30,0
2026-01-12T00:50:00,Wockhardt_Hospital,217.74,0.24,34,0
2026-01-12T00:55:00,Lata_Mangeshkar_Hospital,217.3,0.2,32,0
2026-01-12T01:00:00,GMC_Nagpur,216.59,0.21,36,0
2026-01-12T01:05:00,Wockhardt_Hospital,217.71,0.2,25,0
2026-01-12T01:10:00,Mayo_Hospital,214.45,0.25,23,0
2026-01-12T01:15:00,AIIMS_Nagpur,217.05,0.25,32,0
2026-01-12T01:20:00,AIIMS_Nagpur,214.58,0.23,33,0
2026-01-12T01:25:00,AIIMS_Nagpur,215.73,0.18,18,0
2026-01-12T01:30:00,AIIMS_Nagpur,217.02,0.2,17,0
2026-01-12T01:35:00,GMC_Nagpur,214.74,0.2,23,0
2026-01-12T01:40:00,Mayo_Hospital,214.87,0.22,18,0
2026-01-12T01:45:00,Lata_Mangeshkar_Hospital,215.69,0.2,11,0
2026-01-12T01:50:00,Lata_Mangeshkar_Hospital,215.5,0.15,10,0
2026-01-12T01:55:00,Wockhardt_Hospital,213.82,0.14,10,0
2026-01-12T02:00:00,Wockhardt_Hospital,182.21,0.79,14,1
2026-01-12T02:05:00,Lata_Mangeshkar_Hospital,214.51,0.11,14,0
2026-01-12T02:10:00,GMC_Nagpur,215.74,0.16,10,0
2026-01-12T02:15:00,GMC_Nagpur,214.91,0.14,21,0
2026-01-12T02:20:00,GMC_Nagpur,215.5,0.09,18,0
2026-01-12T02:25:00,GMC_Nagpur,217.24,0.12,21,0
2026-01-12T02:30:00,AIIMS_Nagpur,217.39,0.15,11,0
2026-01-12T02:35:00,Wockhardt_Hospital,215.46,0.13,10,0
2026-01-12T02:40:00,Wockhardt_Hospital,217.61,0.07,10,0
2026-01-12T02:45:00,AIIMS_Nagpur,219.47,0.06,10,0
2026-01-12T02:50:00,Mayo_Hospital,217.75,0.06,10,0
2026-01-12T02:55:00,AIIMS_Nagpur,221.28,0.08,16,0
2026-01-12T03:00:00,AIIMS_Nagpur,219.08,0.02,10,0
2026-01-12T03:05:00,AIIMS_Nagpur,222.16,0.03,10,0
2026-01-12T03:10:00,AIIMS_Nagpur,219.4,0.08,13,0
2026-01-12T03:15:00,Mayo_Hospital,220.16,0.03,10,0
2026-01-12T03:20:00,Lata_Mangeshkar_Hospital,223.49,0.0,10,0
2026-01-12T03:25:00,GMC_Nagpur,221.43,0.0,12,0
2026-01-12T03:30:00,Wockhardt_Hospital,223.67,0.02,20,0
2026-01-12T03:35:00,Mayo_Hospital,222.9,0.0,14,0
2026-01-12T03:40:00,Mayo_Hospital,221.94,0.0,10,0
2026-01-12T03:45:00,GMC_Nagpur,224.38,0.0,19,0
2026-01-12T03:50:00,Wockhardt_Hospital,225.67,0.0,20,0
2026-01-12T03:55:00,Lata_Mangeshkar_Hospital,222.71,0.0,10,0
2026-01-12T04:00:00,GMC_Nagpur,225.07,0.0,15,0
2026-01-12T04:05:00,AIIMS_Nagpur,224.13,0.0,10,0
2026-01-12T04:10:00,Mayo_Hospital,224.12,0.0,19,0
2026-01-12T04:15:00,Lata_Mangeshkar_Hospital,225.96,0.0,16,0
2026-01-12T04:20:00,GMC_Nagpur,224.87,0.0,24,0
2026-01-12T04:25:00,Mayo_Hospital,223.94,0.0,15,0
2026-01-12T04:30:00,AIIMS_Nagpur,223.54,0.0,27,0
2026-01-12T04:35:00,Lata_Mangeshkar_Hospital,226.1,0.0,15,0
2026-01-12T04:40:00,Mayo_Hospital,222.71,0.0,19,0
2026-01-12T04:45:00,Mayo_Hospital,225.4,0.0,27,0
2026-01-12T04:50:00,Lata_Mangeshkar_Hospital,223.66,0.0,26,0
2026-01-12T04:55:00,Mayo_Hospital,225.61,0.0,22,0
2026-01-12T05:00:00,Lata_Mangeshkar_Hospital,224.48,0.0,28,0
2026-01-12T05:05:00,Wockhardt_Hospital,221.85,0.0,31,0
2026-01-12T05:10:00,Mayo_Hospital,222.37,0.0,33,0
2026-01-12T05:15:00,GMC_Nagpur,220.74,0.0,28,0
2026-01-12T05:20:00,AIIMS_Nagpur,223.37,0.0,41,0
2026-01-12T05:25:00,Wockhardt_Hospital,222.89,0.0,32,0
2026-01-12T05:30:00,Lata_Mangeshkar_Hospital,220.92,0.0,40,0
2026-01-12T05:35:00,Lata_Mangeshkar_Hospital,218.78,0.0,42,0
2026-01-12T05:40:00,AIIMS_Nagpur,218.92,0.0,41,0
2026-01-12T05:45:00,Wockhardt_Hospital,218.23,0.0,35,0
2026-01-12T05:50:00,AIIMS_Nagpur,218.89,0.0,43,0
2026-01-12T05:55:00,AIIMS_Nagpur,219.73,0.0,41,0
2026-01-12T06:00:00,Wockhardt_Hospital,218.93,0.0,46,0
2026-01-12T06:05:00,Wockhardt_Hospital,218.5,0.0,50,0
2026-01-12T06:10:00,GMC_Nagpur,216.32,0.0,47,0
2026-01-12T06:15:00,AIIMS_Nagpur,217.28,0.0,56,0
2026-01-12T06:20:00,Wockhardt_Hospital,215.14,0.0,57,0
2026-01-12T06:25:00,AIIMS_Nagpur,214.89,0.0,48,0
2026-01-12T06:30:00,Mayo_Hospital,214.43,0.0,63,0
2026-01-12T06:35:00,Wockhardt_Hospital,216.4,0.0,65,0
2026-01-12T06:40:00,AIIMS_Nagpur,216.83,0.0,54,0
2026-01-12T06:45:00,Lata_Mangeshkar_Hospital,217.05,0.0,59,0
2026-01-12T06:50:00,Mayo_Hospital,216.07,0.0,67,0
2026-01-12T06:55:00,Mayo_Hospital,214.79,0.0,56,0
2026-01-12T07:00:00,GMC_Nagpur,214.11,0.0,70,0
2026-01-12T07:05:00,GMC_Nagpur,214.47,0.0,66,0
2026-01-12T07:10:00,Lata_Mangeshkar_Hospital,216.76,0.0,69,0
2026-01-12T07:15:00,Lata_Mangeshkar_Hospital,216.36,0.0,69,0
2026-01-12T07:20:00,Lata_Mangeshkar_Hospital,216.48,0.0,63,0
2026-01-12T07:25:00,GMC_Nagpur,217.48,0.0,62,0
2026-01-12T07:30:00,Wockhardt_Hospital,214.62,0.01,67,0
2026-01-12T07:35:00,Wockhardt_Hospital,215.32,0.0,60,0
2026-01-12T07:40:00,AIIMS_Nagpur,218.64,0.0,69,0
2026-01-12T07:45:00,AIIMS_Nagpur,218.15,0.0,77,0
2026-01-12T07:50:00,Lata_Mangeshkar_Hospital,216.91,0.0,72,0
2026-01-12T07:55:00,Mayo_Hospital,185.43,0.67,62,1
2026-01-12T08:00:00,Wockhardt_Hospital,217.71,0.0,66,0
2026-01-12T08:05:00,AIIMS_Nagpur,219.8,0.03,63,0
2026-01-12T08:10:00,Lata_Mangeshkar_Hospital,218.86,0.06,60,0
2026-01-12T08:15:00,Mayo_Hospital,221.51,0.0,76,0
2026-01-12T08:20:00,Lata_Mangeshkar_Hospital,219.21,0.04,71,0
2026-01-12T08:25:00,AIIMS_Nagpur,222.26,0.05,76,0
2026-01-12T08:30:00,Wockhardt_Hospital,222.2,0.04,73,0
2026-01-12T08:35:00,AIIMS_Nagpur,222.57,0.12,65,0
2026-01-12T08:40:00,GMC_Nagpur,222.61,0.1,65,0
2026-01-12T08:45:00,Wockhardt_Hospital,223.5,0.1,67,0
2026-01-12T08:50:00,GMC_Nagpur,224.28,0.08,73,0
2026-01-12T08:55:00,Mayo_Hospital,222.65,0.17,64,0
2026-01-12T09:00:00,Wockhardt_Hospital,224.87,0.12,57,0
2026-01-12T09:05:00,AIIMS_Nagpur,222.84,0.15,72,0
2026-01-12T09:10:00,Lata_Mangeshkar_Hospital,222.54,0.18,68,0
2026-01-12T09:15:00,AIIMS_Nagpur,223.47,0.17,57,0
2026-01-12T09:20:00,Wockhardt_Hospital,226.59,0.17,72,0
2026-01-12T09:25:00,Wockhardt_Hospital,226.63,0.14,71,0
2026-01-12T09:30:00,GMC_Nagpur,225.73,0.21,68,0
2026-01-12T09:35:00,Wockhardt_Hospital,177.71,0.89,71,1
2026-01-12T09:40:00,Mayo_Hospital,225.83,0.15,56,0
2026-01-12T09:45:00,Mayo_Hospital,226.03,0.16,63,0
2026-01-12T09:50:00,Lata_Mangeshkar_Hospital,226.67,0.22,52,0
2026-01-12T09:55:00,Lata_Mangeshkar_Hospital,224.06,0.17,51,0
2026-01-12T10:00:00,AIIMS_Nagpur,222.71,0.23,61,0
2026-01-12T10:05:00,Mayo_Hospital,223.29,0.19,52,0
2026-01-12T10:10:00,GMC_Nagpur,225.07,0.28,59,0
2026-01-12T10:15:00,GMC_Nagpur,221.8,0.27,42,0
2026-01-12T10:20:00,Wockhardt_Hospital,221.11,0.25,45,0
2026-01-12T10:25:00,Lata_Mangeshkar_Hospital,221.2,0.27,48,0
2026-01-12T10:30:00,Lata_Mangeshkar_Hospital,222.04,0.21,43,0
2026-01-12T10:35:00,AIIMS_Nagpur,222.19,0.28,41,0
2026-01-12T10:40:00,GMC_Nagpur,222.75,0.23,37,0
2026-01-12T10:45:00,Wockhardt_Hospital,219.74,0.23,37,0
2026-01-12T10:50:00,Wockhardt_Hospital,220.54,0.25,37,0
2026-01-12T10:55:00,Mayo_Hospital,219.27,0.27,46,0
2026-01-12T11:00:00,Mayo_Hospital,217.41,0.27,35,0
2026-01-12T11:05:00,Mayo_Hospital,220.15,0.24,26,0
2026-01-12T11:10:00,GMC_Nagpur,218.61,0.29,33,0
2026-01-12T11:15:00,Wockhardt_Hospital,218.97,0.21,36,0
2026-01-12T11:20:00,Lata_Mangeshkar_Hospital,219.32,0.26,36,0
2026-01-12T11:25:00,Mayo_Hospital,216.44,0.23,26,0
2026-01-12T11:30:00,Lata_Mangeshkar_Hospital,218.55,0.21,20,0
2026-01-12T11:35:00,Mayo_Hospital,214.52,0.2,29,0
2026-01-12T11:40:00,Wockhardt_Hospital,215.83,0.23,27,0
2026-01-12T11:45:00,Wockhardt_Hospital,215.34,0.27,29,0
2026-01-12T11:50:00,AIIMS_Nagpur,213.8,0.19,29,0
2026-01-12T11:55:00,Lata_Mangeshkar_Hospital,215.35,0.18,25,0
2026-01-12T12:00:00,AIIMS_Nagpur,214.01,0.26,29,0
2026-01-12T12:05:00,GMC_Nagpur,215.81,0.17,13,0
2026-01-12T12:10:00,AIIMS_Nagpur,214.38,0.16,20,0
2026-01-12T12:15:00,Mayo_Hospital,215.75,0.23,16,0
2026-01-12T12:20:00,GMC_Nagpur,215.76,0.17,21,0
2026-01-12T12:25:00,AIIMS_Nagpur,214.71,0.15,15,0
2026-01-12T12:30:00,Wockhardt_Hospital,213.36,0.21,22,0
2026-01-12T12:35:00,Lata_Mangeshkar_Hospital,215.51,0.17,10,0
2026-01-12T12:40:00,AIIMS_Nagpur,216.77,0.12,10,0
2026-01-12T12:45:00,GMC_Nagpur,215.1,0.13,18,0
2026-01-12T12:50:00,AIIMS_Nagpur,215.01,0.12,10,0
2026-01-12T12:55:00,Wockhardt_Hospital,217.96,0.15,10,0
2026-01-12T13:00:00,Mayo_Hospital,218.09,0.13,20,0
2026-01-12T13:05:00,AIIMS_Nagpur,218.13,0.08,13,0
2026-01-12T13:10:00,Wockhardt_Hospital,217.37,0.12,10,0
2026-01-12T13:15:00,Mayo_Hospital,217.85,0.06,10,0
2026-01-12T13:20:00,Wockhardt_Hospital,217.23,0.02,10,0
2026-01-12T13:25:00,Lata_Mangeshkar_Hospital,219.09,0.05,10,0
2026-01-12T13:30:00,Lata_Mangeshkar_Hospital,218.81,0.01,19,0
2026-01-12T13:35:00,Mayo_Hospital,219.45,0.03,16,0
2026-01-12T13:40:00,Lata_Mangeshkar_Hospital,219.03,0.05,13,0
2026-01-12T13:45:00,AIIMS_Nagpur,221.7,0.01,10,0
2026-01-12T13:50:00,AIIMS_Nagpur,222.48,0.05,12,0
2026-01-12T13:55:00,Wockhardt_Hospital,222.61,0.0,17,0
2026-01-12T14:00:00,Wockhardt_Hospital,221.69,0.04,10,0
2026-01-12T14:05:00,Mayo_Hospital,224.68,0.01,10,0
2026-01-12T14:10:00,GMC_Nagpur,225.17,0.0,11,0
2026-01-12T14:15:00,Mayo_Hospital,225.0,0.0,19,0
2026-01-12T14:20:00,Lata_Mangeshkar_Hospital,222.24,0.0,13,0
2026-01-12T14:25:00,GMC_Nagpur,225.76,0.0,19,0
2026-01-12T14:30:00,GMC_Nagpur,224.98,0.0,10,0
2026-01-12T14:35:00,Mayo_Hospital,225.33,0.0,22,0
2026-01-12T14:40:00,GMC_Nagpur,224.36,0.0,20,0
2026-01-12T14:45:00,AIIMS_Nagpur,223.91,0.0,18,0
2026-01-12T14:50:00,AIIMS_Nagpur,223.62,0.0,12,0
2026-01-12T14:55:00,AIIMS_Nagpur,225.25,0.0,15,0
2026-01-12T15:00:00,GMC_Nagpur,223.38,0.0,17,0
2026-01-12T15:05:00,AIIMS_Nagpur,223.72,0.0,15,0
2026-01-12T15:10:00,AIIMS_Nagpur,223.5,0.0,33,0
2026-01-12T15:15:00,Lata_Mangeshkar_Hospital,222.63,0.0,30,0
2026-01-12T15:20:00,Mayo_Hospital,223.48,0.0,27,0
2026-01-12T15:25:00,Lata_Mangeshkar_Hospital,222.13,0.0,33,0
2026-01-12T15:30:00,GMC_Nagpur,224.53,0.0,32,0
2026-01-12T15:35:00,Lata_Mangeshkar_Hospital,223.68,0.0,28,0
2026-01-12T15:40:00,Mayo_Hospital,221.65,0.0,25,0
2026-01-12T15:45:00,Lata_Mangeshkar_Hospital,221.51,0.0,40,0
2026-01-12T15:50:00,Mayo_Hospital,220.73,0.0,38,0
2026-01-12T15:55:00,AIIMS_Nagpur,220.53,0.0,35,0
2026-01-12T16:00:00,Mayo_Hospital,220.44,0.0,38,0
2026-01-12T16:05:00,Mayo_Hospital,221.38,0.0,49,0
2026-01-12T16:10:00,Mayo_Hospital,221.15,0.0,39,0
2026-01-12T16:15:00,GMC_Nagpur,218.57,0.0,32,0
2026-01-12T16:20:00,Lata_Mangeshkar_Hospital,217.35,0.0,45,0
2026-01-12T16:25:00,Mayo_Hospital,218.75,0.0,46,0
2026-01-12T16:30:00,Wockhardt_Hospital,189.43,0.8,38,1
2026-01-12T16:35:00,Lata_Mangeshkar_Hospital,217.18,0.0,45,0
2026-01-12T16:40:00,AIIMS_Nagpur,217.66,0.0,44,0
2026-01-12T16:45:00,Wockhardt_Hospital,216.16,0.0,41,0
2026-01-12T16:50:00,AIIMS_Nagpur,214.4,0.0,59,0
2026-01-12T16:55:00,AIIMS_Nagpur,216.77,0.0,60,0
2026-01-12T17:00:00,AIIMS_Nagpur,215.42,0.0,46,0
2026-01-12T17:05:00,GMC_Nagpur,216.48,0.0,47,0
2026-01-12T17:10:00,GMC_Nagpur,213.75,0.0,48,0
2026-01-12T17:15:00,Lata_Mangeshkar_Hospital,215.72,0.0,62,0
2026-01-12T17:20:00,Lata_Mangeshkar_Hospital,216.72,0.0,52,0
2026-01-12T17:25:00,GMC_Nagpur,214.37,0.0,54,0
2026-01-12T17:30:00,GMC_Nagpur,214.79,0.0,67,0
2026-01-12T17:35:00,AIIMS_Nagpur,216.91,0.0,57,0
2026-01-12T17:40:00,Wockhardt_Hospital,213.74,0.0,67,0
2026-01-12T17:45:00,Lata_Mangeshkar_Hospital,213.64,0.0,57,0
2026-01-12T17:50:00,Lata_Mangeshkar_Hospital,215.06,0.0,63,0
2026-01-12T17:55:00,GMC_Nagpur,215.25,0.0,70,0
2026-01-12T18:00:00,Wockhardt_Hospital,216.3,0.0,60,0
2026-01-12T18:05:00,Lata_Mangeshkar_Hospital,217.09,0.02,62,0
2026-01-12T18:10:00,GMC_Nagpur,218.02,0.0,77,0
2026-01-12T18:15:00,AIIMS_Nagpur,217.4,0.02,64,0
2026-01-12T18:20:00,Wockhardt_Hospital,215.74,0.0,77,0
2026-01-12T18:25:00,Wockhardt_Hospital,219.68,0.0,75,0
2026-01-12T18:30:00,AIIMS_Nagpur,188.41,0.72,66,1
2026-01-12T18:35:00,Wockhardt_Hospital,217.43,0.0,72,0
2026-01-12T18:40:00,Lata_Mangeshkar_Hospital,218.53,0.07,63,0
2026-01-12T18:45:00,Lata_Mangeshkar_Hospital,218.35,0.08,61,0
2026-01-12T18:50:00,AIIMS_Nagpur,221.66,0.11,65,0
2026-01-12T18:55:00,Wockhardt_Hospital,220.74,0.08,75,0
2026-01-12T19:00:00,Mayo_Hospital,223.51,0.08,73,0
2026-01-12T19:05:00,AIIMS_Nagpur,223.24,0.06,75,0
2026-01-12T19:10:00,Wockhardt_Hospital,224.15,0.11,73,0
2026-01-12T19:15:00,Mayo_Hospital,221.46,0.1,60,0
2026-01-12T19:20:00,GMC_Nagpur,223.06,0.17,75,0
2026-01-12T19:25:00,Mayo_Hospital,224.55,0.13,77,0
2026-01-12T19:30:00,Wockhardt_Hospital,223.36,0.1,62,0
2026-01-12T19:35:00,GMC_Nagpur,222.81,0.11,60,0
2026-01-12T19:40:00,Wockhardt_Hospital,222.67,0.11,58,0
2026-01-12T19:45:00,Lata_Mangeshkar_Hospital,225.96,0.12,58,0
2026-01-12T19:50:00,Lata_Mangeshkar_Hospital,224.48,0.19,71,0
2026-01-12T19:55:00,Wockhardt_Hospital,226.31,0.18,70,0
2026-01-12T20:00:00,GMC_Nagpur,225.85,0.24,52,0
2026-01-12T20:05:00,Mayo_Hospital,226.62,0.23,62,0
2026-01-12T20:10:00,Lata_Mangeshkar_Hospital,225.07,0.22,51,0
2026-01-12T20:15:00,GMC_Nagpur,226.53,0.18,66,0
2026-01-12T20:20:00,GMC_Nagpur,226.06,0.24,63,0
2026-01-12T20:25:00,GMC_Nagpur,224.69,0.2,61,0
2026-01-12T20:30:00,AIIMS_Nagpur,224.8,0.21,53,0
2026-01-12T20:35:00,GMC_Nagpur,225.92,0.25,48,0
2026-01-12T20:40:00,AIIMS_Nagpur,225.05,0.26,43,0
2026-01-12T20:45:00,Lata_Mangeshkar_Hospital,222.29,0.25,41,0
2026-01-12T20:50:00,AIIMS_Nagpur,222.96,0.28,46,0
2026-01-12T20:55:00,GMC_Nagpur,222.39,0.26,55,0
2026-01-12T21:00:00,Mayo_Hospital,223.26,0.24,43,0
2026-01-12T21:05:00,Lata_Mangeshkar_Hospital,222.91,0.24,53,0
2026-01-12T21:10:00,Mayo_Hospital,220.71,0.22,46,0
2026-01-12T21:15:00,Lata_Mangeshkar_Hospital,220.9,0.27,43,0
2026-01-12T21:20:00,Lata_Mangeshkar_Hospital,219.17,0.25,50,0
2026-01-12T21:25:00,GMC_Nagpur,221.42,0.27,36,0
2026-01-12T21:30:00,Lata_Mangeshkar_Hospital,217.34,0.2,46,0
2026-01-12T21:35:00,Wockhardt_Hospital,218.94,0.26,32,0
2026-01-12T21:40:00,GMC_Nagpur,219.26,0.25,28,0
2026-01-12T21:45:00,Lata_Mangeshkar_Hospital,219.56,0.21,25,0
2026-01-12T21:50:00,Wockhardt_Hospital,217.7,0.23,26,0
2026-01-12T21:55:00,Mayo_Hospital,216.21,0.21,27,0
2026-01-12T22:00:00,AIIMS_Nagpur,217.49,0.19,19,0
2026-01-12T22:05:00,GMC_Nagpur,215.29,0.22,31,0
2026-01-12T22:10:00,AIIMS_Nagpur,216.14,0.25,18,0
2026-01-12T22:15:00,AIIMS_Nagpur,217.39,0.21,22,0
2026-01-12T22:20:00,Lata_Mangeshkar_Hospital,216.74,0.25,27,0
2026-01-12T22:25:00,Mayo_Hospital,217.2,0.25,24,0
2026-01-12T22:30:00,Wockhardt_Hospital,216.3,0.25,30,0
2026-01-12T22:35:00,Lata_Mangeshkar_Hospital,216.23,0.21,18,0
2026-01-12T22:40:00,GMC_Nagpur,213.91,0.22,26,0
2026-01-12T22:45:00,Wockhardt_Hospital,215.99,0.14,15,0
2026-01-12T22:50:00,AIIMS_Nagpur,213.39,0.21,22,0
2026-01-12T22:55:00,Wockhardt_Hospital,214.79,0.21,10,0
2026-01-12T23:00:00,Lata_Mangeshkar_Hospital,214.35,0.19,10,0
2026-01-12T23:05:00,Lata_Mangeshkar_Hospital,217.28,0.17,10,0
2026-01-12T23:10:00,Lata_Mangeshkar_Hospital,217.77,0.14,20,0
2026-01-12T23:15:00,GMC_Nagpur,214.58,0.17,14,0
2026-01-12T23:20:00,Lata_Mangeshkar_Hospital,214.88,0.12,10,0
2026-01-12T23:25:00,Mayo_Hospital,215.62,0.11,10,0
2026-01-12T23:30:00,Wockhardt_Hospital,216.98,0.16,18,0
2026-01-12T23:35:00,Wockhardt_Hospital,217.59,0.11,10,0
2026-01-12T23:40:00,GMC_Nagpur,218.63,0.06,10,0
2026-01-12T23:45:00,Mayo_Hospital,217.78,0.1,10,0
2026-01-12T23:50:00,AIIMS_Nagpur,219.84,0.08,17,0
2026-01-12T23:55:00,Wockhardt_Hospital,217.69,0.08,10,0
2026-01-13T00:00:00,Wockhardt_Hospital,218.33,0.08,16,0
2026-01-13T00:05:00,Lata_Mangeshkar_Hospital,221.6,0.05,10,0
2026-01-13T00:10:00,Wockhardt_Hospital,222.89,0.04,10,0
2026-01-13T00:15:00,AIIMS_Nagpur,222.9,0.0,19,0
2026-01-13T00:20:00,Mayo_Hospital,221.11,0.0,10,0
2026-01-13T00:25:00,Mayo_Hospital,224.49,0.0,10,0
2026-01-13T00:30:00,AIIMS_Nagpur,222.9,0.0,16,0
2026-01-13T00:35:00,Wockhardt_Hospital,224.51,0.02,15,0
2026-01-13T00:40:00,Wockhardt_Hospital,223.65,0.0,10,0
2026-01-13T00:45:00,Lata_Mangeshkar_Hospital,224.82,0.0,18,0
2026-01-13T00:50:00,Mayo_Hospital,225.14,0.0,23,0
2026-01-13T00:55:00,Wockhardt_Hospital,222.54,0.0,21,0
2026-01-13T01:00:00,GMC_Nagpur,225.76,0.0,10,0
2026-01-13T01:05:00,Wockhardt_Hospital,225.47,0.0,22,0
2026-01-13T01:10:00,Lata_Mangeshkar_Hospital,223.36,0.0,11,0
2026-01-13T01:15:00,Mayo_Hospital,226.34,0.0,23,0
2026-01-13T01:20:00,Wockhardt_Hospital,226.75,0.0,25,0
2026-01-13T01:25:00,Lata_Mangeshkar_Hospital,223.71,0.0,21,0
2026-01-13T01:30:00,Mayo_Hospital,224.82,0.0,29,0
2026-01-13T01:35:00,Lata_Mangeshkar_Hospital,225.03,0.0,14,0
2026-01-13T01:40:00,Lata_Mangeshkar_Hospital,225.4,0.0,26,0
2026-01-13T01:45:00,Wockhardt_Hospital,224.91,0.0,34,0
2026-01-13T01:50:00,Wockhardt_Hospital,224.84,0.0,31,0
2026-01-13T01:55:00,AIIMS_Nagpur,222.83,0.0,36,0
2026-01-13T02:00:00,GMC_Nagpur,223.53,0.0,25,0
2026-01-13T02:05:00,Wockhardt_Hospital,222.87,0.0,23,0
2026-01-13T02:10:00,AIIMS_Nagpur,222.67,0.0,25,0
2026-01-13T02:15:00,Mayo_Hospital,220.18,0.0,41,0
2026-01-13T02:20:00,Lata_Mangeshkar_Hospital,221.51,0.0,41,0
2026-01-13T02:25:00,Lata_Mangeshkar_Hospital,220.68,0.0,35,0
2026-01-13T02:30:00,AIIMS_Nagpur,221.66,0.0,45,0
2026-01-13T02:35:00,Mayo_Hospital,221.06,0.0,47,0
2026-01-13T02:40:00,Lata_Mangeshkar_Hospital,220.93,0.0,41,0
2026-01-13T02:45:00,AIIMS_Nagpur,219.23,0.0,34,0
2026-01-13T02:50:00,AIIMS_Nagpur,217.16,0.0,42,0
2026-01-13T02:55:00,Wockhardt_Hospital,219.93,0.0,39,0
2026-01-13T03:00:00,Lata_Mangeshkar_Hospital,219.48,0.0,55,0
2026-01-13T03:05:00,Mayo_Hospital,216.56,0.0,41,0
2026-01-13T03:10:00,Wockhardt_Hospital,217.07,0.0,44,0
2026-01-13T03:15:00,Lata_Mangeshkar_Hospital,217.55,0.0,44,0
2026-01-13T03:20:00,GMC_Nagpur,216.35,0.0,45,0
2026-01-13T03:25:00,Wockhardt_Hospital,214.8,0.0,48,0
2026-01-13T03:30:00,Mayo_Hospital,214.74,0.0,63,0
2026-01-13T03:35:00,Mayo_Hospital,216.59,0.0,47,0
2026-01-13T03:40:00,AIIMS_Nagpur,215.55,0.0,56,0
2026-01-13T03:45:00,Mayo_Hospital,214.05,0.0,51,0
2026-01-13T03:50:00,GMC_Nagpur,214.05,0.0,66,0
2026-01-13T03:55:00,Mayo_Hospital,215.59,0.0,68,0
2026-01-13T04:00:00,Lata_Mangeshkar_Hospital,214.57,0.0,57,0
2026-01-13T04:05:00,Lata_Mangeshkar_Hospital,216.79,0.0,57,0
2026-01-13T04:10:00,AIIMS_Nagpur,213.73,0.0,72,0
2026-01-13T04:15:00,Mayo_Hospital,214.86,0.0,71,0
2026-01-13T04:20:00,GMC_Nagpur,214.72,0.0,68,0
2026-01-13T04:25:00,AIIMS_Nagpur,216.27,0.0,68,0
2026-01-13T04:30:00,Wockhardt_Hospital,216.23,0.0,76,0
2026-01-13T04:35:00,Wockhardt_Hospital,215.8,0.0,62,0
2026-01-13T04:40:00,GMC_Nagpur,218.29,0.0,67,0
2026-01-13T04:45:00,Wockhardt_Hospital,218.95,0.02,65,0
2026-01-13T04:50:00,GMC_Nagpur,218.37,0.0,73,0
2026-01-13T04:55:00,GMC_Nagpur,217.18,0.03,77,0
2026-01-13T05:00:00,Wockhardt_Hospital,217.81,0.0,71,0
2026-01-13T05:05:00,GMC_Nagpur,217.97,0.02,61,0
2026-01-13T05:10:00,Mayo_Hospital,220.94,0.0,68,0
2026-01-13T05:15:00,AIIMS_Nagpur,219.34,0.06,73,0
2026-01-13T05:20:00,GMC_Nagpur,222.16,0.07,63,0
2026-01-13T05:25:00,Mayo_Hospital,220.17,0.09,66,0
2026-01-13T05:30:00,GMC_Nagpur,222.99,0.07,74,0
2026-01-13T05:35:00,AIIMS_Nagpur,220.79,0.05,70,0
2026-01-13T05:40:00,Lata_Mangeshkar_Hospital,222.39,0.13,71,0
2026-01-13T05:45:00,AIIMS_Nagpur,222.17,0.09,59,0
2026-01-13T05:50:00,Lata_Mangeshkar_Hospital,223.0,0.09,62,0
2026-01-13T05:55:00,AIIMS_Nagpur,222.5,0.16,74,0
2026-01-13T06:00:00,Lata_Mangeshkar_Hospital,223.74,0.09,71,0
2026-01-13T06:05:00,AIIMS_Nagpur,224.8,0.14,73,0
2026-01-13T06:10:00,GMC_Nagpur,222.61,0.15,74,0
2026-01-13T06:15:00,GMC_Nagpur,224.01,0.12,60,0
2026-01-13T06:20:00,Wockhardt_Hospital,224.8,0.2,60,0
2026-01-13T06:25:00,Mayo_Hospital,222.96,0.14,52,0
2026-01-13T06:30:00,GMC_Nagpur,225.65,0.19,61,0
2026-01-13T06:35:00,Mayo_Hospital,225.87,0.17,59,0
2026-01-13T06:40:00,GMC_Nagpur,226.36,0.21,52,0
2026-01-13T06:45:00,AIIMS_Nagpur,225.64,0.18,49,0
2026-01-13T06:50:00,GMC_Nagpur,223.41,0.25,60,0
2026-01-13T06:55:00,AIIMS_Nagpur,225.39,0.26,58,0
2026-01-13T07:00:00,AIIMS_Nagpur,224.78,0.24,57,0
2026-01-13T07:05:00,Lata_Mangeshkar_Hospital,224.66,0.26,55,0
2026-01-13T07:10:00,GMC_Nagpur,223.15,0.23,58,0
2026-01-13T07:15:00,GMC_Nagpur,222.08,0.22,59,0
2026-01-13T07:20:00,GMC_Nagpur,221.6,0.2,52,0
2026-01-13T07:25:00,AIIMS_Nagpur,220.81,0.23,54,0
2026-01-13T07:30:00,AIIMS_Nagpur,220.82,0.21,42,0
2026-01-13T07:35:00,Wockhardt_Hospital,222.18,0.29,51,0
2026-01-13T07:40:00,Wockhardt_Hospital,222.81,0.23,48,0
2026-01-13T07:45:00,Mayo_Hospital,222.22,0.22,42,0
2026-01-13T07:50:00,Lata_Mangeshkar_Hospital,218.54,0.25,41,0
2026-01-13T07:55:00,Wockhardt_Hospital,221.41,0.26,48,0
2026-01-13T08:00:00,Mayo_Hospital,219.94,0.29,43,0
2026-01-13T08:05:00,Wockhardt_Hospital,219.26,0.28,34,0
2026-01-13T08:10:00,Mayo_Hospital,218.95,0.25,39,0
2026-01-13T08:15:00,AIIMS_Nagpur,216.19,0.25,29,0
2026-01-13T08:20:00,Mayo_Hospital,216.8,0.26,30,0
2026-01-13T08:25:00,AIIMS_Nagpur,217.18,0.23,29,0
2026-01-13T08:30:00,AIIMS_Nagpur,215.71,0.19,19,0
2026-01-13T08:35:00,Wockhardt_Hospital,217.67,0.24,21,0
2026-01-13T08:40:00,GMC_Nagpur,214.04,0.23,32,0
2026-01-13T08:45:00,Lata_Mangeshkar_Hospital,216.67,0.25,32,0
2026-01-13T08:50:00,AIIMS_Nagpur,215.78,0.18,20,0
2026-01-13T08:55:00,AIIMS_Nagpur,213.57,0.16,18,0
2026-01-13T09:00:00,Wockhardt_Hospital,214.64,0.21,27,0
2026-01-13T09:05:00,Mayo_Hospital,214.56,0.22,20,0
2026-01-13T09:10:00,GMC_Nagpur,216.52,0.17,26,0
2026-01-13T09:15:00,Lata_Mangeshkar_Hospital,216.75,0.17,13,0
2026-01-13T09:20:00,Wockhardt_Hospital,216.97,0.21,13,0
2026-01-13T09:25:00,AIIMS_Nagpur,214.59,0.19,20,0
2026-01-13T09:30:00,AIIMS_Nagpur,213.74,0.16,11,0
2026-01-13T09:35:00,Lata_Mangeshkar_Hospital,216.32,0.2,10,0
2026-01-13T09:40:00,Lata_Mangeshkar_Hospital,214.16,0.15,10,0
2026-01-13T09:45:00,Lata_Mangeshkar_Hospital,217.72,0.15,18,0
2026-01-13T09:50:00,Lata_Mangeshkar_Hospital,217.95,0.12,11,0
2026-01-13T09:55:00,GMC_Nagpur,216.1,0.09,18,0
2026-01-13T10:00:00,AIIMS_Nagpur,218.23,0.13,15,0
2026-01-13T10:05:00,Mayo_Hospital,216.53,0.11,16,0
2026-01-13T10:10:00,Wockhardt_Hospital,220.07,0.04,17,0
2026-01-13T10:15:00,GMC_Nagpur,219.54,0.07,10,0
2026-01-13T10:20:00,Mayo_Hospital,219.83,0.09,10,0
2026-01-13T10:25:00,GMC_Nagpur,219.71,0.09,11,0
2026-01-13T10:30:00,Wockhardt_Hospital,219.53,0.0,10,0
2026-01-13T10:35:00,Mayo_Hospital,218.79,0.0,15,0
2026-01-13T10:40:00,GMC_Nagpur,223.09,0.03,12,0
2026-01-13T10:45:00,GMC_Nagpur,221.12,0.02,10,0
2026-01-13T10:50:00,GMC_Nagpur,221.86,0.0,10,0
2026-01-13T10:55:00,GMC_Nagpur,223.69,0.0,15,0
2026-01-13T11:00:00,Mayo_Hospital,223.0,0.0,17,0
2026-01-13T11:05:00,AIIMS_Nagpur,225.17,0.0,10,0
2026-01-13T11:10:00,GMC_Nagpur,225.47,0.0,18,0
2026-01-13T11:15:00,Lata_Mangeshkar_Hospital,223.31,0.0,22,0
2026-01-13T11:20:00,Mayo_Hospital,225.46,0.0,10,0
2026-01-13T11:25:00,AIIMS_Nagpur,224.25,0.0,12,0
2026-01-13T11:30:00,AIIMS_Nagpur,224.83,0.0,16,0
2026-01-13T11:35:00,Mayo_Hospital,225.77,0.0,23,0
2026-01-13T11:40:00,AIIMS_Nagpur,223.43,0.0,14,0
2026-01-13T11:45:00,Lata_Mangeshkar_Hospital,226.58,0.0,20,0
2026-01-13T11:50:00,AIIMS_Nagpur,225.95,0.0,16,0
2026-01-13T11:55:00,AIIMS_Nagpur,225.53,0.0,22,0
2026-01-13T12:00:00,GMC_Nagpur,192.85,0.75,16,1
2026-01-13T12:05:00,AIIMS_Nagpur,226.1,0.0,18,0
2026-01-13T12:10:00,Lata_Mangeshkar_Hospital,226.19,0.0,28,0
2026-01-13T12:15:00,Lata_Mangeshkar_Hospital,224.31,0.0,31,0
2026-01-13T12:20:00,GMC_Nagpur,222.37,0.0,20,0
2026-01-13T12:25:00,Wockhardt_Hospital,223.33,0.0,26,0
2026-01-13T12:30:00,Wockhardt_Hospital,223.84,0.0,35,0
2026-01-13T12:35:00,Lata_Mangeshkar_Hospital,222.28,0.0,25,0
2026-01-13T12:40:00,Wockhardt_Hospital,223.57,0.0,25,0
2026-01-13T12:45:00,Mayo_Hospital,221.19,0.0,43,0
2026-01-13T12:50:00,Lata_Mangeshkar_Hospital,221.34,0.0,34,0
2026-01-13T12:55:00,Mayo_Hospital,220.66,0.0,44,0
2026-01-13T13:00:00,AIIMS_Nagpur,219.81,0.0,28,0
2026-01-13T13:05:00,Mayo_Hospital,219.74,0.0,45,0
2026-01-13T13:10:00,Lata_Mangeshkar_Hospital,219.14,0.0,44,0
2026-01-13T13:15:00,AIIMS_Nagpur,218.38,0.0,48,0
2026-01-13T13:20:00,GMC_Nagpur,216.95,0.0,47,0
2026-01-13T13:25:00,AIIMS_Nagpur,216.04,0.0,49,0
2026-01-13T13:30:00,Mayo_Hospital,216.83,0.0,48,0
2026-01-13T13:35:00,Lata_Mangeshkar_Hospital,217.22,0.0,41,0
2026-01-13T13:40:00,AIIMS_Nagpur,217.86,0.0,58,0
2026-01-13T13:45:00,Mayo_Hospital,216.03,0.0,42,0
2026-01-13T13:50:00,Mayo_Hospital,217.17,0.0,46,0
2026-01-13T13:55:00,GMC_Nagpur,216.11,0.0,62,0
2026-01-13T14:00:00,AIIMS_Nagpur,214.29,0.0,48,0
2026-01-13T14:05:00,GMC_Nagpur,216.01,0.0,49,0
2026-01-13T14:10:00,AIIMS_Nagpur,215.02,0.0,58,0
2026-01-13T14:15:00,GMC_Nagpur,216.94,0.0,61,0
2026-01-13T14:20:00,Wockhardt_Hospital,214.78,0.0,54,0
2026-01-13T14:25:00,GMC_Nagpur,214.79,0.0,52,0
2026-01-13T14:30:00,GMC_Nagpur,216.98,0.0,56,0
2026-01-13T14:35:00,AIIMS_Nagpur,216.13,0.0,55,0
2026-01-13T14:40:00,Wockhardt_Hospital,215.92,0.0,70,0
2026-01-13T14:45:00,Lata_Mangeshkar_Hospital,215.75,0.0,60,0
2026-01-13T14:50:00,GMC_Nagpur,216.02,0.0,63,0
2026-01-13T14:55:00,Mayo_Hospital,214.8,0.01,72,0
2026-01-13T15:00:00,Mayo_Hospital,217.25,0.0,67,0
2026-01-13T15:05:00,Lata_Mangeshkar_Hospital,216.54,0.0,64,0
2026-01-13T15:10:00,Wockhardt_Hospital,215.77,0.02,72,0
2026-01-13T15:15:00,Lata_Mangeshkar_Hospital,217.27,0.04,60,0
2026-01-13T15:20:00,GMC_Nagpur,218.94,0.0,70,0
2026-01-13T15:25:00,Mayo_Hospital,216.48,0.01,75,0
2026-01-13T15:30:00,Mayo_Hospital,217.21,0.04,67,0
2026-01-13T15:35:00,AIIMS_Nagpur,218.9,0.0,63,0
2026-01-13T15:40:00,Lata_Mangeshkar_Hospital,218.71,0.06,70,0
2026-01-13T15:45:00,Wockhardt_Hospital,219.99,0.04,60,0
2026-01-13T15:50:00,GMC_Nagpur,222.08,0.1,75,0
2026-01-13T15:55:00,AIIMS_Nagpur,222.17,0.1,65,0
2026-01-13T16:00:00,Mayo_Hospital,223.51,0.11,63,0
2026-01-13T16:05:00,GMC_Nagpur,220.48,0.05,73,0
2026-01-13T16:10:00,Mayo_Hospital,221.76,0.14,60,0
2026-01-13T16:15:00,Wockhardt_Hospital,196.36,0.77,64,1
2026-01-13T16:20:00,Mayo_Hospital,224.55,0.09,73,0
2026-01-13T16:25:00,Lata_Mangeshkar_Hospital,223.35,0.18,74,0
2026-01-13T16:30:00,Wockhardt_Hospital,224.5,0.18,72,0
2026-01-13T16:35:00,Mayo_Hospital,224.81,0.16,68,0
2026-01-13T16:40:00,AIIMS_Nagpur,225.71,0.19,58,0
2026-01-13T16:45:00,Mayo_Hospital,224.83,0.2,58,0
2026-01-13T16:50:00,GMC_Nagpur,225.98,0.17,59,0
2026-01-13T16:55:00,GMC_Nagpur,224.75,0.19,61,0
2026-01-13T17:00:00,Wockhardt_Hospital,226.6,0.19,68,0
2026-01-13T17:05:00,Wockhardt_Hospital,223.84,0.2,57,0
2026-01-13T17:10:00,Mayo_Hospital,223.78,0.18,60,0
2026-01-13T17:15:00,AIIMS_Nagpur,225.36,0.26,64,0
2026-01-13T17:20:00,Mayo_Hospital,226.06,0.17,64,0
2026-01-13T17:25:00,Wockhardt_Hospital,224.04,0.23,57,0
2026-01-13T17:30:00,AIIMS_Nagpur,225.26,0.27,62,0
2026-01-13T17:35:00,AIIMS_Nagpur,224.8,0.19,61,0
2026-01-13T17:40:00,Lata_Mangeshkar_Hospital,223.73,0.26,60,0
2026-01-13T17:45:00,Lata_Mangeshkar_Hospital,224.46,0.24,54,0
2026-01-13T17:50:00,Lata_Mangeshkar_Hospital,222.2,0.2,52,0
2026-01-13T17:55:00,Mayo_Hospital,221.84,0.27,45,0
2026-01-13T18:00:00,Lata_Mangeshkar_Hospital,222.08,0.3,51,0
2026-01-13T18:05:00,GMC_Nagpur,219.64,0.24,36,0
2026-01-13T18:10:00,AIIMS_Nagpur,220.12,0.27,33,0
2026-01-13T18:15:00,AIIMS_Nagpur,222.31,0.3,34,0
2026-01-13T18:20:00,Wockhardt_Hospital,218.69,0.27,34,0
2026-01-13T18:25:00,Wockhardt_Hospital,219.89,0.29,47,0
2026-01-13T18:30:00,Lata_Mangeshkar_Hospital,217.94,0.26,30,0
2026-01-13T18:35:00,Wockhardt_Hospital,219.14,0.25,31,0
2026-01-13T18:40:00,Mayo_Hospital,182.52,1.01,30,1
2026-01-13T18:45:00,Lata_Mangeshkar_Hospital,217.68,0.2,30,0
2026-01-13T18:50:00,Wockhardt_Hospital,217.05,0.21,35,0
2026-01-13T18:55:00,GMC_Nagpur,215.87,0.25,22,0
2026-01-13T19:00:00,Wockhardt_Hospital,216.46,0.2,20,0
2026-01-13T19:05:00,AIIMS_Nagpur,214.54,0.24,21,0
2026-01-13T19:10:00,GMC_Nagpur,215.23,0.25,19,0
2026-01-13T19:15:00,Mayo_Hospital,214.9,0.26,19,0
2026-01-13T19:20:00,Wockhardt_Hospital,216.44,0.19,18,0
2026-01-13T19:25:00,Lata_Mangeshkar_Hospital,216.04,0.22,17,0
2026-01-13T19:30:00,Wockhardt_Hospital,213.31,0.16,17,0
2026-01-13T19:35:00,GMC_Nagpur,214.37,0.24,22,0
2026-01-13T19:40:00,AIIMS_Nagpur,214.06,0.17,12,0
2026-01-13T19:45:00,Lata_Mangeshkar_Hospital,214.32,0.22,12,0
2026-01-13T19:50:00,Wockhardt_Hospital,215.33,0.2,10,0
2026-01-13T19:55:00,Wockhardt_Hospital,216.4,0.13,13,0
2026-01-13T20:00:00,Wockhardt_Hospital,216.24,0.13,10,0
2026-01-13T20:05:00,GMC_Nagpur,214.28,0.1,18,0
2026-01-13T20:10:00,Lata_Mangeshkar_Hospital,215.25,0.17,21,0
2026-01-13T20:15:00,Lata_Mangeshkar_Hospital,215.43,0.17,12,0
2026-01-13T20:20:00,AIIMS_Nagpur,216.03,0.13,10,0
2026-01-13T20:25:00,GMC_Nagpur,215.55,0.13,19,0
2026-01-13T20:30:00,Wockhardt_Hospital,215.61,0.05,10,0
2026-01-13T20:35:00,Wockhardt_Hospital,217.54,0.05,10,0
2026-01-13T20:40:00,Mayo_Hospital,217.08,0.09,15,0
2026-01-13T20:45:00,Lata_Mangeshkar_Hospital,218.1,0.08,12,0
2026-01-13T20:50:00,AIIMS_Nagpur,218.65,0.07,16,0
2026-01-13T20:55:00,Wockhardt_Hospital,221.55,0.01,18,0
2026-01-13T21:00:00,GMC_Nagpur,220.04,0.05,10,0
2026-01-13T21:05:00,Wockhardt_Hospital,219.39,0.01,10,0
2026-01-13T21:10:00,Mayo_Hospital,222.1,0.06,10,0
2026-01-13T21:15:00,Wockhardt_Hospital,220.55,0.03,10,0
2026-01-13T21:20:00,AIIMS_Nagpur,220.45,0.02,18,0
2026-01-13T21:25:00,AIIMS_Nagpur,222.92,0.0,15,0
2026-01-13T21:30:00,Wockhardt_Hospital,224.33,0.0,16,0
2026-01-13T21:35:00,AIIMS_Nagpur,223.03,0.0,17,0
2026-01-13T21:40:00,GMC_Nagpur,224.92,0.0,21,0
2026-01-13T21:45:00,Wockhardt_Hospital,224.88,0.0,15,0
2026-01-13T21:50:00,Mayo_Hospital,222.66,0.0,10,0
2026-01-13T21:55:00,AIIMS_Nagpur,223.16,0.0,22,0
2026-01-13T22:00:00,GMC_Nagpur,222.91,0.0,10,0
2026-01-13T22:05:00,Lata_Mangeshkar_Hospital,224.18,0.0,17,0
2026-01-13T22:10:00,GMC_Nagpur,223.74,0.0,18,0
2026-01-13T22:15:00,Mayo_Hospital,224.2,0.0,23,0
2026-01-13T22:20:00,Wockhardt_Hospital,223.3,0.0,13,0
2026-01-13T22:25:00,Mayo_Hospital,225.16,0.0,29,0
2026-01-13T22:30:00,AIIMS_Nagpur,223.85,0.0,29,0
2026-01-13T22:35:00,Mayo_Hospital,223.98,0.0,17,0
2026-01-13T22:40:00,Lata_Mangeshkar_Hospital,222.39,0.0,22,0
2026-01-13T22:45:00,Wockhardt_Hospital,225.67,0.0,20,0
2026-01-13T22:50:00,Wockhardt_Hospital,223.75,0.0,22,0
2026-01-13T22:55:00,Wockhardt_Hospital,224.49,0.0,37,0
2026-01-13T23:00:00,Mayo_Hospital,221.91,0.0,21,0
2026-01-13T23:05:00,Wockhardt_Hospital,221.4,0.0,31,0
2026-01-13T23:10:00,Lata_Mangeshkar_Hospital,220.28,0.0,32,0
2026-01-13T23:15:00,AIIMS_Nagpur,220.11,0.0,42,0
2026-01-13T23:20:00,Lata_Mangeshkar_Hospital,221.78,0.0,34,0
2026-01-13T23:25:00,GMC_Nagpur,220.61,0.0,39,0
2026-01-13T23:30:00,Wockhardt_Hospital,220.97,0.0,38,0
2026-01-13T23:35:00,GMC_Nagpur,221.67,0.0,41,0
2026-01-13T23:40:00,Mayo_Hospital,218.74,0.0,39,0
2026-01-13T23:45:00,AIIMS_Nagpur,219.76,0.0,46,0
2026-01-13T23:50:00,Mayo_Hospital,218.98,0.0,49,0
2026-01-13T23:55:00,Wockhardt_Hospital,216.23,0.0,52,0
2026-01-14T00:00:00,Lata_Mangeshkar_Hospital,217.38,0.0,43,0
2026-01-14T00:05:00,Wockhardt_Hospital,218.89,0.0,45,0
2026-01-14T00:10:00,Lata_Mangeshkar_Hospital,217.23,0.0,44,0
2026-01-14T00:15:00,Wockhardt_Hospital,216.76,0.0,51,0
2026-01-14T00:20:00,Lata_Mangeshkar_Hospital,217.56,0.0,48,0
2026-01-14T00:25:00,Mayo_Hospital,214.56,0.0,53,0
2026-01-14T00:30:00,Mayo_Hospital,213.84,0.0,54,0
2026-01-14T00:35:00,Mayo_Hospital,213.87,0.0,63,0
2026-01-14T00:40:00,GMC_Nagpur,215.22,0.0,63,0
2026-01-14T00:45:00,Mayo_Hospital,216.2,0.0,63,0
2026-01-14T00:50:00,Wockhardt_Hospital,215.91,0.0,58,0
2026-01-14T00:55:00,Mayo_Hospital,213.68,0.0,52,0
2026-01-14T01:00:00,AIIMS_Nagpur,213.73,0.0,58,0
2026-01-14T01:05:00,GMC_Nagpur,214.22,0.0,59,0
2026-01-14T01:10:00,AIIMS_Nagpur,213.7,0.0,57,0
2026-01-14T01:15:00,AIIMS_Nagpur,215.8,0.0,62,0
2026-01-14T01:20:00,Mayo_Hospital,164.51,0.63,57,1
2026-01-14T01:25:00,Wockhardt_Hospital,215.24,0.0,64,0
2026-01-14T01:30:00,Mayo_Hospital,214.97,0.0,60,0
2026-01-14T01:35:00,GMC_Nagpur,216.04,0.02,61,0
2026-01-14T01:40:00,Lata_Mangeshkar_Hospital,217.21,0.0,68,0
2026-01-14T01:45:00,Mayo_Hospital,216.7,0.01,77,0
2026-01-14T01:50:00,Lata_Mangeshkar_Hospital,197.33,0.82,62,1
2026-01-14T01:55:00,AIIMS_Nagpur,219.21,0.0,70,0
2026-01-14T02:00:00,Mayo_Hospital,218.68,0.06,71,0
2026-01-14T02:05:00,AIIMS_Nagpur,221.45,0.01,60,0
2026-01-14T02:10:00,AIIMS_Nagpur,219.66,0.06,65,0
2026-01-14T02:15:00,Wockhardt_Hospital,221.45,0.02,77,0
2026-01-14T02:20:00,Mayo_Hospital,220.35,0.03,63,0
2026-01-14T02:25:00,AIIMS_Nagpur,220.45,0.08,62,0
2026-01-14T02:30:00,GMC_Nagpur,223.55,0.05,78,0
2026-01-14T02:35:00,AIIMS_Nagpur,221.92,0.08,64,0
2026-01-14T02:40:00,Mayo_Hospital,223.2,0.09,75,0
2026-01-14T02:45:00,AIIMS_Nagpur,224.34,0.15,65,0
2026-01-14T02:50:00,Mayo_Hospital,222.01,0.13,57,0
2026-01-14T02:55:00,Lata_Mangeshkar_Hospital,222.81,0.18,61,0
2026-01-14T03:00:00,Mayo_Hospital,222.69,0.18,69,0
2026-01-14T03:05:00,AIIMS_Nagpur,224.56,0.16,71,0
2026-01-14T03:10:00,GMC_Nagpur,223.65,0.21,56,0
2026-01-14T03:15:00,Lata_Mangeshkar_Hospital,223.88,0.14,58,0
2026-01-14T03:20:00,AIIMS_Nagpur,225.39,0.17,62,0
2026-01-14T03:25:00,GMC_Nagpur,223.75,0.21,62,0
2026-01-14T03:30:00,Lata_Mangeshkar_Hospital,225.65,0.21,57,0
2026-01-14T03:35:00,Wockhardt_Hospital,225.99,0.17,59,0
2026-01-14T03:40:00,GMC_Nagpur,179.57,0.89,57,1
2026-01-14T03:45:00,Mayo_Hospital,225.07,0.16,65,0
2026-01-14T03:50:00,Wockhardt_Hospital,226.33,0.26,63,0
2026-01-14T03:55:00,Mayo_Hospital,222.82,0.26,51,0
2026-01-14T04:00:00,AIIMS_Nagpur,224.99,0.18,47,0
2026-01-14T04:05:00,AIIMS_Nagpur,223.11,0.19,42,0
2026-01-14T04:10:00,AIIMS_Nagpur,221.92,0.2,55,0
2026-01-14T04:15:00,Mayo_Hospital,223.61,0.22,55,0
2026-01-14T04:20:00,AIIMS_Nagpur,223.91,0.22,47,0
2026-01-14T04:25:00,Mayo_Hospital,223.53,0.23,39,0
2026-01-14T04:30:00,AIIMS_Nagpur,223.14,0.28,38,0
2026-01-14T04:35:00,Mayo_Hospital,219.81,0.29,39,0
2026-01-14T04:40:00,Mayo_Hospital,219.83,0.21,45,0
2026-01-14T04:45:00,AIIMS_Nagpur,221.72,0.21,41,0
2026-01-14T04:50:00,AIIMS_Nagpur,221.05,0.23,43,0
2026-01-14T04:55:00,Wockhardt_Hospital,220.2,0.2,33,0
2026-01-14T05:00:00,AIIMS_Nagpur,220.51,0.23,33,0
2026-01-14T05:05:00,Lata_Mangeshkar_Hospital,219.5,0.29,42,0
2026-01-14T05:10:00,GMC_Nagpur,218.73,0.25,34,0
2026-01-14T05:15:00,GMC_Nagpur,218.64,0.28,36,0
2026-01-14T05:20:00,AIIMS_Nagpur,218.43,0.26,24,0
2026-01-14T05:25:00,GMC_Nagpur,217.06,0.25,32,0
2026-01-14T05:30:00,Wockhardt_Hospital,217.97,0.28,34,0
2026-01-14T05:35:00,AIIMS_Nagpur,214.49,0.24,16,0
2026-01-14T05:40:00,AIIMS_Nagpur,215.94,0.26,26,0
2026-01-14T05:45:00,Lata_Mangeshkar_Hospital,214.99,0.2,17,0
2026-01-14T05:50:00,Mayo_Hospital,215.92,0.19,27,0
2026-01-14T05:55:00,Lata_Mangeshkar_Hospital,214.98,0.2,27,0
2026-01-14T06:00:00,AIIMS_Nagpur,216.24,0.16,14,0
2026-01-14T06:05:00,GMC_Nagpur,216.24,0.16,15,0
2026-01-14T06:10:00,GMC_Nagpur,213.3,0.19,13,0
2026-01-14T06:15:00,Mayo_Hospital,214.08,0.15,11,0
2026-01-14T06:20:00,Mayo_Hospital,214.3,0.18,11,0
2026-01-14T06:25:00,Mayo_Hospital,216.7,0.18,19,0
2026-01-14T06:30:00,Wockhardt_Hospital,214.38,0.11,10,0
2026-01-14T06:35:00,Wockhardt_Hospital,215.18,0.14,10,0
2026-01-14T06:40:00,GMC_Nagpur,216.89,0.13,10,0
2026-01-14T06:45:00,Lata_Mangeshkar_Hospital,218.29,0.09,19,0
2026-01-14T06:50:00,Mayo_Hospital,215.71,0.11,10,0
2026-01-14T06:55:00,Wockhardt_Hospital,218.74,0.14,18,0
2026-01-14T07:00:00,Lata_Mangeshkar_Hospital,218.9,0.07,10,0
2026-01-14T07:05:00,GMC_Nagpur,218.31,0.14,10,0
2026-01-14T07:10:00,Wockhardt_Hospital,220.55,0.11,15,0
2026-01-14T07:15:00,Lata_Mangeshkar_Hospital,220.39,0.09,10,0
2026-01-14T07:20:00,Lata_Mangeshkar_Hospital,219.42,0.09,18,0
2026-01-14T07:25:00,AIIMS_Nagpur,219.05,0.04,16,0
2026-01-14T07:30:00,Wockhardt_Hospital,222.31,0.0,13,0
2026-01-14T07:35:00,Lata_Mangeshkar_Hospital,220.8,0.03,10,0
2026-01-14T07:40:00,Mayo_Hospital,223.09,0.01,12,0
2026-01-14T07:45:00,Lata_Mangeshkar_Hospital,220.43,0.0,10,0
2026-01-14T07:50:00,GMC_Nagpur,221.66,0.01,18,0
2026-01-14T07:55:00,Lata_Mangeshkar_Hospital,196.47,0.86,13,1
2026-01-14T08:00:00,GMC_Nagpur,224.36,0.01,13,0
2026-01-14T08:05:00,AIIMS_Nagpur,225.36,0.0,17,0
2026-01-14T08:10:00,AIIMS_Nagpur,223.43,0.0,15,0
2026-01-14T08:15:00,AIIMS_Nagpur,223.93,0.0,10,0
2026-01-14T08:20:00,AIIMS_Nagpur,225.95,0.0,10,0
2026-01-14T08:25:00,Lata_Mangeshkar_Hospital,224.89,0.0,18,0
2026-01-14T08:30:00,Lata_Mangeshkar_Hospital,226.28,0.0,22,0
2026-01-14T08:35:00,AIIMS_Nagpur,225.5,0.0,15,0
2026-01-14T08:40:00,AIIMS_Nagpur,226.81,0.0,16,0
2026-01-14T08:45:00,AIIMS_Nagpur,223.76,0.0,12,0
2026-01-14T08:50:00,AIIMS_Nagpur,226.64,0.0,27,0
2026-01-14T08:55:00,Wockhardt_Hospital,222.99,0.0,18,0
2026-01-14T09:00:00,GMC_Nagpur,224.19,0.0,26,0
2026-01-14T09:05:00,GMC_Nagpur,226.14,0.0,23,0
2026-01-14T09:10:00,AIIMS_Nagpur,225.89,0.0,22,0
2026-01-14T09:15:00,GMC_Nagpur,223.77,0.0,22,0
2026-01-14T09:20:00,AIIMS_Nagpur,221.7,0.0,25,0
2026-01-14T09:25:00,Wockhardt_Hospital,221.99,0.0,30,0
2026-01-14T09:30:00,Mayo_Hospital,222.2,0.0,23,0
2026-01-14T09:35:00,Wockhardt_Hospital,223.01,0.0,38,0
2026-01-14T09:40:00,Mayo_Hospital,223.04,0.0,43,0
2026-01-14T09:45:00,GMC_Nagpur,223.5,0.0,36,0
2026-01-14T09:50:00,Mayo_Hospital,222.61,0.0,29,0
2026-01-14T09:55:00,Lata_Mangeshkar_Hospital,221.2,0.0,45,0
2026-01-14T10:00:00,GMC_Nagpur,218.56,0.0,39,0
2026-01-14T10:05:00,Mayo_Hospital,218.66,0.0,31,0
2026-01-14T10:10:00,AIIMS_Nagpur,221.02,0.0,44,0
2026-01-14T10:15:00,AIIMS_Nagpur,216.89,0.0,36,0
2026-01-14T10:20:00,Mayo_Hospital,218.37,0.0,52,0
2026-01-14T10:25:00,AIIMS_Nagpur,215.72,0.0,51,0
2026-01-14T10:30:00,Mayo_Hospital,215.91,0.0,51,0
2026-01-14T10:35:00,Mayo_Hospital,217.93,0.0,58,0
2026-01-14T10:40:00,Lata_Mangeshkar_Hospital,214.83,0.0,45,0
2026-01-14T10:45:00,Mayo_Hospital,214.21,0.0,46,0
2026-01-14T10:50:00,Mayo_Hospital,216.37,0.0,49,0
2026-01-14T10:55:00,AIIMS_Nagpur,214.91,0.0,53,0
2026-01-14T11:00:00,Wockhardt_Hospital,215.55,0.0,59,0
2026-01-14T11:05:00,Wockhardt_Hospital,214.15,0.0,48,0
2026-01-14T11:10:00,Mayo_Hospital,213.78,0.0,51,0
2026-01-14T11:15:00,Wockhardt_Hospital,214.04,0.0,57,0
2026-01-14T11:20:00,AIIMS_Nagpur,216.66,0.0,63,0
2026-01-14T11:25:00,Wockhardt_Hospital,214.88,0.0,68,0
2026-01-14T11:30:00,AIIMS_Nagpur,214.78,0.0,68,0
2026-01-14T11:35:00,Mayo_Hospital,215.65,0.0,65,0
2026-01-14T11:40:00,GMC_Nagpur,213.51,0.0,64,0
2026-01-14T11:45:00,Wockhardt_Hospital,213.79,0.0,69,0
2026-01-14T11:50:00,GMC_Nagpur,215.5,0.0,65,0
2026-01-14T11:55:00,Mayo_Hospital,216.87,0.0,68,0
2026-01-14T12:00:00,Wockhardt_Hospital,214.85,0.0,76,0
2026-01-14T12:05:00,GMC_Nagpur,217.17,0.0,76,0
2026-01-14T12:10:00,GMC_Nagpur,218.86,0.02,76,0
2026-01-14T12:15:00,Mayo_Hospital,218.78,0.0,78,0
2026-01-14T12:20:00,Mayo_Hospital,217.78,0.03,65,0
2026-01-14T12:25:00,Mayo_Hospital,220.27,0.04,76,0
2026-01-14T12:30:00,AIIMS_Nagpur,220.19,0.0,65,0
2026-01-14T12:35:00,Wockhardt_Hospital,219.2,0.07,65,0
2026-01-14T12:40:00,Wockhardt_Hospital,220.93,0.07,78,0
2026-01-14T12:45:00,Wockhardt_Hospital,220.26,0.07,69,0
2026-01-14T12:50:00,AIIMS_Nagpur,220.33,0.04,62,0
2026-01-14T12:55:00,GMC_Nagpur,220.29,0.05,71,0
2026-01-14T13:00:00,Wockhardt_Hospital,221.98,0.14,61,0
2026-01-14T13:05:00,GMC_Nagpur,224.33,0.15,72,0
2026-01-14T13:10:00,Wockhardt_Hospital,221.7,0.09,71,0
2026-01-14T13:15:00,AIIMS_Nagpur,221.48,0.08,66,0
2026-01-14T13:20:00,Lata_Mangeshkar_Hospital,225.3,0.16,76,0
2026-01-14T13:25:00,Wockhardt_Hospital,225.31,0.18,66,0
2026-01-14T13:30:00,Wockhardt_Hospital,223.43,0.17,62,0
2026-01-14T13:35:00,GMC_Nagpur,223.32,0.15,60,0
2026-01-14T13:40:00,Lata_Mangeshkar_Hospital,226.24,0.13,62,0
2026-01-14T13:45:00,Lata_Mangeshkar_Hospital,225.95,0.16,53,0
2026-01-14T13:50:00,GMC_Nagpur,226.18,0.19,59,0
2026-01-14T13:55:00,AIIMS_Nagpur,226.98,0.18,68,0
2026-01-14T14:00:00,Wockhardt_Hospital,225.1,0.19,52,0
2026-01-14T14:05:00,GMC_Nagpur,225.5,0.19,58,0
2026-01-14T14:10:00,Mayo_Hospital,226.65,0.18,53,0
2026-01-14T14:15:00,AIIMS_Nagpur,225.5,0.19,51,0
2026-01-14T14:20:00,Wockhardt_Hospital,225.73,0.27,62,0
2026-01-14T14:25:00,AIIMS_Nagpur,225.16,0.26,46,0
2026-01-14T14:30:00,Mayo_Hospital,225.45,0.24,48,0
2026-01-14T14:35:00,GMC_Nagpur,224.01,0.24,59,0
2026-01-14T14:40:00,Mayo_Hospital,223.31,0.26,57,0
2026-01-14T14:45:00,Mayo_Hospital,222.47,0.21,49,0
2026-01-14T14:50:00,Lata_Mangeshkar_Hospital,222.02,0.22,44,0
2026-01-14T14:55:00,AIIMS_Nagpur,221.05,0.2,37,0
2026-01-14T15:00:00,AIIMS_Nagpur,219.82,0.21,42,0
2026-01-14T15:05:00,Mayo_Hospital,222.48,0.22,48,0
2026-01-14T15:10:00,AIIMS_Nagpur,221.26,0.29,41,0
2026-01-14T15:15:00,Mayo_Hospital,220.18,0.23,34,0
2026-01-14T15:20:00,Wockhardt_Hospital,217.66,0.23,29,0
2026-01-14T15:25:00,Mayo_Hospital,219.01,0.25,34,0
2026-01-14T15:30:00,Mayo_Hospital,217.45,0.26,34,0
2026-01-14T15:35:00,GMC_Nagpur,219.52,0.29,31,0
2026-01-14T15:40:00,Mayo_Hospital,217.99,0.22,38,0
2026-01-14T15:45:00,Wockhardt_Hospital,216.09,0.25,35,0
2026-01-14T15:50:00,AIIMS_Nagpur,217.95,0.28,25,0
2026-01-14T15:55:00,Wockhardt_Hospital,215.62,0.26,34,0
2026-01-14T16:00:00,GMC_Nagpur,217.27,0.21,22,0
2026-01-14T16:05:00,Lata_Mangeshkar_Hospital,215.36,0.2,27,0
2026-01-14T16:10:00,Lata_Mangeshkar_Hospital,217.15,0.18,31,0
2026-01-14T16:15:00,Lata_Mangeshkar_Hospital,216.79,0.26,23,0
2026-01-14T16:20:00,Lata_Mangeshkar_Hospital,213.35,0.25,13,0
2026-01-14T16:25:00,AIIMS_Nagpur,214.38,0.2,12,0
2026-01-14T16:30:00,GMC_Nagpur,215.91,0.2,24,0
2026-01-14T16:35:00,AIIMS_Nagpur,214.68,0.16,11,0
2026-01-14T16:40:00,Mayo_Hospital,213.9,0.21,14,0
2026-01-14T16:45:00,Mayo_Hospital,213.3,0.22,10,0
2026-01-14T16:50:00,Mayo_Hospital,216.92,0.12,14,0
2026-01-14T16:55:00,AIIMS_Nagpur,216.9,0.16,14,0
2026-01-14T17:00:00,Wockhardt_Hospital,217.52,0.14,19,0
2026-01-14T17:05:00,Mayo_Hospital,215.78,0.18,12,0
2026-01-14T17:10:00,Lata_Mangeshkar_Hospital,215.92,0.17,17,0
2026-01-14T17:15:00,GMC_Nagpur,216.95,0.17,11,0
2026-01-14T17:20:00,Lata_Mangeshkar_Hospital,218.61,0.1,10,0
2026-01-14T17:25:00,Wockhardt_Hospital,219.17,0.09,10,0
2026-01-14T17:30:00,AIIMS_Nagpur,219.68,0.1,14,0
2026-01-14T17:35:00,GMC_Nagpur,219.94,0.12,12,0
2026-01-14T17:40:00,Mayo_Hospital,218.32,0.08,10,0
2026-01-14T17:45:00,AIIMS_Nagpur,219.56,0.11,11,0
2026-01-14T17:50:00,Mayo_Hospital,219.41,0.01,18,0
2026-01-14T17:55:00,AIIMS_Nagpur,219.93,0.02,10,0
2026-01-14T18:00:00,AIIMS_Nagpur,219.44,0.02,16,0
2026-01-14T18:05:00,Lata_Mangeshkar_Hospital,222.32,0.05,16,0
2026-01-14T18:10:00,Wockhardt_Hospital,221.27,0.03,10,0
2026-01-14T18:15:00,GMC_Nagpur,222.16,0.02,12,0
2026-01-14T18:20:00,Lata_Mangeshkar_Hospital,221.39,0.0,16,0
2026-01-14T18:25:00,Wockhardt_Hospital,222.52,0.03,10,0
2026-01-14T18:30:00,AIIMS_Nagpur,224.46,0.02,10,0
2026-01-14T18:35:00,Wockhardt_Hospital,174.47,0.65,10,1
2026-01-14T18:40:00,AIIMS_Nagpur,223.55,0.0,10,0
2026-01-14T18:45:00,GMC_Nagpur,223.69,0.0,16,0
2026-01-14T18:50:00,GMC_Nagpur,225.24,0.0,10,0
2026-01-14T18:55:00,AIIMS_Nagpur,226.59,0.0,18,0
2026-01-14T19:00:00,AIIMS_Nagpur,225.32,0.0,26,0
2026-01-14T19:05:00,GMC_Nagpur,226.17,0.0,17,0
2026-01-14T19:10:00,AIIMS_Nagpur,225.32,0.0,10,0
2026-01-14T19:15:00,Mayo_Hospital,226.79,0.0,12,0
2026-01-14T19:20:00,AIIMS_Nagpur,225.57,0.0,27,0
2026-01-14T19:25:00,GMC_Nagpur,223.32,0.0,18,0
2026-01-14T19:30:00,Mayo_Hospital,223.88,0.0,30,0
2026-01-14T19:35:00,Wockhardt_Hospital,223.12,0.0,25,0
2026-01-14T19:40:00,Wockhardt_Hospital,225.7,0.0,18,0
2026-01-14T19:45:00,Wockhardt_Hospital,223.86,0.0,17,0
2026-01-14T19:50:00,AIIMS_Nagpur,221.82,0.0,25,0
2026-01-14T19:55:00,GMC_Nagpur,224.2,0.0,21,0
2026-01-14T20:00:00,GMC_Nagpur,224.49,0.0,37,0
2026-01-14T20:05:00,GMC_Nagpur,223.85,0.0,41,0
2026-01-14T20:10:00,GMC_Nagpur,222.15,0.0,26,0
2026-01-14T20:15:00,Wockhardt_Hospital,221.76,0.0,42,0
2026-01-14T20:20:00,Mayo_Hospital,219.87,0.0,40,0
2026-01-14T20:25:00,AIIMS_Nagpur,220.74,0.0,36,0
2026-01-14T20:30:00,AIIMS_Nagpur,197.05,0.75,41,1
2026-01-14T20:35:00,GMC_Nagpur,221.0,0.0,50,0
2026-01-14T20:40:00,Lata_Mangeshkar_Hospital,218.05,0.0,36,0
2026-01-14T20:45:00,AIIMS_Nagpur,216.56,0.0,53,0
2026-01-14T20:50:00,AIIMS_Nagpur,218.85,0.0,48,0
2026-01-14T20:55:00,Mayo_Hospital,216.64,0.0,54,0
2026-01-14T21:00:00,Lata_Mangeshkar_Hospital,215.5,0.0,51,0
2026-01-14T21:05:00,GMC_Nagpur,215.57,0.0,41,0
2026-01-14T21:10:00,Wockhardt_Hospital,217.41,0.0,50,0
2026-01-14T21:15:00,Wockhardt_Hospital,214.47,0.0,52,0
2026-01-14T21:20:00,Mayo_Hospital,216.78,0.0,60,0
2026-01-14T21:25:00,Lata_Mangeshkar_Hospital,215.74,0.0,65,0
2026-01-14T21:30:00,Lata_Mangeshkar_Hospital,214.78,0.0,54,0
2026-01-14T21:35:00,AIIMS_Nagpur,215.87,0.0,64,0
2026-01-14T21:40:00,Lata_Mangeshkar_Hospital,215.74,0.0,56,0
2026-01-14T21:45:00,AIIMS_Nagpur,216.31,0.0,53,0
2026-01-14T21:50:00,AIIMS_Nagpur,213.35,0.0,65,0
2026-01-14T21:55:00,Lata_Mangeshkar_Hospital,214.82,0.0,55,0
2026-01-14T22:00:00,AIIMS_Nagpur,215.58,0.0,60,0
2026-01-14T22:05:00,Wockhardt_Hospital,215.3,0.0,55,0
2026-01-14T22:10:00,Mayo_Hospital,214.64,0.0,70,0
2026-01-14T22:15:00,GMC_Nagpur,213.79,0.0,64,0
2026-01-14T22:20:00,Lata_Mangeshkar_Hospital,215.37,0.01,60,0
2026-01-14T22:25:00,Wockhardt_Hospital,217.22,0.0,61,0
2026-01-14T22:30:00,GMC_Nagpur,216.45,0.0,63,0
2026-01-14T22:35:00,AIIMS_Nagpur,217.55,0.0,76,0
2026-01-14T22:40:00,Wockhardt_Hospital,216.3,0.0,70,0
2026-01-14T22:45:00,Lata_Mangeshkar_Hospital,219.19,0.0,61,0
2026-01-14T22:50:00,Mayo_Hospital,216.6,0.0,79,0
2026-01-14T22:55:00,GMC_Nagpur,220.2,0.0,78,0
2026-01-14T23:00:00,Mayo_Hospital,219.63,0.03,65,0
2026-01-14T23:05:00,Lata_Mangeshkar_Hospital,217.96,0.01,73,0
2026-01-14T23:10:00,Wockhardt_Hospital,218.61,0.09,76,0
2026-01-14T23:15:00,AIIMS_Nagpur,222.64,0.09,63,0
2026-01-14T23:20:00,GMC_Nagpur,220.54,0.03,59,0
2026-01-14T23:25:00,Mayo_Hospital,223.34,0.13,78,0
2026-01-14T23:30:00,GMC_Nagpur,220.4,0.12,61,0
2026-01-14T23:35:00,Lata_Mangeshkar_Hospital,221.25,0.12,74,0
2026-01-14T23:40:00,AIIMS_Nagpur,224.04,0.1,63,0
2026-01-14T23:45:00,Lata_Mangeshkar_Hospital,186.01,0.81,74,1
2026-01-14T23:50:00,Lata_Mangeshkar_Hospital,225.52,0.14,68,0
2026-01-14T23:55:00,Lata_Mangeshkar_Hospital,175.03,0.93,72,1
2026-01-15T00:00:00,GMC_Nagpur,195.65,0.8,65,1
2026-01-15T00:05:00,Wockhardt_Hospital,223.87,0.18,58,0
2026-01-15T00:10:00,AIIMS_Nagpur,224.48,0.18,65,0
2026-01-15T00:15:00,Lata_Mangeshkar_Hospital,224.38,0.19,57,0
2026-01-15T00:20:00,AIIMS_Nagpur,224.22,0.22,69,0
2026-01-15T00:25:00,Mayo_Hospital,225.69,0.2,66,0
2026-01-15T00:30:00,Wockhardt_Hospital,224.21,0.16,53,0
2026-01-15T00:35:00,Lata_Mangeshkar_Hospital,224.81,0.18,68,0
2026-01-15T00:40:00,AIIMS_Nagpur,225.22,0.25,56,0
2026-01-15T00:45:00,Lata_Mangeshkar_Hospital,222.95,0.18,46,0
2026-01-15T00:50:00,GMC_Nagpur,222.45,0.24,61,0
2026-01-15T00:55:00,Lata_Mangeshkar_Hospital,222.2,0.27,61,0
2026-01-15T01:00:00,Wockhardt_Hospital,222.03,0.2,52,0
2026-01-15T01:05:00,GMC_Nagpur,223.08,0.2,42,0
2026-01-15T01:10:00,AIIMS_Nagpur,222.06,0.21,44,0
2026-01-15T01:15:00,Mayo_Hospital,222.17,0.19,43,0
2026-01-15T01:20:00,GMC_Nagpur,224.19,0.26,45,0
2026-01-15T01:25:00,Lata_Mangeshkar_Hospital,223.29,0.2,42,0
2026-01-15T01:30:00,GMC_Nagpur,221.14,0.21,34,0
2026-01-15T01:35:00,Lata_Mangeshkar_Hospital,220.69,0.23,39,0
2026-01-15T01:40:00,Wockhardt_Hospital,218.8,0.21,50,0
2026-01-15T01:45:00,Lata_Mangeshkar_Hospital,218.82,0.2,35,0
2026-01-15T01:50:00,AIIMS_Nagpur,218.89,0.24,40,0
2026-01-15T01:55:00,Lata_Mangeshkar_Hospital,217.5,0.26,43,0
2026-01-15T02:00:00,AIIMS_Nagpur,218.05,0.24,42,0
2026-01-15T02:05:00,AIIMS_Nagpur,217.36,0.25,38,0
2026-01-15T02:10:00,GMC_Nagpur,217.53,0.28,39,0
2026-01-15T02:15:00,Wockhardt_Hospital,218.39,0.27,34,0
2026-01-15T02:20:00,Mayo_Hospital,215.31,0.27,28,0
2026-01-15T02:25:00,AIIMS_Nagpur,215.8,0.27,19,0
2026-01-15T02:30:00,AIIMS_Nagpur,216.09,0.26,33,0
2026-01-15T02:35:00,Mayo_Hospital,214.79,0.18,32,0
2026-01-15T02:40:00,Wockhardt_Hospital,215.58,0.25,27,0
2026-01-15T02:45:00,GMC_Nagpur,213.79,0.26,25,0
2026-01-15T02:50:00,Wockhardt_Hospital,213.35,0.18,19,0
2026-01-15T02:55:00,GMC_Nagpur,215.04,0.21,17,0
2026-01-15T03:00:00,GMC_Nagpur,216.78,0.2,12,0
2026-01-15T03:05:00,Lata_Mangeshkar_Hospital,213.24,0.18,10,0
2026-01-15T03:10:00,GMC_Nagpur,213.16,0.21,10,0
2026-01-15T03:15:00,Lata_Mangeshkar_Hospital,214.3,0.19,13,0
2026-01-15T03:20:00,Wockhardt_Hospital,215.94,0.19,10,0
2026-01-15T03:25:00,Wockhardt_Hospital,216.63,0.11,20,0
2026-01-15T03:30:00,Mayo_Hospital,214.86,0.11,15,0
2026-01-15T03:35:00,Wockhardt_Hospital,215.38,0.16,10,0
2026-01-15T03:40:00,Wockhardt_Hospital,216.62,0.09,10,0
2026-01-15T03:45:00,GMC_Nagpur,217.7,0.09,20,0
2026-01-15T03:50:00,GMC_Nagpur,217.02,0.13,21,0
2026-01-15T03:55:00,Lata_Mangeshkar_Hospital,217.16,0.09,10,0
2026-01-15T04:00:00,Mayo_Hospital,216.54,0.1,10,0
2026-01-15T04:05:00,Lata_Mangeshkar_Hospital,216.86,0.07,17,0
2026-01-15T04:10:00,GMC_Nagpur,217.58,0.09,13,0
2026-01-15T04:15:00,GMC_Nagpur,219.97,0.09,10,0
2026-01-15T04:20:00,Lata_Mangeshkar_Hospital,220.5,0.09,13,0
2026-01-15T04:25:00,GMC_Nagpur,197.18,0.95,10,1
2026-01-15T04:30:00,Mayo_Hospital,221.64,0.07,10,0
2026-01-15T04:35:00,Wockhardt_Hospital,220.63,0.0,10,0
2026-01-15T04:40:00,Mayo_Hospital,221.76,0.05,10,0
2026-01-15T04:45:00,AIIMS_Nagpur,222.2,0.0,10,0
2026-01-15T04:50:00,GMC_Nagpur,222.98,0.04,15,0
2026-01-15T04:55:00,Mayo_Hospital,224.98,0.02,11,0
2026-01-15T05:00:00,Wockhardt_Hospital,224.19,0.0,10,0
2026-01-15T05:05:00,GMC_Nagpur,223.35,0.01,10,0
2026-01-15T05:10:00,Mayo_Hospital,223.93,0.0,10,0
2026-01-15T05:15:00,Lata_Mangeshkar_Hospital,224.28,0.0,16,0
2026-01-15T05:20:00,AIIMS_Nagpur,224.78,0.0,22,0
2026-01-15T05:25:00,AIIMS_Nagpur,224.9,0.0,14,0
2026-01-15T05:30:00,Lata_Mangeshkar_Hospital,223.78,0.0,10,0
2026-01-15T05:35:00,AIIMS_Nagpur,225.09,0.0,25,0
2026-01-15T05:40:00,Wockhardt_Hospital,223.69,0.0,10,0
2026-01-15T05:45:00,Mayo_Hospital,224.73,0.0,18,0
2026-01-15T05:50:00,GMC_Nagpur,224.12,0.0,13,0
2026-01-15T05:55:00,Mayo_Hospital,226.05,0.0,28,0
2026-01-15T06:00:00,Wockhardt_Hospital,226.56,0.0,29,0
2026-01-15T06:05:00,GMC_Nagpur,223.78,0.0,29,0
2026-01-15T06:10:00,Wockhardt_Hospital,223.2,0.0,19,0
2026-01-15T06:15:00,GMC_Nagpur,224.28,0.0,30,0
2026-01-15T06:20:00,AIIMS_Nagpur,225.15,0.0,21,0
2026-01-15T06:25:00,Lata_Mangeshkar_Hospital,221.82,0.0,40,0
2026-01-15T06:30:00,Lata_Mangeshkar_Hospital,220.86,0.0,29,0
2026-01-15T06:35:00,Mayo_Hospital,220.55,0.0,34,0
2026-01-15T06:40:00,AIIMS_Nagpur,221.2,0.0,25,0
2026-01-15T06:45:00,AIIMS_Nagpur,220.16,0.0,29,0
2026-01-15T06:50:00,Mayo_Hospital,220.12,0.0,35,0
2026-01-15T06:55:00,AIIMS_Nagpur,218.51,0.0,38,0
2026-01-15T07:00:00,Lata_Mangeshkar_Hospital,218.65,0.0,36,0
2026-01-15T07:05:00,Lata_Mangeshkar_Hospital,219.78,0.0,36,0
2026-01-15T07:10:00,Lata_Mangeshkar_Hospital,220.06,0.0,35,0
2026-01-15T07:15:00,GMC_Nagpur,218.43,0.0,53,0
2026-01-15T07:20:00,AIIMS_Nagpur,217.99,0.0,40,0
2026-01-15T07:25:00,Wockhardt_Hospital,216.32,0.0,48,0
2026-01-15T07:30:00,AIIMS_Nagpur,216.93,0.0,57,0
2026-01-15T07:35:00,Lata_Mangeshkar_Hospital,218.09,0.0,58,0
2026-01-15T07:40:00,Mayo_Hospital,214.89,0.0,61,0
2026-01-15T07:45:00,Mayo_Hospital,217.43,0.0,60,0
2026-01-15T07:50:00,AIIMS_Nagpur,214.72,0.0,48,0
2026-01-15T07:55:00,GMC_Nagpur,213.75,0.0,46,0
2026-01-15T08:00:00,GMC_Nagpur,213.92,0.0,59,0
2026-01-15T08:05:00,Lata_Mangeshkar_Hospital,213.83,0.0,56,0
2026-01-15T08:10:00,Lata_Mangeshkar_Hospital,216.71,0.0,54,0
2026-01-15T08:15:00,Lata_Mangeshkar_Hospital,213.84,0.0,70,0
2026-01-15T08:20:00,AIIMS_Nagpur,214.02,0.0,52,0
2026-01-15T08:25:00,Mayo_Hospital,213.79,0.0,63,0
2026-01-15T08:30:00,Mayo_Hospital,213.23,0.0,55,0
2026-01-15T08:35:00,Lata_Mangeshkar_Hospital,215.71,0.0,60,0
2026-01-15T08:40:00,AIIMS_Nagpur,215.58,0.0,57,0
2026-01-15T08:45:00,AIIMS_Nagpur,216.57,0.0,59,0
2026-01-15T08:50:00,AIIMS_Nagpur,217.46,0.0,62,0
2026-01-15T08:55:00,Wockhardt_Hospital,217.0,0.0,75,0
2026-01-15T09:00:00,AIIMS_Nagpur,217.28,0.0,61,0
2026-01-15T09:05:00,AIIMS_Nagpur,218.22,0.0,69,0
2026-01-15T09:10:00,Wockhardt_Hospital,219.43,0.04,59,0
2026-01-15T09:15:00,Wockhardt_Hospital,220.01,0.05,78,0
2026-01-15T09:20:00,AIIMS_Nagpur,220.36,0.07,76,0
2026-01-15T09:25:00,Lata_Mangeshkar_Hospital,220.4,0.0,64,0
2026-01-15T09:30:00,AIIMS_Nagpur,218.28,0.07,71,0
2026-01-15T09:35:00,Mayo_Hospital,220.34,0.0,63,0
2026-01-15T09:40:00,AIIMS_Nagpur,222.4,0.07,72,0
2026-01-15T09:45:00,AIIMS_Nagpur,219.73,0.09,62,0
2026-01-15T09:50:00,Wockhardt_Hospital,220.26,0.13,75,0
2026-01-15T09:55:00,Mayo_Hospital,223.53,0.05,66,0
2026-01-15T10:00:00,AIIMS_Nagpur,223.25,0.07,66,0
2026-01-15T10:05:00,Lata_Mangeshkar_Hospital,221.92,0.08,62,0
2026-01-15T10:10:00,Mayo_Hospital,223.52,0.1,73,0
2026-01-15T10:15:00,Lata_Mangeshkar_Hospital,222.91,0.13,61,0
2026-01-15T10:20:00,Lata_Mangeshkar_Hospital,222.67,0.15,75,0
2026-01-15T10:25:00,Wockhardt_Hospital,224.77,0.19,65,0
2026-01-15T10:30:00,Lata_Mangeshkar_Hospital,224.3,0.15,57,0
2026-01-15T10:35:00,GMC_Nagpur,226.09,0.16,58,0
2026-01-15T10:40:00,AIIMS_Nagpur,224.45,0.2,58,0
2026-01-15T10:45:00,AIIMS_Nagpur,224.86,0.23,52,0
2026-01-15T10:50:00,AIIMS_Nagpur,223.59,0.22,56,0
2026-01-15T10:55:00,Lata_Mangeshkar_Hospital,179.66,1.07,56,1
2026-01-15T11:00:00,Wockhardt_Hospital,224.82,0.21,61,0
2026-01-15T11:05:00,Mayo_Hospital,201.45,0.87,59,1
2026-01-15T11:10:00,Wockhardt_Hospital,226.36,0.24,66,0
2026-01-15T11:15:00,GMC_Nagpur,225.55,0.2,48,0
2026-01-15T11:20:00,Lata_Mangeshkar_Hospital,223.61,0.24,53,0
2026-01-15T11:25:00,Mayo_Hospital,222.17,0.19,57,0
2026-01-15T11:30:00,AIIMS_Nagpur,221.91,0.27,47,0
2026-01-15T11:35:00,GMC_Nagpur,224.16,0.25,57,0
2026-01-15T11:40:00,AIIMS_Nagpur,224.93,0.21,44,0
2026-01-15T11:45:00,AIIMS_Nagpur,224.0,0.26,39,0
2026-01-15T11:50:00,Lata_Mangeshkar_Hospital,223.93,0.28,51,0
2026-01-15T11:55:00,Mayo_Hospital,223.41,0.27,54,0
2026-01-15T12:00:00,AIIMS_Nagpur,221.44,0.3,52,0
2026-01-15T12:05:00,Wockhardt_Hospital,220.74,0.3,34,0
2026-01-15T12:10:00,Wockhardt_Hospital,220.76,0.28,33,0
2026-01-15T12:15:00,Wockhardt_Hospital,219.35,0.26,45,0
2026-01-15T12:20:00,Lata_Mangeshkar_Hospital,219.47,0.29,31,0
2026-01-15T12:25:00,GMC_Nagpur,219.56,0.22,38,0
2026-01-15T12:30:00,AIIMS_Nagpur,217.61,0.22,39,0
2026-01-15T12:35:00,Lata_Mangeshkar_Hospital,219.06,0.25,32,0
2026-01-15T12:40:00,Lata_Mangeshkar_Hospital,218.53,0.22,22,0
2026-01-15T12:45:00,GMC_Nagpur,218.05,0.26,36,0
2026-01-15T12:50:00,Wockhardt_Hospital,218.01,0.26,35,0
2026-01-15T12:55:00,Lata_Mangeshkar_Hospital,214.4,0.27,36,0
2026-01-15T13:00:00,Wockhardt_Hospital,214.47,0.24,32,0
2026-01-15T13:05:00,GMC_Nagpur,215.58,0.24,18,0
2026-01-15T13:10:00,AIIMS_Nagpur,214.56,0.22,25,0
2026-01-15T13:15:00,Wockhardt_Hospital,214.17,0.18,16,0
2026-01-15T13:20:00,Wockhardt_Hospital,214.63,0.17,21,0
2026-01-15T13:25:00,Mayo_Hospital,213.48,0.18,13,0
2026-01-15T13:30:00,Mayo_Hospital,216.73,0.21,27,0
2026-01-15T13:35:00,Lata_Mangeshkar_Hospital,214.27,0.22,26,0
2026-01-15T13:40:00,Lata_Mangeshkar_Hospital,214.71,0.22,13,0
2026-01-15T13:45:00,Mayo_Hospital,215.7,0.18,10,0
2026-01-15T13:50:00,Mayo_Hospital,216.28,0.14,15,0
2026-01-15T13:55:00,GMC_Nagpur,214.04,0.18,10,0
2026-01-15T14:00:00,Mayo_Hospital,216.57,0.1,10,0
2026-01-15T14:05:00,AIIMS_Nagpur,217.11,0.12,10,0
2026-01-15T14:10:00,Wockhardt_Hospital,214.69,0.08,11,0
2026-01-15T14:15:00,Mayo_Hospital,216.52,0.13,10,0
2026-01-15T14:20:00,Mayo_Hospital,218.37,0.1,20,0
2026-01-15T14:25:00,AIIMS_Nagpur,218.88,0.05,10,0
2026-01-15T14:30:00,Lata_Mangeshkar_Hospital,220.13,0.06,18,0
2026-01-15T14:35:00,Mayo_Hospital,219.82,0.11,10,0
2026-01-15T14:40:00,GMC_Nagpur,220.7,0.05,10,0
2026-01-15T14:45:00,Wockhardt_Hospital,218.83,0.09,10,0
2026-01-15T14:50:00,GMC_Nagpur,219.17,0.07,10,0
2026-01-15T14:55:00,AIIMS_Nagpur,219.3,0.04,17,0
2026-01-15T15:00:00,GMC_Nagpur,221.42,0.0,10,0
2026-01-15T15:05:00,AIIMS_Nagpur,221.27,0.0,10,0
2026-01-15T15:10:00,Mayo_Hospital,222.66,0.0,10,0
2026-01-15T15:15:00,GMC_Nagpur,221.44,0.05,18,0
2026-01-15T15:20:00,Wockhardt_Hospital,222.45,0.0,15,0
2026-01-15T15:25:00,Wockhardt_Hospital,224.44,0.0,11,0
2026-01-15T15:30:00,Lata_Mangeshkar_Hospital,224.93,0.0,10,0
2026-01-15T15:35:00,Mayo_Hospital,222.42,0.0,10,0
2026-01-15T15:40:00,Lata_Mangeshkar_Hospital,225.48,0.0,17,0
2026-01-15T15:45:00,Lata_Mangeshkar_Hospital,223.93,0.0,14,0
2026-01-15T15:50:00,GMC_Nagpur,223.24,0.0,22,0
2026-01-15T15:55:00,AIIMS_Nagpur,225.92,0.0,18,0
2026-01-15T16:00:00,AIIMS_Nagpur,224.53,0.0,18,0
2026-01-15T16:05:00,Wockhardt_Hospital,224.36,0.0,22,0
2026-01-15T16:10:00,GMC_Nagpur,226.72,0.0,10,0
2026-01-15T16:15:00,Mayo_Hospital,223.35,0.0,28,0
2026-01-15T16:20:00,GMC_Nagpur,226.51,0.0,15,0
2026-01-15T16:25:00,GMC_Nagpur,225.74,0.0,28,0
2026-01-15T16:30:00,Mayo_Hospital,225.62,0.0,30,0
2026-01-15T16:35:00,Wockhardt_Hospital,225.19,0.0,29,0
2026-01-15T16:40:00,Wockhardt_Hospital,225.49,0.0,33,0
2026-01-15T16:45:00,AIIMS_Nagpur,223.67,0.0,18,0
2026-01-15T16:50:00,Mayo_Hospital,222.83,0.0,27,0
2026-01-15T16:55:00,Wockhardt_Hospital,223.13,0.0,30,0
2026-01-15T17:00:00,Wockhardt_Hospital,220.66,0.0,34,0
2026-01-15T17:05:00,GMC_Nagpur,222.83,0.0,32,0
2026-01-15T17:10:00,Wockhardt_Hospital,221.1,0.0,37,0
2026-01-15T17:15:00,GMC_Nagpur,219.77,0.0,27,0
2026-01-15T17:20:00,GMC_Nagpur,219.67,0.0,35,0
2026-01-15T17:25:00,Mayo_Hospital,221.22,0.0,38,0
2026-01-15T17:30:00,Wockhardt_Hospital,218.96,0.0,41,0
2026-01-15T17:35:00,Wockhardt_Hospital,221.02,0.0,43,0
2026-01-15T17:40:00,GMC_Nagpur,218.33,0.0,36,0
2026-01-15T17:45:00,Wockhardt_Hospital,217.99,0.0,39,0
2026-01-15T17:50:00,Mayo_Hospital,217.58,0.0,54,0
2026-01-15T17:55:00,Mayo_Hospital,216.18,0.0,40,0
2026-01-15T18:00:00,Mayo_Hospital,215.29,0.0,45,0
2026-01-15T18:05:00,Lata_Mangeshkar_Hospital,215.2,0.0,61,0
2026-01-15T18:10:00,Lata_Mangeshkar_Hospital,217.34,0.0,48,0
2026-01-15T18:15:00,GMC_Nagpur,216.92,0.0,51,0
2026-01-15T18:20:00,Mayo_Hospital,213.61,0.0,57,0
2026-01-15T18:25:00,AIIMS_Nagpur,213.7,0.0,57,0
2026-01-15T18:30:00,Lata_Mangeshkar_Hospital,189.97,0.68,64,1
2026-01-15T18:35:00,AIIMS_Nagpur,213.34,0.0,49,0
2026-01-15T18:40:00,AIIMS_Nagpur,215.22,0.0,60,0
2026-01-15T18:45:00,AIIMS_Nagpur,216.93,0.0,61,0
2026-01-15T18:50:00,Mayo_Hospital,214.73,0.0,64,0
2026-01-15T18:55:00,Mayo_Hospital,215.05,0.0,54,0
2026-01-15T19:00:00,Wockhardt_Hospital,216.65,0.0,54,0
2026-01-15T19:05:00,AIIMS_Nagpur,213.94,0.0,63,0
2026-01-15T19:10:00,Wockhardt_Hospital,217.07,0.0,61,0
2026-01-15T19:15:00,Wockhardt_Hospital,215.99,0.0,58,0
2026-01-15T19:20:00,Lata_Mangeshkar_Hospital,214.92,0.01,65,0
2026-01-15T19:25:00,Lata_Mangeshkar_Hospital,216.27,0.02,58,0
2026-01-15T19:30:00,Mayo_Hospital,216.59,0.02,59,0
2026-01-15T19:35:00,Lata_Mangeshkar_Hospital,219.02,0.0,73,0
2026-01-15T19:40:00,GMC_Nagpur,218.31,0.04,65,0
2026-01-15T19:45:00,Mayo_Hospital,218.99,0.06,70,0
2026-01-15T19:50:00,GMC_Nagpur,217.89,0.05,79,0
2026-01-15T19:55:00,Lata_Mangeshkar_Hospital,217.36,0.02,69,0
2026-01-15T20:00:00,GMC_Nagpur,220.74,0.04,62,0
2026-01-15T20:05:00,Mayo_Hospital,220.34,0.07,65,0
2026-01-15T20:10:00,Wockhardt_Hospital,220.21,0.04,71,0
2026-01-15T20:15:00,Wockhardt_Hospital,222.7,0.09,70,0
2026-01-15T20:20:00,AIIMS_Nagpur,219.71,0.09,59,0
2026-01-15T20:25:00,AIIMS_Nagpur,220.51,0.12,72,0
2026-01-15T20:30:00,AIIMS_Nagpur,221.97,0.11,69,0
2026-01-15T20:35:00,GMC_Nagpur,224.24,0.08,66,0
2026-01-15T20:40:00,Lata_Mangeshkar_Hospital,222.1,0.09,69,0
2026-01-15T20:45:00,GMC_Nagpur,223.36,0.1,68,0
2026-01-15T20:50:00,AIIMS_Nagpur,223.06,0.15,76,0
2026-01-15T20:55:00,AIIMS_Nagpur,225.44,0.15,64,0
2026-01-15T21:00:00,Mayo_Hospital,223.94,0.11,58,0
2026-01-15T21:05:00,Lata_Mangeshkar_Hospital,193.27,0.87,71,1
2026-01-15T21:10:00,GMC_Nagpur,224.57,0.14,67,0
2026-01-15T21:15:00,GMC_Nagpur,224.86,0.15,64,0
2026-01-15T21:20:00,Lata_Mangeshkar_Hospital,224.01,0.17,62,0
2026-01-15T21:25:00,AIIMS_Nagpur,226.32,0.22,59,0
2026-01-15T21:30:00,Wockhardt_Hospital,223.26,0.24,62,0
2026-01-15T21:35:00,Lata_Mangeshkar_Hospital,225.0,0.22,56,0
2026-01-15T21:40:00,GMC_Nagpur,223.91,0.2,63,0
2026-01-15T21:45:00,GMC_Nagpur,224.75,0.24,54,0
2026-01-15T21:50:00,AIIMS_Nagpur,225.97,0.23,58,0
2026-01-15T21:55:00,AIIMS_Nagpur,224.2,0.28,50,0
2026-01-15T22:00:00,Lata_Mangeshkar_Hospital,224.0,0.21,45,0
2026-01-15T22:05:00,GMC_Nagpur,221.27,0.21,48,0
2026-01-15T22:10:00,Wockhardt_Hospital,222.9,0.29,46,0
2026-01-15T22:15:00,GMC_Nagpur,221.6,0.24,52,0
2026-01-15T22:20:00,GMC_Nagpur,222.95,0.29,53,0
2026-01-15T22:25:00,GMC_Nagpur,222.76,0.28,38,0
2026-01-15T22:30:00,Wockhardt_Hospital,220.27,0.23,49,0
2026-01-15T22:35:00,Wockhardt_Hospital,222.14,0.29,42,0
2026-01-15T22:40:00,Lata_Mangeshkar_Hospital,220.39,0.29,35,0
2026-01-15T22:45:00,Wockhardt_Hospital,217.59,0.2,46,0
2026-01-15T22:50:00,Mayo_Hospital,218.49,0.25,42,0
2026-01-15T22:55:00,Mayo_Hospital,174.38,1.13,28,1
2026-01-15T23:00:00,AIIMS_Nagpur,217.67,0.22,26,0
2026-01-15T23:05:00,Wockhardt_Hospital,216.55,0.28,36,0
2026-01-15T23:10:00,AIIMS_Nagpur,219.04,0.24,22,0
2026-01-15T23:15:00,AIIMS_Nagpur,218.6,0.24,29,0
2026-01-15T23:20:00,Mayo_Hospital,215.13,0.22,22,0
2026-01-15T23:25:00,Wockhardt_Hospital,218.02,0.26,27,0
2026-01-15T23:30:00,Wockhardt_Hospital,214.86,0.18,28,0
2026-01-15T23:35:00,GMC_Nagpur,215.52,0.23,17,0
2026-01-15T23:40:00,AIIMS_Nagpur,189.31,0.96,15,1
2026-01-15T23:45:00,Wockhardt_Hospital,214.08,0.21,18,0
2026-01-15T23:50:00,Lata_Mangeshkar_Hospital,216.53,0.19,26,0
2026-01-15T23:55:00,Lata_Mangeshkar_Hospital,213.39,0.16,12,0
2026-01-16T00:00:00,AIIMS_Nagpur,214.13,0.16,11,0
2026-01-16T00:05:00,Wockhardt_Hospital,213.8,0.16,24,0
2026-01-16T00:10:00,Mayo_Hospital,215.71,0.22,18,0
2026-01-16T00:15:00,Wockhardt_Hospital,213.34,0.13,10,0
2026-01-16T00:20:00,AIIMS_Nagpur,216.64,0.15,22,0
2026-01-16T00:25:00,Lata_Mangeshkar_Hospital,216.71,0.18,10,0
2026-01-16T00:30:00,Wockhardt_Hospital,216.37,0.15,19,0
2026-01-16T00:35:00,GMC_Nagpur,216.51,0.09,17,0
2026-01-16T00:40:00,Mayo_Hospital,172.85,0.86,10,1
2026-01-16T00:45:00,Mayo_Hospital,218.44,0.14,19,0
2026-01-16T00:50:00,AIIMS_Nagpur,218.76,0.15,14,0
2026-01-16T00:55:00,Mayo_Hospital,219.81,0.13,20,0
2026-01-16T01:00:00,Wockhardt_Hospital,220.13,0.12,10,0
2026-01-16T01:05:00,Mayo_Hospital,219.1,0.11,18,0
2026-01-16T01:10:00,AIIMS_Nagpur,219.25,0.02,10,0
2026-01-16T01:15:00,Wockhardt_Hospital,220.87,0.09,10,0
2026-01-16T01:20:00,GMC_Nagpur,220.63,0.03,18,0
2026-01-16T01:25:00,Wockhardt_Hospital,218.89,0.0,19,0
2026-01-16T01:30:00,Mayo_Hospital,221.97,0.02,18,0
2026-01-16T01:35:00,GMC_Nagpur,222.22,0.0,18,0
2026-01-16T01:40:00,Wockhardt_Hospital,222.8,0.0,11,0
2026-01-16T01:45:00,Wockhardt_Hospital,220.91,0.0,10,0
2026-01-16T01:50:00,AIIMS_Nagpur,221.98,0.0,16,0
2026-01-16T01:55:00,Mayo_Hospital,224.22,0.0,18,0
2026-01-16T02:00:00,Wockhardt_Hospital,222.92,0.0,17,0
2026-01-16T02:05:00,Wockhardt_Hospital,222.73,0.01,10,0
2026-01-16T02:10:00,Lata_Mangeshkar_Hospital,226.22,0.0,20,0
2026-01-16T02:15:00,Mayo_Hospital,222.75,0.0,10,0
2026-01-16T02:20:00,GMC_Nagpur,225.46,0.0,18,0
2026-01-16T02:25:00,GMC_Nagpur,224.92,0.0,17,0
2026-01-16T02:30:00,Wockhardt_Hospital,226.71,0.0,15,0
2026-01-16T02:35:00,Mayo_Hospital,223.09,0.0,26,0
2026-01-16T02:40:00,Wockhardt_Hospital,225.94,0.0,20,0
2026-01-16T02:45:00,Lata_Mangeshkar_Hospital,225.1,0.0,30,0
2026-01-16T02:50:00,GMC_Nagpur,223.27,0.0,12,0
2026-01-16T02:55:00,Mayo_Hospital,185.27,0.84,14,1
2026-01-16T03:00:00,Wockhardt_Hospital,223.07,0.0,34,0
2026-01-16T03:05:00,GMC_Nagpur,224.8,0.0,23,0
2026-01-16T03:10:00,AIIMS_Nagpur,224.21,0.0,18,0
2026-01-16T03:15:00,Mayo_Hospital,225.05,0.0,24,0
2026-01-16T03:20:00,Lata_Mangeshkar_Hospital,222.17,0.0,23,0
2026-01-16T03:25:00,Lata_Mangeshkar_Hospital,224.47,0.0,24,0
2026-01-16T03:30:00,Mayo_Hospital,223.26,0.0,25,0
2026-01-16T03:35:00,AIIMS_Nagpur,223.13,0.0,26,0
2026-01-16T03:40:00,AIIMS_Nagpur,220.83,0.0,30,0
2026-01-16T03:45:00,Mayo_Hospital,219.23,0.0,45,0
2026-01-16T03:50:00,Mayo_Hospital,221.95,0.0,29,0
2026-01-16T03:55:00,Mayo_Hospital,220.99,0.0,44,0
2026-01-16T04:00:00,GMC_Nagpur,220.16,0.0,34,0
2026-01-16T04:05:00,Wockhardt_Hospital,220.33,0.0,43,0
2026-01-16T04:10:00,Wockhardt_Hospital,217.56,0.0,39,0
2026-01-16T04:15:00,Mayo_Hospital,218.96,0.0,51,0
2026-01-16T04:20:00,AIIMS_Nagpur,216.66,0.0,49,0
2026-01-16T04:25:00,Mayo_Hospital,215.36,0.0,46,0
2026-01-16T04:30:00,Lata_Mangeshkar_Hospital,216.21,0.0,51,0
2026-01-16T04:35:00,Mayo_Hospital,216.81,0.0,50,0
2026-01-16T04:40:00,Mayo_Hospital,217.84,0.0,50,0
2026-01-16T04:45:00,AIIMS_Nagpur,214.48,0.0,56,0
2026-01-16T04:50:00,Lata_Mangeshkar_Hospital,214.76,0.0,57,0
2026-01-16T04:55:00,GMC_Nagpur,216.25,0.0,62,0
2026-01-16T05:00:00,Lata_Mangeshkar_Hospital,214.08,0.0,56,0
2026-01-16T05:05:00,Wockhardt_Hospital,216.13,0.0,59,0
2026-01-16T05:10:00,GMC_Nagpur,214.44,0.0,68,0
2026-01-16T05:15:00,Wockhardt_Hospital,214.78,0.0,63,0
2026-01-16T05:20:00,Wockhardt_Hospital,216.65,0.0,65,0
2026-01-16T05:25:00,AIIMS_Nagpur,214.97,0.0,65,0
2026-01-16T05:30:00,Lata_Mangeshkar_Hospital,216.91,0.0,64,0
2026-01-16T05:35:00,AIIMS_Nagpur,214.74,0.0,58,0
2026-01-16T05:40:00,Lata_Mangeshkar_Hospital,214.31,0.0,70,0
2026-01-16T05:45:00,AIIMS_Nagpur,215.71,0.0,65,0
2026-01-16T05:50:00,GMC_Nagpur,216.44,0.0,68,0
2026-01-16T05:55:00,Mayo_Hospital,217.41,0.0,64,0
2026-01-16T06:00:00,Wockhardt_Hospital,217.23,0.02,59,0
2026-01-16T06:05:00,GMC_Nagpur,219.19,0.03,77,0
2026-01-16T06:10:00,Mayo_Hospital,216.93,0.0,61,0
2026-01-16T06:15:00,Mayo_Hospital,217.99,0.0,60,0
2026-01-16T06:20:00,Wockhardt_Hospital,219.24,0.04,79,0
2026-01-16T06:25:00,Wockhardt_Hospital,217.61,0.06,73,0
2026-01-16T06:30:00,Mayo_Hospital,219.87,0.04,69,0
2026-01-16T06:35:00,GMC_Nagpur,218.93,0.09,62,0
2026-01-16T06:40:00,GMC_Nagpur,222.58,0.03,74,0
2026-01-16T06:45:00,GMC_Nagpur,222.52,0.07,77,0
2026-01-16T06:50:00,Lata_Mangeshkar_Hospital,220.56,0.05,71,0
2026-01-16T06:55:00,AIIMS_Nagpur,220.38,0.12,65,0
2026-01-16T07:00:00,Wockhardt_Hospital,222.0,0.15,63,0
2026-01-16T07:05:00,GMC_Nagpur,222.72,0.12,69,0
2026-01-16T07:10:00,Wockhardt_Hospital,221.81,0.12,65,0
2026-01-16T07:15:00,AIIMS_Nagpur,224.83,0.16,76,0
2026-01-16T07:20:00,AIIMS_Nagpur,224.52,0.15,72,0
2026-01-16T07:25:00,Lata_Mangeshkar_Hospital,224.84,0.16,67,0
2026-01-16T07:30:00,Wockhardt_Hospital,226.42,0.18,74,0
2026-01-16T07:35:00,Mayo_Hospital,224.06,0.15,67,0
2026-01-16T07:40:00,AIIMS_Nagpur,226.01,0.18,57,0
2026-01-16T07:45:00,Lata_Mangeshkar_Hospital,225.62,0.17,70,0
2026-01-16T07:50:00,Lata_Mangeshkar_Hospital,223.1,0.24,66,0
2026-01-16T07:55:00,Wockhardt_Hospital,223.84,0.21,66,0
2026-01-16T08:00:00,Wockhardt_Hospital,224.05,0.23,65,0
2026-01-16T08:05:00,Lata_Mangeshkar_Hospital,223.86,0.19,50,0
2026-01-16T08:10:00,AIIMS_Nagpur,223.09,0.25,46,0
2026-01-16T08:15:00,Lata_Mangeshkar_Hospital,224.3,0.24,63,0
2026-01-16T08:20:00,Wockhardt_Hospital,224.6,0.27,52,0
2026-01-16T08:25:00,Lata_Mangeshkar_Hospital,222.94,0.27,61,0
2026-01-16T08:30:00,Lata_Mangeshkar_Hospital,223.21,0.27,56,0
2026-01-16T08:35:00,AIIMS_Nagpur,222.9,0.23,45,0
2026-01-16T08:40:00,Lata_Mangeshkar_Hospital,222.85,0.23,44,0
2026-01-16T08:45:00,Mayo_Hospital,222.75,0.21,48,0
2026-01-16T08:50:00,Lata_Mangeshkar_Hospital,220.59,0.29,41,0
2026-01-16T08:55:00,Mayo_Hospital,221.6,0.26,38,0
2026-01-16T09:00:00,GMC_Nagpur,220.8,0.27,37,0
2026-01-16T09:05:00,AIIMS_Nagpur,220.46,0.27,49,0
2026-01-16T09:10:00,Lata_Mangeshkar_Hospital,221.45,0.25,47,0
2026-01-16T09:15:00,AIIMS_Nagpur,218.69,0.25,47,0
2026-01-16T09:20:00,GMC_Nagpur,220.77,0.2,38,0
2026-01-16T09:25:00,AIIMS_Nagpur,218.09,0.24,34,0
2026-01-16T09:30:00,Lata_Mangeshkar_Hospital,216.27,0.27,27,0
2026-01-16T09:35:00,Mayo_Hospital,219.44,0.23,39,0
2026-01-16T09:40:00,Mayo_Hospital,217.37,0.2,22,0
2026-01-16T09:45:00,AIIMS_Nagpur,216.15,0.28,26,0
2026-01-16T09:50:00,Wockhardt_Hospital,217.51,0.28,36,0
2026-01-16T09:55:00,AIIMS_Nagpur,216.92,0.19,32,0
2026-01-16T10:00:00,Mayo_Hospital,216.75,0.2,28,0
2026-01-16T10:05:00,Lata_Mangeshkar_Hospital,214.81,0.2,15,0
2026-01-16T10:10:00,AIIMS_Nagpur,216.93,0.23,32,0
2026-01-16T10:15:00,Lata_Mangeshkar_Hospital,214.89,0.17,16,0
2026-01-16T10:20:00,Mayo_Hospital,213.05,0.2,23,0
2026-01-16T10:25:00,Mayo_Hospital,215.3,0.18,18,0
2026-01-16T10:30:00,Lata_Mangeshkar_Hospital,215.53,0.21,25,0
2026-01-16T10:35:00,GMC_Nagpur,214.58,0.15,20,0
2026-01-16T10:40:00,Mayo_Hospital,216.86,0.14,16,0
2026-01-16T10:45:00,Mayo_Hospital,214.32,0.13,23,0
2026-01-16T10:50:00,Lata_Mangeshkar_Hospital,216.57,0.12,10,0
2026-01-16T10:55:00,Mayo_Hospital,215.57,0.12,10,0
2026-01-16T11:00:00,GMC_Nagpur,216.56,0.19,10,0
2026-01-16T11:05:00,Lata_Mangeshkar_Hospital,216.5,0.15,10,0
2026-01-16T11:10:00,Mayo_Hospital,218.29,0.11,17,0
2026-01-16T11:15:00,Mayo_Hospital,217.35,0.13,12,0
2026-01-16T11:20:00,AIIMS_Nagpur,219.36,0.07,13,0
2026-01-16T11:25:00,AIIMS_Nagpur,219.05,0.06,18,0
2026-01-16T11:30:00,Lata_Mangeshkar_Hospital,217.5,0.05,10,0
2026-01-16T11:35:00,Mayo_Hospital,217.98,0.05,10,0
2026-01-16T11:40:00,AIIMS_Nagpur,219.78,0.05,10,0
2026-01-16T11:45:00,AIIMS_Nagpur,221.79,0.05,15,0
2026-01-16T11:50:00,Lata_Mangeshkar_Hospital,221.58,0.05,10,0
2026-01-16T11:55:00,Mayo_Hospital,219.6,0.06,10,0
2026-01-16T12:00:00,GMC_Nagpur,220.21,0.01,13,0
2026-01-16T12:05:00,Wockhardt_Hospital,222.03,0.04,11,0
2026-01-16T12:10:00,Lata_Mangeshkar_Hospital,221.19,0.0,10,0
2026-01-16T12:15:00,Lata_Mangeshkar_Hospital,223.24,0.0,10,0
2026-01-16T12:20:00,GMC_Nagpur,221.22,0.0,10,0
2026-01-16T12:25:00,Lata_Mangeshkar_Hospital,222.58,0.0,17,0
2026-01-16T12:30:00,Mayo_Hospital,224.85,0.01,10,0
2026-01-16T12:35:00,AIIMS_Nagpur,225.69,0.0,14,0
2026-01-16T12:40:00,GMC_Nagpur,222.64,0.0,13,0
2026-01-16T12:45:00,GMC_Nagpur,223.05,0.0,10,0
2026-01-16T12:50:00,Lata_Mangeshkar_Hospital,224.67,0.0,19,0
2026-01-16T12:55:00,Lata_Mangeshkar_Hospital,224.78,0.0,15,0
2026-01-16T13:00:00,Lata_Mangeshkar_Hospital,226.08,0.0,10,0
2026-01-16T13:05:00,Wockhardt_Hospital,225.49,0.0,12,0
2026-01-16T13:10:00,Lata_Mangeshkar_Hospital,226.14,0.0,24,0
2026-01-16T13:15:00,Mayo_Hospital,224.01,0.0,20,0
2026-01-16T13:20:00,Wockhardt_Hospital,225.07,0.0,28,0
2026-01-16T13:25:00,Lata_Mangeshkar_Hospital,225.29,0.0,18,0
2026-01-16T13:30:00,Mayo_Hospital,225.96,0.0,16,0
2026-01-16T13:35:00,Mayo_Hospital,223.96,0.0,17,0
2026-01-16T13:40:00,GMC_Nagpur,223.88,0.0,17,0
2026-01-16T13:45:00,Lata_Mangeshkar_Hospital,225.2,0.0,28,0
2026-01-16T13:50:00,AIIMS_Nagpur,224.18,0.0,26,0
2026-01-16T13:55:00,Mayo_Hospital,223.64,0.0,24,0
2026-01-16T14:00:00,GMC_Nagpur,223.88,0.0,43,0
2026-01-16T14:05:00,Lata_Mangeshkar_Hospital,223.21,0.0,43,0
2026-01-16T14:10:00,AIIMS_Nagpur,222.63,0.0,41,0
2026-01-16T14:15:00,Wockhardt_Hospital,221.69,0.0,45,0
2026-01-16T14:20:00,AIIMS_Nagpur,222.05,0.0,48,0
2026-01-16T14:25:00,Wockhardt_Hospital,218.23,0.0,34,0
2026-01-16T14:30:00,AIIMS_Nagpur,217.4,0.0,42,0
2026-01-16T14:35:00,Mayo_Hospital,217.94,0.0,42,0
2026-01-16T14:40:00,Lata_Mangeshkar_Hospital,220.04,0.0,37,0
2026-01-16T14:45:00,Mayo_Hospital,218.69,0.0,43,0
2026-01-16T14:50:00,Lata_Mangeshkar_Hospital,218.97,0.0,51,0
2026-01-16T14:55:00,AIIMS_Nagpur,217.22,0.0,40,0
2026-01-16T15:00:00,Lata_Mangeshkar_Hospital,217.16,0.0,50,0
2026-01-16T15:05:00,Wockhardt_Hospital,216.07,0.0,48,0
2026-01-16T15:10:00,GMC_Nagpur,215.94,0.0,55,0
2026-01-16T15:15:00,Lata_Mangeshkar_Hospital,215.91,0.0,52,0
2026-01-16T15:20:00,GMC_Nagpur,214.5,0.0,55,0
2026-01-16T15:25:00,Mayo_Hospital,214.83,0.0,58,0
2026-01-16T15:30:00,GMC_Nagpur,215.41,0.0,48,0
2026-01-16T15:35:00,AIIMS_Nagpur,214.27,0.0,59,0
2026-01-16T15:40:00,Lata_Mangeshkar_Hospital,214.87,0.0,54,0
2026-01-16T15:45:00,GMC_Nagpur,215.34,0.0,71,0
2026-01-16T15:50:00,AIIMS_Nagpur,216.34,0.0,71,0
2026-01-16T15:55:00,Lata_Mangeshkar_Hospital,215.51,0.0,62,0
2026-01-16T16:00:00,AIIMS_Nagpur,214.91,0.0,71,0
2026-01-16T16:05:00,GMC_Nagpur,213.68,0.0,65,0
2026-01-16T16:10:00,AIIMS_Nagpur,213.85,0.0,58,0
2026-01-16T16:15:00,Lata_Mangeshkar_Hospital,216.01,0.0,66,0
2026-01-16T16:20:00,GMC_Nagpur,215.82,0.0,73,0
2026-01-16T16:25:00,Mayo_Hospital,217.69,0.02,65,0
2026-01-16T16:30:00,GMC_Nagpur,216.06,0.0,67,0
2026-01-16T16:35:00,Wockhardt_Hospital,216.26,0.0,76,0
2026-01-16T16:40:00,GMC_Nagpur,216.24,0.06,70,0
2026-01-16T16:45:00,Lata_Mangeshkar_Hospital,219.1,0.05,77,0
2026-01-16T16:50:00,Lata_Mangeshkar_Hospital,220.23,0.02,73,0
2026-01-16T16:55:00,Lata_Mangeshkar_Hospital,193.68,0.72,70,1
2026-01-16T17:00:00,Lata_Mangeshkar_Hospital,218.13,0.1,78,0
2026-01-16T17:05:00,AIIMS_Nagpur,221.8,0.04,62,0
2026-01-16T17:10:00,Lata_Mangeshkar_Hospital,220.85,0.03,65,0
2026-01-16T17:15:00,Lata_Mangeshkar_Hospital,219.95,0.06,66,0
2026-01-16T17:20:00,Wockhardt_Hospital,223.39,0.09,73,0
2026-01-16T17:25:00,Wockhardt_Hospital,221.75,0.05,59,0
2026-01-16T17:30:00,AIIMS_Nagpur,224.62,0.09,67,0
2026-01-16T17:35:00,AIIMS_Nagpur,221.99,0.16,63,0
2026-01-16T17:40:00,Lata_Mangeshkar_Hospital,223.55,0.17,59,0
2026-01-16T17:45:00,AIIMS_Nagpur,222.88,0.1,74,0
2026-01-16T17:50:00,Mayo_Hospital,222.51,0.15,62,0
2026-01-16T17:55:00,GMC_Nagpur,225.36,0.2,65,0
2026-01-16T18:00:00,Lata_Mangeshkar_Hospital,224.0,0.2,73,0
2026-01-16T18:05:00,GMC_Nagpur,224.34,0.15,57,0
2026-01-16T18:10:00,Lata_Mangeshkar_Hospital,226.01,0.15,72,0
2026-01-16T18:15:00,Mayo_Hospital,226.1,0.18,67,0
2026-01-16T18:20:00,Lata_Mangeshkar_Hospital,224.5,0.2,54,0
2026-01-16T18:25:00,GMC_Nagpur,222.96,0.16,59,0
2026-01-16T18:30:00,Mayo_Hospital,223.93,0.19,49,0
2026-01-16T18:35:00,AIIMS_Nagpur,225.32,0.22,52,0
2026-01-16T18:40:00,AIIMS_Nagpur,224.98,0.17,64,0
2026-01-16T18:45:00,Wockhardt_Hospital,223.57,0.19,62,0
2026-01-16T18:50:00,Mayo_Hospital,224.77,0.24,45,0
2026-01-16T18:55:00,GMC_Nagpur,222.62,0.19,47,0
2026-01-16T19:00:00,GMC_Nagpur,223.74,0.2,53,0
2026-01-16T19:05:00,Lata_Mangeshkar_Hospital,224.68,0.29,45,0
2026-01-16T19:10:00,GMC_Nagpur,224.22,0.22,47,0
2026-01-16T19:15:00,Mayo_Hospital,222.14,0.29,55,0
2026-01-16T19:20:00,Mayo_Hospital,223.34,0.27,54,0
2026-01-16T19:25:00,Mayo_Hospital,220.86,0.21,40,0
2026-01-16T19:30:00,AIIMS_Nagpur,219.32,0.3,37,0
2026-01-16T19:35:00,Wockhardt_Hospital,218.31,0.29,37,0
2026-01-16T19:40:00,Wockhardt_Hospital,217.74,0.2,32,0
2026-01-16T19:45:00,Lata_Mangeshkar_Hospital,219.34,0.2,36,0
2026-01-16T19:50:00,Wockhardt_Hospital,218.79,0.23,36,0
2026-01-16T19:55:00,Wockhardt_Hospital,219.06,0.23,27,0
2026-01-16T20:00:00,AIIMS_Nagpur,218.36,0.22,42,0
2026-01-16T20:05:00,Mayo_Hospital,217.27,0.25,24,0
2026-01-16T20:10:00,Mayo_Hospital,215.94,0.19,22,0
2026-01-16T20:15:00,GMC_Nagpur,214.9,0.19,26,0
2026-01-16T20:20:00,Wockhardt_Hospital,214.2,0.25,35,0
2026-01-16T20:25:00,AIIMS_Nagpur,216.17,0.23,35,0
2026-01-16T20:30:00,Lata_Mangeshkar_Hospital,216.5,0.2,22,0
2026-01-16T20:35:00,Lata_Mangeshkar_Hospital,213.88,0.24,14,0
2026-01-16T20:40:00,GMC_Nagpur,192.4,0.91,25,1
2026-01-16T20:45:00,AIIMS_Nagpur,215.36,0.22,23,0
2026-01-16T20:50:00,GMC_Nagpur,216.63,0.18,17,0
2026-01-16T20:55:00,AIIMS_Nagpur,213.23,0.23,22,0
2026-01-16T21:00:00,AIIMS_Nagpur,216.41,0.22,18,0
2026-01-16T21:05:00,Lata_Mangeshkar_Hospital,214.98,0.14,10,0
2026-01-16T21:10:00,Lata_Mangeshkar_Hospital,213.26,0.15,17,0
2026-01-16T21:15:00,Mayo_Hospital,216.05,0.2,21,0
2026-01-16T21:20:00,Wockhardt_Hospital,216.82,0.18,23,0
2026-01-16T21:25:00,Wockhardt_Hospital,214.34,0.16,21,0
2026-01-16T21:30:00,Wockhardt_Hospital,216.59,0.12,19,0
2026-01-16T21:35:00,GMC_Nagpur,218.16,0.14,10,0
2026-01-16T21:40:00,GMC_Nagpur,217.93,0.12,10,0
2026-01-16T21:45:00,GMC_Nagpur,215.59,0.13,10,0
2026-01-16T21:50:00,Wockhardt_Hospital,216.95,0.06,10,0
2026-01-16T21:55:00,Lata_Mangeshkar_Hospital,218.91,0.07,15,0
2026-01-16T22:00:00,Lata_Mangeshkar_Hospital,219.22,0.12,10,0
2026-01-16T22:05:00,Lata_Mangeshkar_Hospital,217.84,0.06,16,0
2026-01-16T22:10:00,GMC_Nagpur,220.57,0.06,16,0
2026-01-16T22:15:00,AIIMS_Nagpur,218.63,0.09,13,0
2026-01-16T22:20:00,Wockhardt_Hospital,182.16,0.64,16,1
2026-01-16T22:25:00,Mayo_Hospital,222.83,0.05,10,0
2026-01-16T22:30:00,Wockhardt_Hospital,221.39,0.04,10,0
2026-01-16T22:35:00,Lata_Mangeshkar_Hospital,220.8,0.0,10,0
2026-01-16T22:40:00,Mayo_Hospital,223.42,0.02,10,0
2026-01-16T22:45:00,Lata_Mangeshkar_Hospital,221.34,0.01,21,0
2026-01-16T22:50:00,Lata_Mangeshkar_Hospital,222.65,0.0,10,0
2026-01-16T22:55:00,AIIMS_Nagpur,224.75,0.0,10,0
2026-01-16T23:00:00,AIIMS_Nagpur,222.39,0.0,10,0
2026-01-16T23:05:00,AIIMS_Nagpur,223.1,0.0,13,0
2026-01-16T23:10:00,Mayo_Hospital,223.0,0.0,22,0
2026-01-16T23:15:00,Mayo_Hospital,223.77,0.0,19,0
2026-01-16T23:20:00,Lata_Mangeshkar_Hospital,223.7,0.0,24,0
2026-01-16T23:25:00,GMC_Nagpur,225.77,0.0,26,0
2026-01-16T23:30:00,Mayo_Hospital,226.48,0.0,14,0
2026-01-16T23:35:00,Mayo_Hospital,226.78,0.0,10,0
2026-01-16T23:40:00,Mayo_Hospital,225.63,0.0,21,0
2026-01-16T23:45:00,AIIMS_Nagpur,224.92,0.0,14,0
2026-01-16T23:50:00,Mayo_Hospital,226.58,0.0,16,0
2026-01-16T23:55:00,Wockhardt_Hospital,225.56,0.0,24,0
2026-01-17T00:00:00,GMC_Nagpur,223.78,0.0,32,0
2026-01-17T00:05:00,AIIMS_Nagpur,225.95,0.0,21,0
2026-01-17T00:10:00,Lata_Mangeshkar_Hospital,224.9,0.0,30,0
2026-01-17T00:15:00,Lata_Mangeshkar_Hospital,224.29,0.0,20,0
2026-01-17T00:20:00,AIIMS_Nagpur,223.66,0.0,29,0
2026-01-17T00:25:00,AIIMS_Nagpur,220.7,0.0,25,0
2026-01-17T00:30:00,AIIMS_Nagpur,223.25,0.0,41,0
2026-01-17T00:35:00,AIIMS_Nagpur,223.51,0.0,38,0
2026-01-17T00:40:00,Wockhardt_Hospital,220.35,0.0,28,0
2026-01-17T00:45:00,Wockhardt_Hospital,222.55,0.0,28,0
2026-01-17T00:50:00,Lata_Mangeshkar_Hospital,219.47,0.0,40,0
2026-01-17T00:55:00,Lata_Mangeshkar_Hospital,221.26,0.0,34,0
2026-01-17T01:00:00,GMC_Nagpur,218.56,0.0,39,0
2026-01-17T01:05:00,Wockhardt_Hospital,218.66,0.0,48,0
2026-01-17T01:10:00,Wockhardt_Hospital,216.93,0.0,48,0
2026-01-17T01:15:00,Lata_Mangeshkar_Hospital,218.51,0.0,50,0
2026-01-17T01:20:00,GMC_Nagpur,215.77,0.0,50,0
2026-01-17T01:25:00,Mayo_Hospital,218.82,0.0,42,0
2026-01-17T01:30:00,Wockhardt_Hospital,216.44,0.0,59,0
2026-01-17T01:35:00,Lata_Mangeshkar_Hospital,216.83,0.0,51,0
2026-01-17T01:40:00,GMC_Nagpur,217.03,0.0,53,0
2026-01-17T01:45:00,AIIMS_Nagpur,217.14,0.0,47,0
2026-01-17T01:50:00,AIIMS_Nagpur,215.05,0.0,64,0
2026-01-17T01:55:00,Wockhardt_Hospital,216.57,0.0,55,0
2026-01-17T02:00:00,GMC_Nagpur,214.57,0.0,67,0
2026-01-17T02:05:00,AIIMS_Nagpur,216.73,0.0,63,0
2026-01-17T02:10:00,AIIMS_Nagpur,213.09,0.0,55,0
2026-01-17T02:15:00,Wockhardt_Hospital,214.37,0.0,57,0
2026-01-17T02:20:00,Lata_Mangeshkar_Hospital,216.65,0.0,69,0
2026-01-17T02:25:00,AIIMS_Nagpur,216.31,0.0,59,0
2026-01-17T02:30:00,AIIMS_Nagpur,216.01,0.0,71,0
2026-01-17T02:35:00,Wockhardt_Hospital,217.5,0.0,56,0
2026-01-17T02:40:00,Mayo_Hospital,215.7,0.0,65,0
2026-01-17T02:45:00,AIIMS_Nagpur,217.32,0.0,72,0
2026-01-17T02:50:00,GMC_Nagpur,217.79,0.0,58,0
2026-01-17T02:55:00,AIIMS_Nagpur,218.49,0.0,76,0
2026-01-17T03:00:00,Mayo_Hospital,219.12,0.0,67,0
2026-01-17T03:05:00,AIIMS_Nagpur,217.69,0.03,66,0
2026-01-17T03:10:00,Wockhardt_Hospital,219.53,0.0,69,0
2026-01-17T03:15:00,AIIMS_Nagpur,217.04,0.0,62,0
2026-01-17T03:20:00,Mayo_Hospital,217.24,0.02,76,0
2026-01-17T03:25:00,Mayo_Hospital,221.45,0.06,63,0
2026-01-17T03:30:00,Mayo_Hospital,219.45,0.03,67,0
2026-01-17T03:35:00,Mayo_Hospital,220.56,0.08,62,0
2026-01-17T03:40:00,AIIMS_Nagpur,222.91,0.05,68,0
2026-01-17T03:45:00,Wockhardt_Hospital,219.8,0.04,75,0
2026-01-17T03:50:00,GMC_Nagpur,222.6,0.14,59,0
2026-01-17T03:55:00,AIIMS_Nagpur,220.74,0.14,72,0
2026-01-17T04:00:00,Mayo_Hospital,224.39,0.1,65,0
2026-01-17T04:05:00,Mayo_Hospital,221.42,0.09,64,0
2026-01-17T04:10:00,Wockhardt_Hospital,222.92,0.13,64,0
2026-01-17T04:15:00,Mayo_Hospital,223.75,0.13,66,0
2026-01-17T04:20:00,Mayo_Hospital,223.21,0.13,74,0
2026-01-17T04:25:00,GMC_Nagpur,223.34,0.16,66,0
2026-01-17T04:30:00,GMC_Nagpur,223.54,0.21,57,0
2026-01-17T04:35:00,GMC_Nagpur,226.16,0.14,67,0
2026-01-17T04:40:00,GMC_Nagpur,200.72,0.95,54,1
2026-01-17T04:45:00,Lata_Mangeshkar_Hospital,226.65,0.21,70,0
2026-01-17T04:50:00,Lata_Mangeshkar_Hospital,224.26,0.23,60,0
2026-01-17T04:55:00,Mayo_Hospital,223.66,0.23,52,0
2026-01-17T05:00:00,Lata_Mangeshkar_Hospital,223.07,0.22,56,0
2026-01-17T05:05:00,Lata_Mangeshkar_Hospital,224.35,0.22,53,0
2026-01-17T05:10:00,AIIMS_Nagpur,222.7,0.24,48,0
2026-01-17T05:15:00,Lata_Mangeshkar_Hospital,224.24,0.2,62,0
2026-01-17T05:20:00,AIIMS_Nagpur,222.48,0.27,59,0
2026-01-17T05:25:00,GMC_Nagpur,223.71,0.26,44,0
2026-01-17T05:30:00,Lata_Mangeshkar_Hospital,221.41,0.28,41,0
2026-01-17T05:35:00,AIIMS_Nagpur,223.05,0.2,47,0
2026-01-17T05:40:00,Lata_Mangeshkar_Hospital,223.43,0.2,44,0
2026-01-17T05:45:00,GMC_Nagpur,223.36,0.27,37,0
2026-01-17T05:50:00,GMC_Nagpur,222.93,0.21,44,0
2026-01-17T05:55:00,Lata_Mangeshkar_Hospital,221.89,0.23,33,0
2026-01-17T06:00:00,GMC_Nagpur,220.92,0.21,47,0
2026-01-17T06:05:00,Lata_Mangeshkar_Hospital,220.48,0.3,31,0
2026-01-17T06:10:00,AIIMS_Nagpur,219.9,0.29,39,0
2026-01-17T06:15:00,Mayo_Hospital,217.78,0.25,44,0
2026-01-17T06:20:00,Mayo_Hospital,216.61,0.28,41,0
2026-01-17T06:25:00,AIIMS_Nagpur,219.0,0.2,43,0
2026-01-17T06:30:00,Lata_Mangeshkar_Hospital,216.36,0.28,32,0
2026-01-17T06:35:00,Wockhardt_Hospital,216.42,0.21,29,0
2026-01-17T06:40:00,GMC_Nagpur,215.01,0.21,34,0
2026-01-17T06:45:00,Wockhardt_Hospital,216.81,0.27,25,0
2026-01-17T06:50:00,AIIMS_Nagpur,215.7,0.18,25,0
2026-01-17T06:55:00,Lata_Mangeshkar_Hospital,215.15,0.27,31,0
2026-01-17T07:00:00,AIIMS_Nagpur,213.7,0.21,28,0
2026-01-17T07:05:00,Mayo_Hospital,216.24,0.21,24,0
2026-01-17T07:10:00,AIIMS_Nagpur,217.11,0.22,19,0
2026-01-17T07:15:00,GMC_Nagpur,215.79,0.25,25,0
2026-01-17T07:20:00,Lata_Mangeshkar_Hospital,216.77,0.2,28,0
2026-01-17T07:25:00,Mayo_Hospital,214.98,0.18,22,0
2026-01-17T07:30:00,AIIMS_Nagpur,214.4,0.2,23,0
2026-01-17T07:35:00,Wockhardt_Hospital,213.83,0.18,10,0
2026-01-17T07:40:00,AIIMS_Nagpur,216.69,0.19,11,0
2026-01-17T07:45:00,GMC_Nagpur,217.39,0.2,16,0
2026-01-17T07:50:00,Lata_Mangeshkar_Hospital,214.26,0.12,11,0
2026-01-17T07:55:00,Mayo_Hospital,217.7,0.11,20,0
2026-01-17T08:00:00,Mayo_Hospital,216.85,0.16,18,0
2026-01-17T08:05:00,Mayo_Hospital,215.05,0.13,10,0
2026-01-17T08:10:00,Mayo_Hospital,216.5,0.1,14,0
2026-01-17T08:15:00,AIIMS_Nagpur,217.48,0.08,10,0
2026-01-17T08:20:00,Wockhardt_Hospital,216.73,0.11,15,0
2026-01-17T08:25:00,Lata_Mangeshkar_Hospital,217.33,0.06,10,0
2026-01-17T08:30:00,AIIMS_Nagpur,220.25,0.03,10,0
2026-01-17T08:35:00,Mayo_Hospital,219.89,0.04,10,0
2026-01-17T08:40:00,Mayo_Hospital,220.88,0.06,19,0
2026-01-17T08:45:00,Mayo_Hospital,221.38,0.07,13,0
2026-01-17T08:50:00,Wockhardt_Hospital,219.65,0.02,10,0
2026-01-17T08:55:00,GMC_Nagpur,220.28,0.04,18,0
2026-01-17T09:00:00,GMC_Nagpur,221.39,0.06,13,0
2026-01-17T09:05:00,Mayo_Hospital,220.47,0.0,10,0
2026-01-17T09:10:00,Wockhardt_Hospital,223.73,0.0,16,0
2026-01-17T09:15:00,AIIMS_Nagpur,224.99,0.01,10,0
2026-01-17T09:20:00,Mayo_Hospital,223.0,0.0,10,0
2026-01-17T09:25:00,Mayo_Hospital,223.29,0.0,17,0
2026-01-17T09:30:00,AIIMS_Nagpur,223.0,0.0,14,0
2026-01-17T09:35:00,Lata_Mangeshkar_Hospital,224.08,0.0,12,0
2026-01-17T09:40:00,Lata_Mangeshkar_Hospital,223.83,0.0,24,0
2026-01-17T09:45:00,AIIMS_Nagpur,224.86,0.0,10,0
2026-01-17T09:50:00,AIIMS_Nagpur,226.36,0.0,14,0
2026-01-17T09:55:00,GMC_Nagpur,224.79,0.0,18,0
2026-01-17T10:00:00,AIIMS_Nagpur,226.68,0.0,21,0
2026-01-17T10:05:00,Wockhardt_Hospital,224.93,0.0,28,0
2026-01-17T10:10:00,Wockhardt_Hospital,225.56,0.0,19,0
2026-01-17T10:15:00,Mayo_Hospital,224.31,0.0,17,0
2026-01-17T10:20:00,Mayo_Hospital,224.9,0.0,15,0
2026-01-17T10:25:00,Lata_Mangeshkar_Hospital,223.76,0.0,23,0
2026-01-17T10:30:00,Lata_Mangeshkar_Hospital,222.28,0.0,16,0
2026-01-17T10:35:00,AIIMS_Nagpur,222.02,0.0,18,0
2026-01-17T10:40:00,Lata_Mangeshkar_Hospital,225.08,0.0,29,0
2026-01-17T10:45:00,AIIMS_Nagpur,222.17,0.0,22,0
2026-01-17T10:50:00,GMC_Nagpur,222.2,0.0,30,0
2026-01-17T10:55:00,Lata_Mangeshkar_Hospital,223.6,0.0,26,0
2026-01-17T11:00:00,AIIMS_Nagpur,222.12,0.0,28,0
2026-01-17T11:05:00,Wockhardt_Hospital,222.21,0.0,32,0
2026-01-17T11:10:00,GMC_Nagpur,219.19,0.0,30,0
2026-01-17T11:15:00,Wockhardt_Hospital,218.98,0.0,46,0
2026-01-17T11:20:00,Mayo_Hospital,219.4,0.0,36,0
2026-01-17T11:25:00,Mayo_Hospital,219.6,0.0,34,0
2026-01-17T11:30:00,GMC_Nagpur,219.29,0.0,38,0
2026-01-17T11:35:00,Wockhardt_Hospital,216.97,0.0,41,0
2026-01-17T11:40:00,Mayo_Hospital,217.19,0.0,53,0
2026-01-17T11:45:00,Mayo_Hospital,219.5,0.0,39,0
2026-01-17T11:50:00,Wockhardt_Hospital,219.03,0.0,40,0
2026-01-17T11:55:00,Mayo_Hospital,215.56,0.0,57,0
2026-01-17T12:00:00,Lata_Mangeshkar_Hospital,214.73,0.0,50,0
2026-01-17T12:05:00,GMC_Nagpur,215.3,0.0,58,0
2026-01-17T12:10:00,AIIMS_Nagpur,214.04,0.0,50,0
2026-01-17T12:15:00,Lata_Mangeshkar_Hospital,185.93,0.77,64,1
2026-01-17T12:20:00,GMC_Nagpur,216.17,0.0,64,0
2026-01-17T12:25:00,Wockhardt_Hospital,216.35,0.0,51,0
2026-01-17T12:30:00,GMC_Nagpur,213.67,0.0,55,0
2026-01-17T12:35:00,Wockhardt_Hospital,215.2,0.0,65,0
2026-01-17T12:40:00,Wockhardt_Hospital,214.79,0.0,57,0
2026-01-17T12:45:00,GMC_Nagpur,217.04,0.0,65,0
2026-01-17T12:50:00,GMC_Nagpur,214.39,0.0,72,0
2026-01-17T12:55:00,Mayo_Hospital,214.28,0.0,66,0
2026-01-17T13:00:00,Wockhardt_Hospital,214.93,0.0,69,0
2026-01-17T13:05:00,Lata_Mangeshkar_Hospital,215.42,0.0,60,0
2026-01-17T13:10:00,GMC_Nagpur,216.57,0.0,75,0
2026-01-17T13:15:00,GMC_Nagpur,217.65,0.0,66,0
2026-01-17T13:20:00,AIIMS_Nagpur,217.22,0.0,70,0
2026-01-17T13:25:00,AIIMS_Nagpur,219.01,0.0,70,0
2026-01-17T13:30:00,Wockhardt_Hospital,218.81,0.01,76,0
2026-01-17T13:35:00,Lata_Mangeshkar_Hospital,217.55,0.06,62,0
2026-01-17T13:40:00,Wockhardt_Hospital,216.46,0.01,71,0
2026-01-17T13:45:00,GMC_Nagpur,218.79,0.05,72,0
2026-01-17T13:50:00,GMC_Nagpur,217.61,0.07,72,0
2026-01-17T13:55:00,Mayo_Hospital,220.33,0.0,67,0
2026-01-17T14:00:00,Lata_Mangeshkar_Hospital,218.84,0.02,78,0
2026-01-17T14:05:00,Lata_Mangeshkar_Hospital,220.0,0.09,64,0
2026-01-17T14:10:00,AIIMS_Nagpur,219.94,0.08,72,0
2026-01-17T14:15:00,Lata_Mangeshkar_Hospital,221.56,0.13,72,0
2026-01-17T14:20:00,Mayo_Hospital,222.11,0.13,65,0
2026-01-17T14:25:00,Mayo_Hospital,221.7,0.13,67,0
2026-01-17T14:30:00,Wockhardt_Hospital,224.24,0.16,68,0
2026-01-17T14:35:00,GMC_Nagpur,222.11,0.13,62,0
2026-01-17T14:40:00,Wockhardt_Hospital,223.87,0.1,70,0
2026-01-17T14:45:00,Wockhardt_Hospital,222.79,0.11,64,0
2026-01-17T14:50:00,Mayo_Hospital,223.4,0.16,72,0
2026-01-17T14:55:00,AIIMS_Nagpur,224.67,0.16,55,0
2026-01-17T15:00:00,Mayo_Hospital,226.35,0.13,58,0
2026-01-17T15:05:00,GMC_Nagpur,224.06,0.16,65,0
2026-01-17T15:10:00,AIIMS_Nagpur,225.39,0.21,68,0
2026-01-17T15:15:00,Wockhardt_Hospital,226.7,0.17,67,0
2026-01-17T15:20:00,Mayo_Hospital,223.87,0.21,62,0
2026-01-17T15:25:00,Lata_Mangeshkar_Hospital,223.99,0.23,53,0
2026-01-17T15:30:00,Mayo_Hospital,226.73,0.24,57,0
2026-01-17T15:35:00,AIIMS_Nagpur,224.37,0.2,50,0
2026-01-17T15:40:00,AIIMS_Nagpur,223.07,0.18,51,0
2026-01-17T15:45:00,AIIMS_Nagpur,223.4,0.24,60,0
2026-01-17T15:50:00,Wockhardt_Hospital,222.39,0.25,55,0
2026-01-17T15:55:00,GMC_Nagpur,223.73,0.29,59,0
2026-01-17T16:00:00,AIIMS_Nagpur,221.92,0.25,40,0
2026-01-17T16:05:00,Lata_Mangeshkar_Hospital,176.99,0.94,52,1
2026-01-17T16:10:00,AIIMS_Nagpur,221.56,0.29,56,0
2026-01-17T16:15:00,Wockhardt_Hospital,219.8,0.23,45,0
2026-01-17T16:20:00,Wockhardt_Hospital,221.96,0.27,50,0
2026-01-17T16:25:00,AIIMS_Nagpur,222.53,0.29,37,0
2026-01-17T16:30:00,Mayo_Hospital,222.28,0.22,41,0
2026-01-17T16:35:00,Wockhardt_Hospital,220.29,0.24,31,0
2026-01-17T16:40:00,GMC_Nagpur,220.22,0.28,28,0
2026-01-17T16:45:00,GMC_Nagpur,218.12,0.27,32,0
2026-01-17T16:50:00,GMC_Nagpur,219.81,0.25,43,0
2026-01-17T16:55:00,Mayo_Hospital,216.08,0.2,29,0
2026-01-17T17:00:00,Lata_Mangeshkar_Hospital,216.01,0.21,31,0
2026-01-17T17:05:00,Wockhardt_Hospital,217.4,0.28,23,0
2026-01-17T17:10:00,Mayo_Hospital,216.39,0.26,38,0
2026-01-17T17:15:00,Wockhardt_Hospital,215.88,0.23,25,0
2026-01-17T17:20:00,GMC_Nagpur,215.21,0.2,20,0
2026-01-17T17:25:00,GMC_Nagpur,215.57,0.25,26,0
2026-01-17T17:30:00,Wockhardt_Hospital,213.74,0.25,15,0
2026-01-17T17:35:00,GMC_Nagpur,216.77,0.19,18,0
2026-01-17T17:40:00,GMC_Nagpur,216.66,0.17,15,0
2026-01-17T17:45:00,Wockhardt_Hospital,213.33,0.17,26,0
2026-01-17T17:50:00,Wockhardt_Hospital,213.74,0.17,22,0
2026-01-17T17:55:00,AIIMS_Nagpur,214.75,0.19,17,0
2026-01-17T18:00:00,AIIMS_Nagpur,214.9,0.21,12,0
2026-01-17T18:05:00,Mayo_Hospital,216.61,0.21,25,0
2026-01-17T18:10:00,GMC_Nagpur,214.69,0.12,15,0
2026-01-17T18:15:00,Mayo_Hospital,216.06,0.11,21,0
2026-01-17T18:20:00,Lata_Mangeshkar_Hospital,214.57,0.15,11,0
2026-01-17T18:25:00,Wockhardt_Hospital,214.53,0.19,17,0
2026-01-17T18:30:00,Wockhardt_Hospital,216.98,0.13,10,0
2026-01-17T18:35:00,Lata_Mangeshkar_Hospital,216.87,0.15,19,0
2026-01-17T18:40:00,AIIMS_Nagpur,218.77,0.1,13,0
2026-01-17T18:45:00,Mayo_Hospital,216.88,0.15,18,0
2026-01-17T18:50:00,Mayo_Hospital,219.76,0.09,10,0
2026-01-17T18:55:00,Lata_Mangeshkar_Hospital,219.95,0.03,10,0
2026-01-17T19:00:00,Wockhardt_Hospital,219.4,0.05,16,0
2026-01-17T19:05:00,GMC_Nagpur,218.09,0.02,10,0
2026-01-17T19:10:00,Wockhardt_Hospital,219.79,0.04,10,0
2026-01-17T19:15:00,Wockhardt_Hospital,220.26,0.05,10,0
2026-01-17T19:20:00,GMC_Nagpur,220.59,0.04,10,0
2026-01-17T19:25:00,Lata_Mangeshkar_Hospital,221.41,0.0,18,0
2026-01-17T19:30:00,Mayo_Hospital,220.88,0.06,10,0
2026-01-17T19:35:00,GMC_Nagpur,222.3,0.0,10,0
2026-01-17T19:40:00,AIIMS_Nagpur,224.06,0.0,19,0
2026-01-17T19:45:00,Lata_Mangeshkar_Hospital,221.6,0.0,10,0
2026-01-17T19:50:00,Mayo_Hospital,222.13,0.0,10,0
2026-01-17T19:55:00,Wockhardt_Hospital,224.07,0.0,10,0
2026-01-17T20:00:00,GMC_Nagpur,225.95,0.0,12,0
2026-01-17T20:05:00,Wockhardt_Hospital,225.3,0.0,17,0
2026-01-17T20:10:00,Wockhardt_Hospital,222.79,0.0,10,0
2026-01-17T20:15:00,AIIMS_Nagpur,223.13,0.0,16,0
2026-01-17T20:20:00,AIIMS_Nagpur,223.26,0.0,10,0
2026-01-17T20:25:00,Mayo_Hospital,223.1,0.0,18,0
2026-01-17T20:30:00,GMC_Nagpur,226.68,0.0,25,0
2026-01-17T20:35:00,GMC_Nagpur,226.93,0.0,12,0
2026-01-17T20:40:00,Mayo_Hospital,226.81,0.0,23,0
2026-01-17T20:45:00,Mayo_Hospital,225.38,0.0,17,0
2026-01-17T20:50:00,GMC_Nagpur,225.85,0.0,21,0
2026-01-17T20:55:00,Wockhardt_Hospital,224.59,0.0,33,0
2026-01-17T21:00:00,AIIMS_Nagpur,224.66,0.0,16,0
2026-01-17T21:05:00,Wockhardt_Hospital,224.17,0.0,32,0
2026-01-17T21:10:00,Lata_Mangeshkar_Hospital,221.86,0.0,28,0
2026-01-17T21:15:00,Lata_Mangeshkar_Hospital,223.33,0.0,37,0
2026-01-17T21:20:00,Lata_Mangeshkar_Hospital,223.66,0.0,27,0
2026-01-17T21:25:00,Mayo_Hospital,221.75,0.0,33,0
2026-01-17T21:30:00,Lata_Mangeshkar_Hospital,220.85,0.0,32,0
2026-01-17T21:35:00,AIIMS_Nagpur,220.13,0.0,33,0
2026-01-17T21:40:00,Mayo_Hospital,222.25,0.0,39,0
2026-01-17T21:45:00,Lata_Mangeshkar_Hospital,187.03,0.78,34,1
2026-01-17T21:50:00,Mayo_Hospital,220.59,0.0,35,0
2026-01-17T21:55:00,GMC_Nagpur,217.34,0.0,50,0
2026-01-17T22:00:00,Wockhardt_Hospital,220.74,0.0,45,0
2026-01-17T22:05:00,Mayo_Hospital,219.32,0.0,46,0
2026-01-17T22:10:00,Lata_Mangeshkar_Hospital,216.48,0.0,46,0
2026-01-17T22:15:00,Mayo_Hospital,216.44,0.0,46,0
2026-01-17T22:20:00,Lata_Mangeshkar_Hospital,216.84,0.0,56,0
2026-01-17T22:25:00,Lata_Mangeshkar_Hospital,218.21,0.0,55,0
2026-01-17T22:30:00,Wockhardt_Hospital,216.15,0.0,51,0
2026-01-17T22:35:00,GMC_Nagpur,215.72,0.0,57,0
2026-01-17T22:40:00,Mayo_Hospital,215.88,0.0,54,0
2026-01-17T22:45:00,Lata_Mangeshkar_Hospital,215.65,0.0,48,0
2026-01-17T22:50:00,GMC_Nagpur,216.25,0.0,51,0
2026-01-17T22:55:00,AIIMS_Nagpur,213.7,0.0,51,0
2026-01-17T23:00:00,AIIMS_Nagpur,213.21,0.0,54,0
2026-01-17T23:05:00,Lata_Mangeshkar_Hospital,216.68,0.0,65,0
2026-01-17T23:10:00,Mayo_Hospital,214.68,0.0,66,0
2026-01-17T23:15:00,Wockhardt_Hospital,213.49,0.0,68,0
2026-01-17T23:20:00,AIIMS_Nagpur,215.6,0.0,65,0
2026-01-17T23:25:00,Wockhardt_Hospital,216.93,0.0,55,0
2026-01-17T23:30:00,GMC_Nagpur,217.53,0.0,70,0
2026-01-17T23:35:00,Mayo_Hospital,215.31,0.0,66,0
2026-01-17T23:40:00,Lata_Mangeshkar_Hospital,216.92,0.01,66,0
2026-01-17T23:45:00,AIIMS_Nagpur,215.85,0.01,65,0
2026-01-17T23:50:00,Mayo_Hospital,216.63,0.0,70,0
2026-01-17T23:55:00,Mayo_Hospital,218.07,0.03,64,0
2026-01-18T00:00:00,Mayo_Hospital,217.62,0.02,74,0
2026-01-18T00:05:00,Mayo_Hospital,218.3,0.02,61,0
2026-01-18T00:10:00,Wockhardt_Hospital,217.13,0.0,63,0
2026-01-18T00:15:00,AIIMS_Nagpur,218.68,0.06,63,0
2026-01-18T00:20:00,GMC_Nagpur,221.53,0.09,63,0
2026-01-18T00:25:00,Lata_Mangeshkar_Hospital,221.01,0.08,78,0
2026-01-18T00:30:00,Mayo_Hospital,220.26,0.08,65,0
2026-01-18T00:35:00,GMC_Nagpur,219.96,0.12,77,0
2026-01-18T00:40:00,AIIMS_Nagpur,220.62,0.05,59,0
2026-01-18T00:45:00,GMC_Nagpur,223.79,0.14,65,0
2026-01-18T00:50:00,AIIMS_Nagpur,223.68,0.09,65,0
2026-01-18T00:55:00,AIIMS_Nagpur,224.61,0.1,76,0
2026-01-18T01:00:00,GMC_Nagpur,222.43,0.16,61,0
2026-01-18T01:05:00,Wockhardt_Hospital,223.41,0.11,59,0
2026-01-18T01:10:00,GMC_Nagpur,222.03,0.13,74,0
2026-01-18T01:15:00,GMC_Nagpur,225.14,0.14,61,0
2026-01-18T01:20:00,AIIMS_Nagpur,222.5,0.16,71,0
2026-01-18T01:25:00,GMC_Nagpur,224.96,0.19,59,0
2026-01-18T01:30:00,Lata_Mangeshkar_Hospital,226.54,0.13,71,0
2026-01-18T01:35:00,Mayo_Hospital,225.92,0.15,61,0
2026-01-18T01:40:00,GMC_Nagpur,224.88,0.19,54,0
2026-01-18T01:45:00,Mayo_Hospital,223.75,0.15,63,0
2026-01-18T01:50:00,AIIMS_Nagpur,226.33,0.23,62,0
2026-01-18T01:55:00,AIIMS_Nagpur,225.05,0.17,51,0
2026-01-18T02:00:00,Mayo_Hospital,223.2,0.22,51,0
2026-01-18T02:05:00,Wockhardt_Hospital,224.13,0.19,65,0
2026-01-18T02:10:00,GMC_Nagpur,225.33,0.25,49,0
2026-01-18T02:15:00,AIIMS_Nagpur,225.78,0.21,48,0
2026-01-18T02:20:00,AIIMS_Nagpur,223.06,0.18,45,0
2026-01-18T02:25:00,AIIMS_Nagpur,223.89,0.25,45,0
2026-01-18T02:30:00,Wockhardt_Hospital,222.17,0.21,53,0
2026-01-18T02:35:00,GMC_Nagpur,221.49,0.25,45,0
2026-01-18T02:40:00,Lata_Mangeshkar_Hospital,221.99,0.25,55,0
2026-01-18T02:45:00,Wockhardt_Hospital,223.19,0.29,42,0
2026-01-18T02:50:00,GMC_Nagpur,221.75,0.27,39,0
2026-01-18T02:55:00,GMC_Nagpur,219.87,0.25,39,0
2026-01-18T03:00:00,GMC_Nagpur,221.13,0.23,34,0
2026-01-18T03:05:00,Mayo_Hospital,221.31,0.29,36,0
2026-01-18T03:10:00,Mayo_Hospital,217.59,0.24,39,0
2026-01-18T03:15:00,GMC_Nagpur,219.79,0.24,35,0
2026-01-18T03:20:00,Mayo_Hospital,217.5,0.24,38,0
2026-01-18T03:25:00,Lata_Mangeshkar_Hospital,219.12,0.25,24,0
2026-01-18T03:30:00,Lata_Mangeshkar_Hospital,215.81,0.24,33,0
2026-01-18T03:35:00,GMC_Nagpur,218.46,0.22,28,0
2026-01-18T03:40:00,AIIMS_Nagpur,218.22,0.19,29,0
2026-01-18T03:45:00,Wockhardt_Hospital,218.0,0.23,32,0
2026-01-18T03:50:00,AIIMS_Nagpur,217.15,0.22,33,0
2026-01-18T03:55:00,Mayo_Hospital,217.07,0.25,28,0
2026-01-18T04:00:00,Wockhardt_Hospital,214.12,0.23,27,0
2026-01-18T04:05:00,Mayo_Hospital,214.02,0.2,20,0
2026-01-18T04:10:00,Mayo_Hospital,216.76,0.24,23,0
2026-01-18T04:15:00,AIIMS_Nagpur,215.77,0.18,12,0
2026-01-18T04:20:00,Lata_Mangeshkar_Hospital,215.11,0.22,10,0
2026-01-18T04:25:00,Wockhardt_Hospital,214.22,0.16,16,0
2026-01-18T04:30:00,AIIMS_Nagpur,216.98,0.18,22,0
2026-01-18T04:35:00,AIIMS_Nagpur,213.67,0.21,18,0
2026-01-18T04:40:00,Mayo_Hospital,214.78,0.2,19,0
2026-01-18T04:45:00,Wockhardt_Hospital,217.56,0.19,10,0
2026-01-18T04:50:00,Mayo_Hospital,215.55,0.18,10,0
2026-01-18T04:55:00,Lata_Mangeshkar_Hospital,215.85,0.13,10,0
2026-01-18T05:00:00,Lata_Mangeshkar_Hospital,214.83,0.12,21,0
2026-01-18T05:05:00,Wockhardt_Hospital,217.42,0.11,10,0
2026-01-18T05:10:00,Mayo_Hospital,215.75,0.07,10,0
2026-01-18T05:15:00,Lata_Mangeshkar_Hospital,217.37,0.13,10,0
2026-01-18T05:20:00,Mayo_Hospital,219.55,0.12,13,0
2026-01-18T05:25:00,Mayo_Hospital,218.54,0.03,19,0
2026-01-18T05:30:00,Lata_Mangeshkar_Hospital,217.54,0.04,14,0
2026-01-18T05:35:00,Mayo_Hospital,219.89,0.02,13,0
2026-01-18T05:40:00,Lata_Mangeshkar_Hospital,221.9,0.04,10,0
2026-01-18T05:45:00,GMC_Nagpur,220.29,0.08,10,0
2026-01-18T05:50:00,AIIMS_Nagpur,221.4,0.04,14,0
2026-01-18T05:55:00,Mayo_Hospital,221.78,0.0,10,0
2026-01-18T06:00:00,Lata_Mangeshkar_Hospital,222.37,0.01,10,0
2026-01-18T06:05:00,Lata_Mangeshkar_Hospital,223.79,0.0,10,0
2026-01-18T06:10:00,AIIMS_Nagpur,223.79,0.0,12,0
2026-01-18T06:15:00,GMC_Nagpur,224.57,0.0,10,0
2026-01-18T06:20:00,Wockhardt_Hospital,225.23,0.0,10,0
2026-01-18T06:25:00,GMC_Nagpur,224.38,0.0,10,0
2026-01-18T06:30:00,AIIMS_Nagpur,224.14,0.0,18,0
2026-01-18T06:35:00,AIIMS_Nagpur,226.3,0.0,18,0
2026-01-18T06:40:00,Lata_Mangeshkar_Hospital,224.34,0.0,10,0
2026-01-18T06:45:00,Lata_Mangeshkar_Hospital,223.15,0.0,10,0
2026-01-18T06:50:00,Lata_Mangeshkar_Hospital,225.43,0.0,17,0
2026-01-18T06:55:00,AIIMS_Nagpur,225.57,0.0,10,0
2026-01-18T07:00:00,Mayo_Hospital,223.89,0.0,23,0
2026-01-18T07:05:00,Mayo_Hospital,225.75,0.0,16,0
2026-01-18T07:10:00,Lata_Mangeshkar_Hospital,226.54,0.0,31,0
2026-01-18T07:15:00,AIIMS_Nagpur,223.25,0.0,14,0
2026-01-18T07:20:00,Wockhardt_Hospital,225.9,0.0,26,0
2026-01-18T07:25:00,GMC_Nagpur,224.27,0.0,34,0
2026-01-18T07:30:00,GMC_Nagpur,224.9,0.0,36,0
2026-01-18T07:35:00,GMC_Nagpur,222.2,0.0,35,0
2026-01-18T07:40:00,Wockhardt_Hospital,222.46,0.0,22,0
2026-01-18T07:45:00,GMC_Nagpur,222.47,0.0,23,0
2026-01-18T07:50:00,Mayo_Hospital,221.32,0.0,22,0
2026-01-18T07:55:00,Mayo_Hospital,223.24,0.0,36,0
2026-01-18T08:00:00,Mayo_Hospital,219.75,0.0,28,0
2026-01-18T08:05:00,Mayo_Hospital,220.19,0.0,37,0
2026-01-18T08:10:00,AIIMS_Nagpur,219.31,0.0,33,0
2026-01-18T08:15:00,Wockhardt_Hospital,221.26,0.0,39,0
2026-01-18T08:20:00,AIIMS_Nagpur,218.36,0.0,38,0
2026-01-18T08:25:00,GMC_Nagpur,220.91,0.0,39,0
2026-01-18T08:30:00,GMC_Nagpur,218.14,0.0,39,0
2026-01-18T08:35:00,GMC_Nagpur,216.3,0.0,40,0
2026-01-18T08:40:00,Wockhardt_Hospital,217.77,0.0,38,0
2026-01-18T08:45:00,GMC_Nagpur,218.33,0.0,57,0
2026-01-18T08:50:00,GMC_Nagpur,217.98,0.0,57,0
2026-01-18T08:55:00,GMC_Nagpur,215.77,0.0,51,0
2026-01-18T09:00:00,Wockhardt_Hospital,217.35,0.0,62,0
2026-01-18T09:05:00,Mayo_Hospital,215.81,0.0,46,0
2026-01-18T09:10:00,Mayo_Hospital,214.82,0.0,53,0
2026-01-18T09:15:00,Lata_Mangeshkar_Hospital,216.3,0.0,56,0
2026-01-18T09:20:00,Mayo_Hospital,217.06,0.0,53,0
2026-01-18T09:25:00,GMC_Nagpur,214.53,0.0,62,0
2026-01-18T09:30:00,Lata_Mangeshkar_Hospital,215.28,0.0,59,0
2026-01-18T09:35:00,GMC_Nagpur,214.29,0.0,63,0
2026-01-18T09:40:00,Mayo_Hospital,214.31,0.0,63,0
2026-01-18T09:45:00,GMC_Nagpur,170.49,0.79,59,1
2026-01-18T09:50:00,Wockhardt_Hospital,214.71,0.0,66,0
2026-01-18T09:55:00,Lata_Mangeshkar_Hospital,214.54,0.0,62,0
2026-01-18T10:00:00,Lata_Mangeshkar_Hospital,215.52,0.0,56,0
2026-01-18T10:05:00,GMC_Nagpur,216.81,0.0,75,0
2026-01-18T10:10:00,Mayo_Hospital,217.45,0.0,63,0
2026-01-18T10:15:00,GMC_Nagpur,215.75,0.02,60,0
2026-01-18T10:20:00,Wockhardt_Hospital,217.25,0.03,63,0
2026-01-18T10:25:00,Wockhardt_Hospital,215.42,0.0,73,0
2026-01-18T10:30:00,AIIMS_Nagpur,217.53,0.04,69,0
2026-01-18T10:35:00,Lata_Mangeshkar_Hospital,216.27,0.04,79,0
2026-01-18T10:40:00,GMC_Nagpur,220.25,0.01,66,0
2026-01-18T10:45:00,AIIMS_Nagpur,219.42,0.0,60,0
2026-01-18T10:50:00,Mayo_Hospital,217.86,0.05,78,0
2026-01-18T10:55:00,AIIMS_Nagpur,220.81,0.1,60,0
2026-01-18T11:00:00,GMC_Nagpur,221.83,0.06,73,0
2026-01-18T11:05:00,Lata_Mangeshkar_Hospital,222.05,0.08,73,0
2026-01-18T11:10:00,Lata_Mangeshkar_Hospital,223.53,0.13,78,0
2026-01-18T11:15:00,Lata_Mangeshkar_Hospital,222.02,0.12,75,0
2026-01-18T11:20:00,Lata_Mangeshkar_Hospital,221.41,0.12,70,0
2026-01-18T11:25:00,Wockhardt_Hospital,221.57,0.08,73,0
2026-01-18T11:30:00,Wockhardt_Hospital,221.68,0.17,67,0
2026-01-18T11:35:00,AIIMS_Nagpur,225.45,0.12,59,0
2026-01-18T11:40:00,GMC_Nagpur,224.02,0.12,64,0
2026-01-18T11:45:00,AIIMS_Nagpur,226.08,0.2,68,0
2026-01-18T11:50:00,Mayo_Hospital,224.98,0.18,62,0
2026-01-18T11:55:00,AIIMS_Nagpur,223.88,0.18,55,0
2026-01-18T12:00:00,Lata_Mangeshkar_Hospital,224.34,0.14,53,0
2026-01-18T12:05:00,Wockhardt_Hospital,224.8,0.19,69,0
2026-01-18T12:10:00,Wockhardt_Hospital,224.07,0.2,54,0
2026-01-18T12:15:00,AIIMS_Nagpur,225.24,0.15,64,0
2026-01-18T12:20:00,Mayo_Hospital,226.78,0.16,57,0
2026-01-18T12:25:00,GMC_Nagpur,223.27,0.2,52,0
2026-01-18T12:30:00,AIIMS_Nagpur,223.7,0.22,53,0
2026-01-18T12:35:00,Wockhardt_Hospital,223.5,0.18,50,0
2026-01-18T12:40:00,AIIMS_Nagpur,224.96,0.25,56,0
2026-01-18T12:45:00,Wockhardt_Hospital,224.26,0.27,51,0
2026-01-18T12:50:00,Mayo_Hospital,224.44,0.22,48,0
2026-01-18T12:55:00,Lata_Mangeshkar_Hospital,221.8,0.23,45,0
2026-01-18T13:00:00,AIIMS_Nagpur,224.51,0.24,54,0
2026-01-18T13:05:00,Wockhardt_Hospital,220.66,0.26,44,0
2026-01-18T13:10:00,GMC_Nagpur,219.97,0.2,53,0
2026-01-18T13:15:00,Lata_Mangeshkar_Hospital,220.97,0.2,43,0
2026-01-18T13:20:00,Mayo_Hospital,220.4,0.23,51,0
2026-01-18T13:25:00,Wockhardt_Hospital,220.08,0.26,32,0
2026-01-18T13:30:00,AIIMS_Nagpur,219.57,0.23,38,0
2026-01-18T13:35:00,Mayo_Hospital,218.11,0.2,31,0
2026-01-18T13:40:00,GMC_Nagpur,219.95,0.22,42,0
2026-01-18T13:45:00,Lata_Mangeshkar_Hospital,218.94,0.22,27,0
2026-01-18T13:50:00,AIIMS_Nagpur,219.73,0.28,43,0
2026-01-18T13:55:00,AIIMS_Nagpur,217.05,0.2,32,0
2026-01-18T14:00:00,AIIMS_Nagpur,217.27,0.26,26,0
2026-01-18T14:05:00,GMC_Nagpur,215.57,0.25,27,0
2026-01-18T14:10:00,Wockhardt_Hospital,216.74,0.26,22,0
2026-01-18T14:15:00,AIIMS_Nagpur,215.92,0.26,33,0
2026-01-18T14:20:00,AIIMS_Nagpur,214.56,0.26,18,0
2026-01-18T14:25:00,Lata_Mangeshkar_Hospital,216.29,0.2,30,0
2026-01-18T14:30:00,Lata_Mangeshkar_Hospital,216.59,0.2,30,0
2026-01-18T14:35:00,AIIMS_Nagpur,215.39,0.25,17,0
2026-01-18T14:40:00,Mayo_Hospital,213.69,0.2,26,0
2026-01-18T14:45:00,GMC_Nagpur,213.88,0.15,22,0
2026-01-18T14:50:00,GMC_Nagpur,214.58,0.17,24,0
2026-01-18T14:55:00,Wockhardt_Hospital,213.63,0.15,14,0
2026-01-18T15:00:00,GMC_Nagpur,216.0,0.2,18,0
2026-01-18T15:05:00,GMC_Nagpur,217.14,0.17,10,0
2026-01-18T15:10:00,Lata_Mangeshkar_Hospital,216.07,0.18,17,0
2026-01-18T15:15:00,Wockhardt_Hospital,217.2,0.18,18,0
2026-01-18T15:20:00,AIIMS_Nagpur,217.13,0.15,21,0
2026-01-18T15:25:00,GMC_Nagpur,216.3,0.16,14,0
2026-01-18T15:30:00,Lata_Mangeshkar_Hospital,214.76,0.13,10,0
2026-01-18T15:35:00,Mayo_Hospital,215.95,0.14,10,0
2026-01-18T15:40:00,Lata_Mangeshkar_Hospital,217.65,0.06,10,0
2026-01-18T15:45:00,Mayo_Hospital,217.24,0.11,10,0
2026-01-18T15:50:00,Lata_Mangeshkar_Hospital,217.36,0.1,10,0
2026-01-18T15:55:00,Lata_Mangeshkar_Hospital,220.32,0.08,15,0
2026-01-18T16:00:00,Mayo_Hospital,219.61,0.06,10,0
2026-01-18T16:05:00,Lata_Mangeshkar_Hospital,221.28,0.02,10,0
2026-01-18T16:10:00,Mayo_Hospital,218.47,0.07,14,0
2026-01-18T16:15:00,Wockhardt_Hospital,222.48,0.08,18,0
2026-01-18T16:20:00,GMC_Nagpur,223.24,0.04,10,0
2026-01-18T16:25:00,AIIMS_Nagpur,220.76,0.06,10,0
2026-01-18T16:30:00,Lata_Mangeshkar_Hospital,220.26,0.0,10,0
2026-01-18T16:35:00,Wockhardt_Hospital,222.4,0.03,10,0
2026-01-18T16:40:00,Mayo_Hospital,221.4,0.0,17,0
2026-01-18T16:45:00,Wockhardt_Hospital,224.16,0.0,10,0
2026-01-18T16:50:00,Wockhardt_Hospital,225.2,0.0,21,0
2026-01-18T16:55:00,Wockhardt_Hospital,223.98,0.0,16,0
2026-01-18T17:00:00,Wockhardt_Hospital,224.02,0.0,16,0
2026-01-18T17:05:00,GMC_Nagpur,225.82,0.0,13,0
2026-01-18T17:10:00,GMC_Nagpur,226.27,0.0,10,0
2026-01-18T17:15:00,Wockhardt_Hospital,226.02,0.0,26,0
2026-01-18T17:20:00,Lata_Mangeshkar_Hospital,226.01,0.0,20,0
2026-01-18T17:25:00,Mayo_Hospital,224.52,0.0,14,0
2026-01-18T17:30:00,Mayo_Hospital,226.46,0.0,28,0
2026-01-18T17:35:00,Lata_Mangeshkar_Hospital,222.94,0.0,17,0
2026-01-18T17:40:00,AIIMS_Nagpur,224.67,0.0,29,0
2026-01-18T17:45:00,Mayo_Hospital,222.8,0.0,16,0
2026-01-18T17:50:00,Lata_Mangeshkar_Hospital,223.1,0.0,18,0
2026-01-18T17:55:00,GMC_Nagpur,224.76,0.0,28,0
2026-01-18T18:00:00,AIIMS_Nagpur,222.24,0.0,31,0
2026-01-18T18:05:00,Lata_Mangeshkar_Hospital,223.18,0.0,38,0
2026-01-18T18:10:00,Lata_Mangeshkar_Hospital,221.24,0.0,33,0
2026-01-18T18:15:00,Mayo_Hospital,221.56,0.0,35,0
2026-01-18T18:20:00,AIIMS_Nagpur,220.54,0.0,38,0
2026-01-18T18:25:00,Wockhardt_Hospital,223.24,0.0,40,0
2026-01-18T18:30:00,AIIMS_Nagpur,220.28,0.0,39,0
2026-01-18T18:35:00,Wockhardt_Hospital,219.78,0.0,31,0
2026-01-18T18:40:00,Wockhardt_Hospital,219.0,0.0,35,0
2026-01-18T18:45:00,Mayo_Hospital,220.54,0.0,42,0
2026-01-18T18:50:00,Wockhardt_Hospital,218.83,0.0,37,0
2026-01-18T18:55:00,Mayo_Hospital,218.55,0.0,39,0
2026-01-18T19:00:00,Wockhardt_Hospital,217.0,0.0,48,0
2026-01-18T19:05:00,Mayo_Hospital,217.16,0.0,51,0
2026-01-18T19:10:00,Mayo_Hospital,216.82,0.0,51,0
2026-01-18T19:15:00,Mayo_Hospital,218.11,0.0,57,0
2026-01-18T19:20:00,GMC_Nagpur,216.95,0.0,52,0
2026-01-18T19:25:00,Lata_Mangeshkar_Hospital,216.08,0.0,57,0
2026-01-18T19:30:00,GMC_Nagpur,215.52,0.0,51,0
2026-01-18T19:35:00,AIIMS_Nagpur,215.77,0.0,48,0
2026-01-18T19:40:00,Wockhardt_Hospital,216.4,0.0,61,0
2026-01-18T19:45:00,GMC_Nagpur,216.3,0.0,56,0
2026-01-18T19:50:00,AIIMS_Nagpur,215.44,0.0,51,0
2026-01-18T19:55:00,AIIMS_Nagpur,216.49,0.0,64,0
2026-01-18T20:00:00,Lata_Mangeshkar_Hospital,213.95,0.0,55,0
2026-01-18T20:05:00,GMC_Nagpur,214.46,0.0,59,0
2026-01-18T20:10:00,Mayo_Hospital,216.2,0.0,57,0
2026-01-18T20:15:00,Lata_Mangeshkar_Hospital,213.21,0.0,59,0
2026-01-18T20:20:00,Lata_Mangeshkar_Hospital,213.87,0.0,60,0
2026-01-18T20:25:00,Lata_Mangeshkar_Hospital,213.6,0.0,70,0
2026-01-18T20:30:00,AIIMS_Nagpur,216.31,0.0,73,0
2026-01-18T20:35:00,Wockhardt_Hospital,217.66,0.0,65,0
2026-01-18T20:40:00,Mayo_Hospital,217.27,0.0,68,0
2026-01-18T20:45:00,Wockhardt_Hospital,216.21,0.0,63,0
2026-01-18T20:50:00,Lata_Mangeshkar_Hospital,219.07,0.0,61,0
2026-01-18T20:55:00,Lata_Mangeshkar_Hospital,218.96,0.05,70,0
2026-01-18T21:00:00,GMC_Nagpur,218.04,0.03,75,0
2026-01-18T21:05:00,AIIMS_Nagpur,218.06,0.0,63,0
2026-01-18T21:10:00,GMC_Nagpur,219.67,0.05,67,0
2026-01-18T21:15:00,Mayo_Hospital,218.91,0.06,68,0
2026-01-18T21:20:00,Mayo_Hospital,218.51,0.02,75,0
2026-01-18T21:25:00,AIIMS_Nagpur,218.97,0.02,76,0
2026-01-18T21:30:00,AIIMS_Nagpur,222.41,0.07,78,0
2026-01-18T21:35:00,Wockhardt_Hospital,222.89,0.05,63,0
2026-01-18T21:40:00,GMC_Nagpur,223.68,0.07,68,0
2026-01-18T21:45:00,AIIMS_Nagpur,221.31,0.1,77,0
2026-01-18T21:50:00,Mayo_Hospital,221.21,0.12,61,0
2026-01-18T21:55:00,Mayo_Hospital,222.36,0.15,61,0
2026-01-18T22:00:00,GMC_Nagpur,173.88,0.97,67,1
2026-01-18T22:05:00,GMC_Nagpur,222.84,0.1,69,0
2026-01-18T22:10:00,Lata_Mangeshkar_Hospital,225.02,0.1,67,0
2026-01-18T22:15:00,Mayo_Hospital,225.66,0.15,64,0
2026-01-18T22:20:00,Wockhardt_Hospital,225.34,0.14,58,0
2026-01-18T22:25:00,Lata_Mangeshkar_Hospital,225.08,0.21,61,0
2026-01-18T22:30:00,Mayo_Hospital,223.98,0.15,65,0
2026-01-18T22:35:00,GMC_Nagpur,226.16,0.15,52,0
2026-01-18T22:40:00,GMC_Nagpur,226.47,0.2,60,0
2026-01-18T22:45:00,AIIMS_Nagpur,226.67,0.18,54,0
2026-01-18T22:50:00,Mayo_Hospital,226.02,0.25,53,0
2026-01-18T22:55:00,Wockhardt_Hospital,225.01,0.23,60,0
2026-01-18T23:00:00,Wockhardt_Hospital,222.95,0.21,57,0
2026-01-18T23:05:00,Mayo_Hospital,222.93,0.25,53,0
2026-01-18T23:10:00,AIIMS_Nagpur,222.86,0.24,63,0
2026-01-18T23:15:00,Mayo_Hospital,223.65,0.2,49,0
2026-01-18T23:20:00,Lata_Mangeshkar_Hospital,224.2,0.22,50,0
2026-01-18T23:25:00,Mayo_Hospital,222.08,0.2,57,0
2026-01-18T23:30:00,Mayo_Hospital,221.75,0.26,57,0
2026-01-18T23:35:00,GMC_Nagpur,223.96,0.21,55,0
2026-01-18T23:40:00,Wockhardt_Hospital,223.47,0.24,38,0
2026-01-18T23:45:00,AIIMS_Nagpur,221.17,0.28,36,0
2026-01-18T23:50:00,GMC_Nagpur,220.9,0.25,32,0
2026-01-18T23:55:00,Mayo_Hospital,219.71,0.21,34,0
2026-01-19T00:00:00,GMC_Nagpur,219.49,0.28,46,0
2026-01-19T00:05:00,Lata_Mangeshkar_Hospital,217.75,0.27,40,0
2026-01-19T00:10:00,AIIMS_Nagpur,219.57,0.24,33,0
2026-01-19T00:15:00,GMC_Nagpur,218.89,0.22,28,0
2026-01-19T00:20:00,AIIMS_Nagpur,219.8,0.23,28,0
2026-01-19T00:25:00,Wockhardt_Hospital,215.9,0.2,31,0
2026-01-19T00:30:00,GMC_Nagpur,215.75,0.27,39,0
2026-01-19T00:35:00,Lata_Mangeshkar_Hospital,217.82,0.19,37,0
2026-01-19T00:40:00,Wockhardt_Hospital,215.28,0.25,23,0
2026-01-19T00:45:00,Mayo_Hospital,214.75,0.26,19,0
2026-01-19T00:50:00,Mayo_Hospital,215.6,0.25,28,0
2026-01-19T00:55:00,Wockhardt_Hospital,216.69,0.18,22,0
2026-01-19T01:00:00,GMC_Nagpur,213.64,0.19,14,0
2026-01-19T01:05:00,Mayo_Hospital,217.13,0.2,26,0
2026-01-19T01:10:00,AIIMS_Nagpur,213.23,0.2,21,0
2026-01-19T01:15:00,Lata_Mangeshkar_Hospital,214.92,0.16,17,0
2026-01-19T01:20:00,Lata_Mangeshkar_Hospital,215.17,0.18,23,0
2026-01-19T01:25:00,AIIMS_Nagpur,213.16,0.16,18,0
2026-01-19T01:30:00,GMC_Nagpur,215.17,0.15,14,0
2026-01-19T01:35:00,AIIMS_Nagpur,215.35,0.13,19,0
2026-01-19T01:40:00,GMC_Nagpur,183.46,0.92,17,1
2026-01-19T01:45:00,Wockhardt_Hospital,216.22,0.14,19,0
2026-01-19T01:50:00,Wockhardt_Hospital,214.89,0.12,18,0
2026-01-19T01:55:00,Mayo_Hospital,217.41,0.15,21,0
2026-01-19T02:00:00,Wockhardt_Hospital,215.67,0.07,19,0
2026-01-19T02:05:00,Wockhardt_Hospital,217.99,0.12,10,0
2026-01-19T02:10:00,AIIMS_Nagpur,216.8,0.1,20,0
2026-01-19T02:15:00,Wockhardt_Hospital,217.02,0.07,10,0
2026-01-19T02:20:00,AIIMS_Nagpur,218.15,0.08,10,0
2026-01-19T02:25:00,Mayo_Hospital,219.23,0.06,10,0
2026-01-19T02:30:00,Lata_Mangeshkar_Hospital,221.38,0.08,10,0
2026-01-19T02:35:00,Lata_Mangeshkar_Hospital,221.7,0.07,10,0
2026-01-19T02:40:00,Wockhardt_Hospital,218.99,0.08,10,0
2026-01-19T02:45:00,GMC_Nagpur,219.26,0.0,10,0
2026-01-19T02:50:00,Wockhardt_Hospital,220.75,0.0,12,0
2026-01-19T02:55:00,AIIMS_Nagpur,222.98,0.04,12,0
2026-01-19T03:00:00,Lata_Mangeshkar_Hospital,220.93,0.05,10,0
2026-01-19T03:05:00,Lata_Mangeshkar_Hospital,224.35,0.0,10,0
2026-01-19T03:10:00,Lata_Mangeshkar_Hospital,221.97,0.0,12,0
2026-01-19T03:15:00,GMC_Nagpur,223.47,0.01,12,0
2026-01-19T03:20:00,Lata_Mangeshkar_Hospital,224.82,0.0,16,0
2026-01-19T03:25:00,Mayo_Hospital,226.18,0.0,16,0
2026-01-19T03:30:00,Mayo_Hospital,224.8,0.0,10,0
2026-01-19T03:35:00,Mayo_Hospital,226.59,0.0,10,0
2026-01-19T03:40:00,Wockhardt_Hospital,225.0,0.0,15,0
2026-01-19T03:45:00,Lata_Mangeshkar_Hospital,225.54,0.0,10,0
2026-01-19T03:50:00,Lata_Mangeshkar_Hospital,224.92,0.0,12,0
2026-01-19T03:55:00,GMC_Nagpur,224.12,0.0,20,0
2026-01-19T04:00:00,AIIMS_Nagpur,223.62,0.0,10,0
2026-01-19T04:05:00,Mayo_Hospital,225.6,0.0,11,0
2026-01-19T04:10:00,Mayo_Hospital,223.1,0.0,22,0
2026-01-19T04:15:00,AIIMS_Nagpur,222.91,0.0,19,0
2026-01-19T04:20:00,GMC_Nagpur,225.64,0.0,23,0
2026-01-19T04:25:00,AIIMS_Nagpur,223.63,0.0,27,0
2026-01-19T04:30:00,Wockhardt_Hospital,224.05,0.0,29,0
2026-01-19T04:35:00,AIIMS_Nagpur,223.99,0.0,36,0
2026-01-19T04:40:00,AIIMS_Nagpur,223.5,0.0,24,0
2026-01-19T04:45:00,Lata_Mangeshkar_Hospital,223.98,0.0,28,0
2026-01-19T04:50:00,Mayo_Hospital,223.82,0.0,38,0
2026-01-19T04:55:00,GMC_Nagpur,222.84,0.0,27,0
2026-01-19T05:00:00,GMC_Nagpur,222.86,0.0,43,0
2026-01-19T05:05:00,Wockhardt_Hospital,220.66,0.0,27,0
2026-01-19T05:10:00,Wockhardt_Hospital,221.24,0.0,37,0
2026-01-19T05:15:00,AIIMS_Nagpur,218.51,0.0,35,0
2026-01-19T05:20:00,Mayo_Hospital,221.15,0.0,40,0
2026-01-19T05:25:00,AIIMS_Nagpur,220.46,0.0,39,0
2026-01-19T05:30:00,Mayo_Hospital,218.9,0.0,37,0
2026-01-19T05:35:00,Lata_Mangeshkar_Hospital,216.98,0.0,55,0
2026-01-19T05:40:00,Mayo_Hospital,216.2,0.0,50,0
2026-01-19T05:45:00,GMC_Nagpur,217.58,0.0,48,0
2026-01-19T05:50:00,Mayo_Hospital,215.83,0.0,44,0
2026-01-19T05:55:00,AIIMS_Nagpur,173.19,0.83,44,1
2026-01-19T06:00:00,AIIMS_Nagpur,214.74,0.0,59,0
2026-01-19T06:05:00,Wockhardt_Hospital,213.83,0.0,53,0
2026-01-19T06:10:00,Lata_Mangeshkar_Hospital,216.05,0.0,58,0
2026-01-19T06:15:00,GMC_Nagpur,217.17,0.0,67,0
2026-01-19T06:20:00,Wockhardt_Hospital,215.99,0.0,56,0
2026-01-19T06:25:00,GMC_Nagpur,214.69,0.0,54,0
2026-01-19T06:30:00,Mayo_Hospital,216.2,0.0,58,0
2026-01-19T06:35:00,Mayo_Hospital,216.99,0.0,70,0
2026-01-19T06:40:00,Wockhardt_Hospital,216.01,0.0,64,0
2026-01-19T06:45:00,Mayo_Hospital,213.47,0.0,62,0
2026-01-19T06:50:00,AIIMS_Nagpur,213.63,0.0,57,0
2026-01-19T06:55:00,Lata_Mangeshkar_Hospital,214.37,0.0,61,0
2026-01-19T07:00:00,AIIMS_Nagpur,215.05,0.0,67,0
2026-01-19T07:05:00,AIIMS_Nagpur,214.94,0.0,67,0
2026-01-19T07:10:00,Wockhardt_Hospital,217.41,0.0,61,0
2026-01-19T07:15:00,GMC_Nagpur,216.2,0.0,75,0
2026-01-19T07:20:00,Lata_Mangeshkar_Hospital,216.42,0.01,77,0
2026-01-19T07:25:00,AIIMS_Nagpur,217.81,0.0,76,0
2026-01-19T07:30:00,Mayo_Hospital,219.1,0.0,61,0
2026-01-19T07:35:00,GMC_Nagpur,219.67,0.05,60,0
2026-01-19T07:40:00,Mayo_Hospital,218.24,0.05,65,0
2026-01-19T07:45:00,Mayo_Hospital,218.93,0.0,79,0
2026-01-19T07:50:00,Mayo_Hospital,219.29,0.07,78,0
2026-01-19T07:55:00,Mayo_Hospital,221.5,0.11,66,0
2026-01-19T08:00:00,Wockhardt_Hospital,220.2,0.08,67,0
2026-01-19T08:05:00,GMC_Nagpur,221.38,0.07,70,0
2026-01-19T08:10:00,Mayo_Hospital,223.68,0.04,66,0
2026-01-19T08:15:00,GMC_Nagpur,221.79,0.08,60,0
2026-01-19T08:20:00,Mayo_Hospital,224.23,0.08,59,0
2026-01-19T08:25:00,GMC_Nagpur,222.18,0.13,77,0
2026-01-19T08:30:00,Wockhardt_Hospital,223.07,0.11,71,0
2026-01-19T08:35:00,GMC_Nagpur,223.38,0.14,67,0
2026-01-19T08:40:00,GMC_Nagpur,223.16,0.16,72,0
2026-01-19T08:45:00,AIIMS_Nagpur,222.64,0.21,58,0
2026-01-19T08:50:00,Lata_Mangeshkar_Hospital,226.53,0.17,57,0
2026-01-19T08:55:00,AIIMS_Nagpur,224.7,0.19,73,0
2026-01-19T09:00:00,Wockhardt_Hospital,225.42,0.2,63,0
2026-01-19T09:05:00,GMC_Nagpur,223.66,0.14,70,0
2026-01-19T09:10:00,Mayo_Hospital,226.3,0.2,57,0
2026-01-19T09:15:00,Lata_Mangeshkar_Hospital,223.78,0.18,56,0
2026-01-19T09:20:00,Wockhardt_Hospital,224.92,0.2,67,0
2026-01-19T09:25:00,Wockhardt_Hospital,226.38,0.23,59,0
2026-01-19T09:30:00,GMC_Nagpur,226.36,0.18,60,0
2026-01-19T09:35:00,Wockhardt_Hospital,224.22,0.2,62,0
2026-01-19T09:40:00,Mayo_Hospital,222.41,0.19,52,0
2026-01-19T09:45:00,Lata_Mangeshkar_Hospital,222.56,0.26,43,0
2026-01-19T09:50:00,Mayo_Hospital,222.78,0.2,46,0
2026-01-19T09:55:00,AIIMS_Nagpur,224.5,0.24,56,0
2026-01-19T10:00:00,Lata_Mangeshkar_Hospital,221.09,0.29,49,0
2026-01-19T10:05:00,Lata_Mangeshkar_Hospital,220.25,0.28,51,0
2026-01-19T10:10:00,Lata_Mangeshkar_Hospital,221.31,0.24,37,0
2026-01-19T10:15:00,Lata_Mangeshkar_Hospital,219.33,0.28,35,0
2026-01-19T10:20:00,Wockhardt_Hospital,219.39,0.29,38,0
2026-01-19T10:25:00,Lata_Mangeshkar_Hospital,221.97,0.26,41,0
2026-01-19T10:30:00,GMC_Nagpur,221.42,0.2,45,0
2026-01-19T10:35:00,GMC_Nagpur,220.43,0.25,39,0
2026-01-19T10:40:00,Mayo_Hospital,217.01,0.22,36,0
2026-01-19T10:45:00,AIIMS_Nagpur,216.67,0.29,25,0
2026-01-19T10:50:00,Lata_Mangeshkar_Hospital,219.68,0.25,27,0
2026-01-19T10:55:00,Mayo_Hospital,216.01,0.21,34,0
2026-01-19T11:00:00,GMC_Nagpur,215.94,0.22,38,0
2026-01-19T11:05:00,Wockhardt_Hospital,196.26,1.15,24,1
2026-01-19T11:10:00,Mayo_Hospital,216.91,0.28,19,0
2026-01-19T11:15:00,Mayo_Hospital,194.81,0.8,23,1
2026-01-19T11:20:00,GMC_Nagpur,215.82,0.25,24,0
2026-01-19T11:25:00,Mayo_Hospital,215.41,0.24,18,0
2026-01-19T11:30:00,GMC_Nagpur,216.05,0.25,22,0
2026-01-19T11:35:00,GMC_Nagpur,213.98,0.18,18,0
2026-01-19T11:40:00,AIIMS_Nagpur,216.17,0.21,22,0
2026-01-19T11:45:00,Lata_Mangeshkar_Hospital,215.01,0.21,11,0
2026-01-19T11:50:00,AIIMS_Nagpur,216.81,0.19,16,0
2026-01-19T11:55:00,Mayo_Hospital,215.0,0.2,15,0
2026-01-19T12:00:00,AIIMS_Nagpur,215.01,0.2,13,0
2026-01-19T12:05:00,AIIMS_Nagpur,213.49,0.12,16,0
2026-01-19T12:10:00,Lata_Mangeshkar_Hospital,216.16,0.2,10,0
2026-01-19T12:15:00,Mayo_Hospital,214.66,0.12,16,0
2026-01-19T12:20:00,Wockhardt_Hospital,217.97,0.1,21,0
2026-01-19T12:25:00,Mayo_Hospital,218.32,0.15,16,0
2026-01-19T12:30:00,GMC_Nagpur,216.44,0.14,10,0
2026-01-19T12:35:00,Lata_Mangeshkar_Hospital,219.26,0.15,15,0
2026-01-19T12:40:00,Lata_Mangeshkar_Hospital,215.98,0.07,18,0
2026-01-19T12:45:00,Wockhardt_Hospital,219.98,0.1,13,0
2026-01-19T12:50:00,Mayo_Hospital,218.39,0.11,10,0
2026-01-19T12:55:00,GMC_Nagpur,219.06,0.08,10,0
2026-01-19T13:00:00,AIIMS_Nagpur,218.92,0.09,10,0
2026-01-19T13:05:00,AIIMS_Nagpur,218.7,0.07,19,0
2026-01-19T13:10:00,Mayo_Hospital,220.51,0.01,17,0
2026-01-19T13:15:00,AIIMS_Nagpur,222.43,0.0,11,0
2026-01-19T13:20:00,Mayo_Hospital,220.86,0.04,15,0
2026-01-19T13:25:00,Wockhardt_Hospital,223.91,0.02,13,0
2026-01-19T13:30:00,AIIMS_Nagpur,221.1,0.03,10,0
2026-01-19T13:35:00,Lata_Mangeshkar_Hospital,222.19,0.0,10,0
2026-01-19T13:40:00,GMC_Nagpur,221.83,0.0,21,0
2026-01-19T13:45:00,Mayo_Hospital,224.3,0.0,10,0
2026-01-19T13:50:00,Lata_Mangeshkar_Hospital,224.98,0.0,10,0
2026-01-19T13:55:00,AIIMS_Nagpur,224.44,0.0,12,0
2026-01-19T14:00:00,AIIMS_Nagpur,224.07,0.0,23,0
2026-01-19T14:05:00,AIIMS_Nagpur,225.52,0.0,19,0
2026-01-19T14:10:00,GMC_Nagpur,203.78,0.83,23,1
2026-01-19T14:15:00,GMC_Nagpur,226.21,0.0,17,0
2026-01-19T14:20:00,Lata_Mangeshkar_Hospital,226.66,0.0,23,0
2026-01-19T14:25:00,Lata_Mangeshkar_Hospital,226.18,0.0,15,0
2026-01-19T14:30:00,GMC_Nagpur,224.63,0.0,21,0
2026-01-19T14:35:00,Wockhardt_Hospital,223.27,0.0,26,0
2026-01-19T14:40:00,Wockhardt_Hospital,225.47,0.0,14,0
2026-01-19T14:45:00,Mayo_Hospital,223.55,0.0,30,0
2026-01-19T14:50:00,Mayo_Hospital,225.6,0.0,31,0
2026-01-19T14:55:00,Lata_Mangeshkar_Hospital,223.1,0.0,28,0
2026-01-19T15:00:00,Mayo_Hospital,224.1,0.0,20,0
2026-01-19T15:05:00,GMC_Nagpur,195.69,0.85,25,1
2026-01-19T15:10:00,Mayo_Hospital,223.04,0.0,29,0
2026-01-19T15:15:00,Mayo_Hospital,220.95,0.0,27,0
2026-01-19T15:20:00,Wockhardt_Hospital,220.18,0.0,29,0
2026-01-19T15:25:00,AIIMS_Nagpur,221.95,0.0,29,0
2026-01-19T15:30:00,Wockhardt_Hospital,219.56,0.0,42,0
2026-01-19T15:35:00,Mayo_Hospital,219.94,0.0,32,0
2026-01-19T15:40:00,Wockhardt_Hospital,221.6,0.0,30,0
2026-01-19T15:45:00,Mayo_Hospital,219.45,0.0,35,0
2026-01-19T15:50:00,Mayo_Hospital,218.81,0.0,47,0
2026-01-19T15:55:00,GMC_Nagpur,219.54,0.0,35,0
2026-01-19T16:00:00,Lata_Mangeshkar_Hospital,217.75,0.0,40,0
2026-01-19T16:05:00,AIIMS_Nagpur,216.8,0.0,43,0
2026-01-19T16:10:00,Wockhardt_Hospital,186.54,0.82,40,1
2026-01-19T16:15:00,Lata_Mangeshkar_Hospital,216.08,0.0,48,0
2026-01-19T16:20:00,Mayo_Hospital,217.21,0.0,42,0
2026-01-19T16:25:00,GMC_Nagpur,215.89,0.0,46,0
2026-01-19T16:30:00,GMC_Nagpur,214.69,0.0,49,0
2026-01-19T16:35:00,AIIMS_Nagpur,216.5,0.0,62,0
2026-01-19T16:40:00,AIIMS_Nagpur,214.49,0.0,65,0
2026-01-19T16:45:00,GMC_Nagpur,216.91,0.0,65,0
2026-01-19T16:50:00,Mayo_Hospital,215.34,0.0,61,0
2026-01-19T16:55:00,Wockhardt_Hospital,215.98,0.0,59,0
2026-01-19T17:00:00,GMC_Nagpur,215.95,0.0,55,0
2026-01-19T17:05:00,GMC_Nagpur,214.22,0.0,62,0
2026-01-19T17:10:00,Wockhardt_Hospital,216.64,0.0,69,0
2026-01-19T17:15:00,Lata_Mangeshkar_Hospital,213.67,0.0,66,0
2026-01-19T17:20:00,Wockhardt_Hospital,213.96,0.0,72,0
2026-01-19T17:25:00,Lata_Mangeshkar_Hospital,214.5,0.0,69,0
2026-01-19T17:30:00,Lata_Mangeshkar_Hospital,216.94,0.0,66,0
2026-01-19T17:35:00,Mayo_Hospital,214.56,0.0,73,0
2026-01-19T17:40:00,Lata_Mangeshkar_Hospital,216.91,0.0,58,0
2026-01-19T17:45:00,Wockhardt_Hospital,218.7,0.0,59,0
2026-01-19T17:50:00,AIIMS_Nagpur,219.25,0.0,70,0
2026-01-19T17:55:00,Mayo_Hospital,217.59,0.04,65,0
2026-01-19T18:00:00,AIIMS_Nagpur,219.31,0.0,66,0
2026-01-19T18:05:00,AIIMS_Nagpur,220.5,0.0,78,0
2026-01-19T18:10:00,AIIMS_Nagpur,218.32,0.03,69,0
2026-01-19T18:15:00,GMC_Nagpur,189.29,0.88,76,1
2026-01-19T18:20:00,GMC_Nagpur,221.48,0.05,75,0
2026-01-19T18:25:00,Lata_Mangeshkar_Hospital,219.18,0.07,69,0
2026-01-19T18:30:00,Mayo_Hospital,220.57,0.1,67,0
2026-01-19T18:35:00,GMC_Nagpur,219.8,0.07,74,0
2026-01-19T18:40:00,GMC_Nagpur,223.21,0.1,71,0
2026-01-19T18:45:00,AIIMS_Nagpur,222.62,0.09,65,0
2026-01-19T18:50:00,Mayo_Hospital,221.24,0.11,58,0
2026-01-19T18:55:00,Lata_Mangeshkar_Hospital,223.03,0.11,73,0
2026-01-19T19:00:00,Lata_Mangeshkar_Hospital,224.26,0.18,66,0
2026-01-19T19:05:00,Wockhardt_Hospital,223.38,0.09,60,0
2026-01-19T19:10:00,AIIMS_Nagpur,225.82,0.2,70,0
2026-01-19T19:15:00,Mayo_Hospital,225.0,0.13,67,0
2026-01-19T19:20:00,Lata_Mangeshkar_Hospital,225.29,0.15,58,0
2026-01-19T19:25:00,AIIMS_Nagpur,224.05,0.22,64,0
2026-01-19T19:30:00,AIIMS_Nagpur,223.17,0.21,52,0
2026-01-19T19:35:00,Mayo_Hospital,223.25,0.16,59,0
2026-01-19T19:40:00,GMC_Nagpur,224.8,0.2,68,0
2026-01-19T19:45:00,Wockhardt_Hospital,226.53,0.24,59,0
2026-01-19T19:50:00,AIIMS_Nagpur,226.24,0.17,49,0
2026-01-19T19:55:00,Lata_Mangeshkar_Hospital,224.1,0.24,63,0
2026-01-19T20:00:00,GMC_Nagpur,177.52,0.99,50,1
2026-01-19T20:05:00,GMC_Nagpur,223.22,0.23,63,0
2026-01-19T20:10:00,AIIMS_Nagpur,223.26,0.19,59,0
2026-01-19T20:15:00,Mayo_Hospital,221.88,0.26,60,0
2026-01-19T20:20:00,GMC_Nagpur,224.55,0.28,45,0
2026-01-19T20:25:00,GMC_Nagpur,220.84,0.23,52,0
2026-01-19T20:30:00,Wockhardt_Hospital,222.92,0.28,52,0
2026-01-19T20:35:00,GMC_Nagpur,220.44,0.28,47,0
2026-01-19T20:40:00,Wockhardt_Hospital,220.42,0.29,49,0
2026-01-19T20:45:00,Wockhardt_Hospital,221.0,0.25,42,0
2026-01-19T20:50:00,AIIMS_Nagpur,220.31,0.3,39,0
2026-01-19T20:55:00,Lata_Mangeshkar_Hospital,218.4,0.29,41,0
2026-01-19T21:00:00,Lata_Mangeshkar_Hospital,218.59,0.3,29,0
2026-01-19T21:05:00,Mayo_Hospital,219.26,0.24,35,0
2026-01-19T21:10:00,GMC_Nagpur,216.93,0.24,27,0
2026-01-19T21:15:00,Lata_Mangeshkar_Hospital,216.08,0.24,26,0
2026-01-19T21:20:00,Mayo_Hospital,219.16,0.24,31,0
2026-01-19T21:25:00,Mayo_Hospital,217.51,0.27,41,0
2026-01-19T21:30:00,AIIMS_Nagpur,217.93,0.19,39,0
2026-01-19T21:35:00,Mayo_Hospital,215.12,0.25,34,0
2026-01-19T21:40:00,Mayo_Hospital,216.77,0.18,33,0
2026-01-19T21:45:00,AIIMS_Nagpur,214.81,0.27,26,0
2026-01-19T21:50:00,Mayo_Hospital,215.24,0.2,25,0
2026-01-19T21:55:00,Lata_Mangeshkar_Hospital,215.87,0.23,23,0
2026-01-19T22:00:00,GMC_Nagpur,215.71,0.19,29,0
2026-01-19T22:05:00,GMC_Nagpur,214.46,0.24,14,0
2026-01-19T22:10:00,GMC_Nagpur,214.33,0.22,25,0
2026-01-19T22:15:00,Mayo_Hospital,214.93,0.19,14,0
2026-01-19T22:20:00,AIIMS_Nagpur,216.42,0.15,10,0
2026-01-19T22:25:00,Lata_Mangeshkar_Hospital,214.47,0.19,23,0
2026-01-19T22:30:00,AIIMS_Nagpur,216.52,0.13,16,0
2026-01-19T22:35:00,Mayo_Hospital,217.3,0.21,11,0
2026-01-19T22:40:00,Mayo_Hospital,216.17,0.18,18,0
2026-01-19T22:45:00,AIIMS_Nagpur,215.26,0.17,11,0
2026-01-19T22:50:00,Mayo_Hospital,216.32,0.17,10,0
2026-01-19T22:55:00,Lata_Mangeshkar_Hospital,216.33,0.08,10,0
2026-01-19T23:00:00,Mayo_Hospital,216.09,0.12,11,0
2026-01-19T23:05:00,Mayo_Hospital,216.84,0.08,10,0
2026-01-19T23:10:00,Wockhardt_Hospital,216.02,0.13,17,0
2026-01-19T23:15:00,Wockhardt_Hospital,217.53,0.08,10,0
2026-01-19T23:20:00,GMC_Nagpur,217.3,0.1,10,0
2026-01-19T23:25:00,Wockhardt_Hospital,219.4,0.01,17,0
2026-01-19T23:30:00,Wockhardt_Hospital,218.51,0.05,10,0
2026-01-19T23:35:00,Wockhardt_Hospital,219.24,0.07,10,0
2026-01-19T23:40:00,Mayo_Hospital,222.49,0.06,10,0
2026-01-19T23:45:00,AIIMS_Nagpur,220.04,0.0,11,0
2026-01-19T23:50:00,GMC_Nagpur,223.61,0.02,19,0
2026-01-19T23:55:00,AIIMS_Nagpur,220.67,0.05,10,0
2026-01-20T00:00:00,Mayo_Hospital,224.09,0.0,13,0
2026-01-20T00:05:00,Mayo_Hospital,222.25,0.0,21,0
2026-01-20T00:10:00,AIIMS_Nagpur,224.22,0.0,13,0
2026-01-20T00:15:00,Lata_Mangeshkar_Hospital,225.31,0.0,13,0
2026-01-20T00:20:00,GMC_Nagpur,222.27,0.0,10,0
2026-01-20T00:25:00,Wockhardt_Hospital,224.04,0.0,24,0
2026-01-20T00:30:00,Lata_Mangeshkar_Hospital,224.76,0.0,16,0
2026-01-20T00:35:00,Mayo_Hospital,226.37,0.0,10,0
2026-01-20T00:40:00,AIIMS_Nagpur,223.7,0.0,13,0
2026-01-20T00:45:00,AIIMS_Nagpur,225.25,0.0,15,0
2026-01-20T00:50:00,Mayo_Hospital,226.66,0.0,18,0
2026-01-20T00:55:00,Wockhardt_Hospital,225.08,0.0,20,0
2026-01-20T01:00:00,Wockhardt_Hospital,223.69,0.0,18,0
2026-01-20T01:05:00,Wockhardt_Hospital,223.24,0.0,18,0
2026-01-20T01:10:00,GMC_Nagpur,224.09,0.0,31,0
2026-01-20T01:15:00,GMC_Nagpur,222.63,0.0,22,0
2026-01-20T01:20:00,Mayo_Hospital,224.25,0.0,31,0
2026-01-20T01:25:00,Lata_Mangeshkar_Hospital,225.45,0.0,28,0
2026-01-20T01:30:00,Wockhardt_Hospital,222.2,0.0,31,0
2026-01-20T01:35:00,Mayo_Hospital,223.98,0.0,26,0
2026-01-20T01:40:00,Lata_Mangeshkar_Hospital,222.2,0.0,35,0
2026-01-20T01:45:00,Lata_Mangeshkar_Hospital,221.66,0.0,41,0
2026-01-20T01:50:00,Mayo_Hospital,220.48,0.0,27,0
2026-01-20T01:55:00,Wockhardt_Hospital,221.15,0.0,35,0
2026-01-20T02:00:00,GMC_Nagpur,219.28,0.0,38,0
2026-01-20T02:05:00,Lata_Mangeshkar_Hospital,220.52,0.0,44,0
2026-01-20T02:10:00,AIIMS_Nagpur,221.24,0.0,35,0
2026-01-20T02:15:00,Lata_Mangeshkar_Hospital,217.77,0.0,45,0
2026-01-20T02:20:00,GMC_Nagpur,218.05,0.0,38,0
2026-01-20T02:25:00,Lata_Mangeshkar_Hospital,219.76,0.0,47,0
2026-01-20T02:30:00,Mayo_Hospital,219.92,0.0,40,0
2026-01-20T02:35:00,Wockhardt_Hospital,217.95,0.0,49,0
2026-01-20T02:40:00,GMC_Nagpur,215.9,0.0,43,0
2026-01-20T02:45:00,Mayo_Hospital,217.98,0.0,43,0
2026-01-20T02:50:00,Wockhardt_Hospital,216.0,0.0,53,0
2026-01-20T02:55:00,Mayo_Hospital,181.63,0.82,49,1
2026-01-20T03:00:00,Wockhardt_Hospital,214.01,0.0,50,0
2026-01-20T03:05:00,Wockhardt_Hospital,216.14,0.0,46,0
2026-01-20T03:10:00,Wockhardt_Hospital,213.55,0.0,51,0
2026-01-20T03:15:00,Lata_Mangeshkar_Hospital,216.52,0.0,57,0
2026-01-20T03:20:00,GMC_Nagpur,214.74,0.0,67,0
2026-01-20T03:25:00,GMC_Nagpur,213.9,0.0,59,0
2026-01-20T03:30:00,AIIMS_Nagpur,216.16,0.0,66,0
2026-01-20T03:35:00,AIIMS_Nagpur,213.9,0.0,55,0
2026-01-20T03:40:00,Wockhardt_Hospital,213.68,0.0,57,0
2026-01-20T03:45:00,AIIMS_Nagpur,216.05,0.0,56,0
2026-01-20T03:50:00,Wockhardt_Hospital,216.17,0.0,62,0
2026-01-20T03:55:00,Mayo_Hospital,215.22,0.0,57,0
2026-01-20T04:00:00,Wockhardt_Hospital,214.84,0.0,58,0
2026-01-20T04:05:00,GMC_Nagpur,214.43,0.0,57,0
2026-01-20T04:10:00,Lata_Mangeshkar_Hospital,215.95,0.0,66,0
2026-01-20T04:15:00,AIIMS_Nagpur,218.01,0.03,74,0
2026-01-20T04:20:00,Wockhardt_Hospital,218.24,0.02,75,0
2026-01-20T04:25:00,Wockhardt_Hospital,219.59,0.0,63,0
2026-01-20T04:30:00,AIIMS_Nagpur,216.53,0.0,74,0
2026-01-20T04:35:00,GMC_Nagpur,217.44,0.01,67,0
2026-01-20T04:40:00,AIIMS_Nagpur,220.84,0.09,79,0
2026-01-20T04:45:00,GMC_Nagpur,221.46,0.07,60,0
2026-01-20T04:50:00,AIIMS_Nagpur,221.97,0.02,79,0
2026-01-20T04:55:00,GMC_Nagpur,221.88,0.06,78,0
2026-01-20T05:00:00,Mayo_Hospital,222.39,0.1,69,0
2026-01-20T05:05:00,Lata_Mangeshkar_Hospital,220.38,0.05,71,0
2026-01-20T05:10:00,GMC_Nagpur,223.1,0.08,71,0
2026-01-20T05:15:00,Wockhardt_Hospital,221.84,0.11,73,0
2026-01-20T05:20:00,Wockhardt_Hospital,221.24,0.13,67,0
2026-01-20T05:25:00,Lata_Mangeshkar_Hospital,224.91,0.11,68,0
2026-01-20T05:30:00,AIIMS_Nagpur,223.57,0.1,60,0
2026-01-20T05:35:00,Wockhardt_Hospital,222.87,0.12,61,0
2026-01-20T05:40:00,Wockhardt_Hospital,225.65,0.16,67,0
2026-01-20T05:45:00,GMC_Nagpur,222.94,0.17,55,0
2026-01-20T05:50:00,Wockhardt_Hospital,223.15,0.18,66,0
2026-01-20T05:55:00,Mayo_Hospital,224.67,0.21,72,0
2026-01-20T06:00:00,AIIMS_Nagpur,226.9,0.19,68,0
2026-01-20T06:05:00,AIIMS_Nagpur,224.03,0.18,63,0
2026-01-20T06:10:00,Mayo_Hospital,224.01,0.23,56,0
2026-01-20T06:15:00,GMC_Nagpur,222.95,0.16,55,0
2026-01-20T06:20:00,Wockhardt_Hospital,223.31,0.17,59,0
2026-01-20T06:25:00,Mayo_Hospital,222.75,0.19,63,0
2026-01-20T06:30:00,Mayo_Hospital,223.89,0.18,56,0
2026-01-20T06:35:00,Mayo_Hospital,226.01,0.25,51,0
2026-01-20T06:40:00,Wockhardt_Hospital,223.06,0.21,46,0
2026-01-20T06:45:00,Wockhardt_Hospital,225.41,0.24,42,0
2026-01-20T06:50:00,GMC_Nagpur,224.08,0.22,44,0
2026-01-20T06:55:00,GMC_Nagpur,220.89,0.19,42,0
2026-01-20T07:00:00,AIIMS_Nagpur,221.82,0.26,44,0
2026-01-20T07:05:00,Mayo_Hospital,222.91,0.21,46,0
2026-01-20T07:10:00,Mayo_Hospital,222.61,0.23,35,0
2026-01-20T07:15:00,GMC_Nagpur,220.58,0.21,33,0
2026-01-20T07:20:00,Mayo_Hospital,220.29,0.2,44,0
2026-01-20T07:25:00,Lata_Mangeshkar_Hospital,220.04,0.27,46,0
2026-01-20T07:30:00,Wockhardt_Hospital,217.56,0.22,46,0
2026-01-20T07:35:00,GMC_Nagpur,219.37,0.23,33,0
2026-01-20T07:40:00,AIIMS_Nagpur,217.04,0.21,31,0
2026-01-20T07:45:00,Lata_Mangeshkar_Hospital,216.11,0.25,37,0
2026-01-20T07:50:00,AIIMS_Nagpur,217.51,0.28,23,0
2026-01-20T07:55:00,Wockhardt_Hospital,216.92,0.2,33,0
2026-01-20T08:00:00,AIIMS_Nagpur,217.34,0.21,28,0
2026-01-20T08:05:00,GMC_Nagpur,216.19,0.25,21,0
2026-01-20T08:10:00,GMC_Nagpur,217.37,0.21,23,0
2026-01-20T08:15:00,Wockhardt_Hospital,213.76,0.21,21,0
2026-01-20T08:20:00,Wockhardt_Hospital,216.99,0.26,28,0
2026-01-20T08:25:00,Wockhardt_Hospital,215.38,0.24,14,0
2026-01-20T08:30:00,Mayo_Hospital,215.32,0.16,12,0
2026-01-20T08:35:00,AIIMS_Nagpur,215.34,0.16,16,0
2026-01-20T08:40:00,Wockhardt_Hospital,213.47,0.16,18,0
2026-01-20T08:45:00,AIIMS_Nagpur,216.17,0.21,17,0
2026-01-20T08:50:00,Lata_Mangeshkar_Hospital,213.18,0.19,24,0
2026-01-20T08:55:00,Wockhardt_Hospital,216.13,0.13,14,0
2026-01-20T09:00:00,AIIMS_Nagpur,216.2,0.18,20,0
2026-01-20T09:05:00,AIIMS_Nagpur,215.9,0.15,10,0
2026-01-20T09:10:00,Lata_Mangeshkar_Hospital,216.47,0.18,17,0
2026-01-20T09:15:00,Mayo_Hospital,216.12,0.11,11,0
2026-01-20T09:20:00,Wockhardt_Hospital,216.29,0.17,10,0
2026-01-20T09:25:00,Mayo_Hospital,218.04,0.16,10,0
2026-01-20T09:30:00,Mayo_Hospital,217.04,0.1,10,0
2026-01-20T09:35:00,Lata_Mangeshkar_Hospital,216.77,0.11,10,0
2026-01-20T09:40:00,GMC_Nagpur,218.25,0.08,10,0
2026-01-20T09:45:00,Wockhardt_Hospital,218.93,0.04,10,0
2026-01-20T09:50:00,AIIMS_Nagpur,217.07,0.08,18,0
2026-01-20T09:55:00,Lata_Mangeshkar_Hospital,219.5,0.06,19,0
2026-01-20T10:00:00,Lata_Mangeshkar_Hospital,218.3,0.06,12,0
2026-01-20T10:05:00,AIIMS_Nagpur,220.01,0.02,10,0
2026-01-20T10:10:00,GMC_Nagpur,221.61,0.05,16,0
2026-01-20T10:15:00,GMC_Nagpur,223.25,0.07,11,0
2026-01-20T10:20:00,Wockhardt_Hospital,220.0,0.0,15,0
2026-01-20T10:25:00,AIIMS_Nagpur,220.4,0.0,10,0
2026-01-20T10:30:00,Mayo_Hospital,223.16,0.0,10,0
2026-01-20T10:35:00,Lata_Mangeshkar_Hospital,224.2,0.0,10,0
2026-01-20T10:40:00,Lata_Mangeshkar_Hospital,223.95,0.0,10,0
2026-01-20T10:45:00,Lata_Mangeshkar_Hospital,224.63,0.0,18,0
2026-01-20T10:50:00,Mayo_Hospital,224.65,0.0,20,0
2026-01-20T10:55:00,Lata_Mangeshkar_Hospital,226.13,0.0,20,0
2026-01-20T11:00:00,GMC_Nagpur,224.88,0.0,13,0
2026-01-20T11:05:00,Wockhardt_Hospital,223.52,0.0,21,0
2026-01-20T11:10:00,Mayo_Hospital,225.31,0.0,26,0
2026-01-20T11:15:00,GMC_Nagpur,226.69,0.0,10,0
2026-01-20T11:20:00,GMC_Nagpur,226.34,0.0,10,0
2026-01-20T11:25:00,Wockhardt_Hospital,223.2,0.0,27,0
2026-01-20T11:30:00,Mayo_Hospital,226.68,0.0,20,0
2026-01-20T11:35:00,Mayo_Hospital,225.1,0.0,21,0
2026-01-20T11:40:00,GMC_Nagpur,223.97,0.0,16,0
2026-01-20T11:45:00,Lata_Mangeshkar_Hospital,223.16,0.0,26,0
2026-01-20T11:50:00,Lata_Mangeshkar_Hospital,224.04,0.0,25,0
2026-01-20T11:55:00,AIIMS_Nagpur,223.63,0.0,23,0
2026-01-20T12:00:00,Mayo_Hospital,225.05,0.0,34,0
2026-01-20T12:05:00,Mayo_Hospital,224.01,0.0,38,0
2026-01-20T12:10:00,AIIMS_Nagpur,222.98,0.0,37,0
2026-01-20T12:15:00,GMC_Nagpur,223.03,0.0,32,0
2026-01-20T12:20:00,GMC_Nagpur,223.68,0.0,32,0
2026-01-20T12:25:00,Wockhardt_Hospital,220.35,0.0,32,0
2026-01-20T12:30:00,AIIMS_Nagpur,221.28,0.0,28,0
2026-01-20T12:35:00,Mayo_Hospital,218.85,0.0,39,0
2026-01-20T12:40:00,Wockhardt_Hospital,221.37,0.0,31,0
2026-01-20T12:45:00,Lata_Mangeshkar_Hospital,218.34,0.0,52,0
2026-01-20T12:50:00,Lata_Mangeshkar_Hospital,216.8,0.0,53,0
2026-01-20T12:55:00,Mayo_Hospital,219.95,0.0,45,0
2026-01-20T13:00:00,Lata_Mangeshkar_Hospital,219.12,0.0,55,0
2026-01-20T13:05:00,AIIMS_Nagpur,215.77,0.0,42,0
2026-01-20T13:10:00,Mayo_Hospital,218.06,0.0,40,0
2026-01-20T13:15:00,AIIMS_Nagpur,217.44,0.0,43,0
2026-01-20T13:20:00,Lata_Mangeshkar_Hospital,169.88,0.61,59,1
2026-01-20T13:25:00,GMC_Nagpur,217.5,0.0,60,0
2026-01-20T13:30:00,Mayo_Hospital,214.16,0.0,46,0
2026-01-20T13:35:00,AIIMS_Nagpur,216.18,0.0,55,0
2026-01-20T13:40:00,Lata_Mangeshkar_Hospital,216.4,0.0,57,0
2026-01-20T13:45:00,AIIMS_Nagpur,213.55,0.0,65,0
2026-01-20T13:50:00,Mayo_Hospital,213.98,0.0,62,0
2026-01-20T13:55:00,Lata_Mangeshkar_Hospital,216.32,0.0,58,0
2026-01-20T14:00:00,AIIMS_Nagpur,213.13,0.0,52,0
2026-01-20T14:05:00,Wockhardt_Hospital,213.75,0.0,57,0
2026-01-20T14:10:00,Mayo_Hospital,215.22,0.0,65,0
2026-01-20T14:15:00,Mayo_Hospital,216.72,0.0,64,0
2026-01-20T14:20:00,AIIMS_Nagpur,215.02,0.0,72,0
2026-01-20T14:25:00,Lata_Mangeshkar_Hospital,183.06,0.76,62,1
2026-01-20T14:30:00,Lata_Mangeshkar_Hospital,215.14,0.01,65,0
2026-01-20T14:35:00,Lata_Mangeshkar_Hospital,217.01,0.0,73,0
2026-01-20T14:40:00,Lata_Mangeshkar_Hospital,174.27,0.65,74,1
2026-01-20T14:45:00,Wockhardt_Hospital,215.36,0.03,69,0
2026-01-20T14:50:00,GMC_Nagpur,218.51,0.0,75,0
2026-01-20T14:55:00,AIIMS_Nagpur,217.23,0.0,78,0
2026-01-20T15:00:00,AIIMS_Nagpur,218.04,0.0,70,0
2026-01-20T15:05:00,Lata_Mangeshkar_Hospital,218.61,0.08,68,0
2026-01-20T15:10:00,AIIMS_Nagpur,219.87,0.05,62,0
2026-01-20T15:15:00,GMC_Nagpur,219.53,0.06,60,0
2026-01-20T15:20:00,Lata_Mangeshkar_Hospital,221.19,0.02,61,0
2026-01-20T15:25:00,AIIMS_Nagpur,220.73,0.12,78,0
2026-01-20T15:30:00,AIIMS_Nagpur,220.99,0.07,79,0
2026-01-20T15:35:00,Lata_Mangeshkar_Hospital,222.14,0.1,74,0
2026-01-20T15:40:00,Mayo_Hospital,223.23,0.05,70,0
2026-01-20T15:45:00,Lata_Mangeshkar_Hospital,221.61,0.07,76,0
2026-01-20T15:50:00,Wockhardt_Hospital,222.86,0.17,64,0
2026-01-20T15:55:00,Lata_Mangeshkar_Hospital,224.29,0.09,62,0
2026-01-20T16:00:00,Wockhardt_Hospital,222.92,0.13,60,0
2026-01-20T16:05:00,GMC_Nagpur,225.61,0.12,70,0
2026-01-20T16:10:00,Mayo_Hospital,224.9,0.11,70,0
2026-01-20T16:15:00,Mayo_Hospital,225.15,0.12,70,0
2026-01-20T16:20:00,Lata_Mangeshkar_Hospital,226.15,0.2,73,0
2026-01-20T16:25:00,Wockhardt_Hospital,224.11,0.22,68,0
2026-01-20T16:30:00,AIIMS_Nagpur,223.25,0.15,64,0
2026-01-20T16:35:00,Lata_Mangeshkar_Hospital,224.9,0.18,59,0
2026-01-20T16:40:00,Wockhardt_Hospital,223.06,0.21,66,0
2026-01-20T16:45:00,GMC_Nagpur,222.91,0.16,59,0
2026-01-20T16:50:00,AIIMS_Nagpur,174.79,1.01,52,1
2026-01-20T16:55:00,Lata_Mangeshkar_Hospital,223.94,0.26,48,0
2026-01-20T17:00:00,AIIMS_Nagpur,224.48,0.21,59,0
2026-01-20T17:05:00,Wockhardt_Hospital,222.32,0.26,60,0
2026-01-20T17:10:00,Wockhardt_Hospital,225.38,0.28,49,0
2026-01-20T17:15:00,AIIMS_Nagpur,224.94,0.25,51,0
2026-01-20T17:20:00,AIIMS_Nagpur,221.59,0.28,43,0
2026-01-20T17:25:00,AIIMS_Nagpur,220.67,0.25,42,0
2026-01-20T17:30:00,AIIMS_Nagpur,222.08,0.29,39,0
2026-01-20T17:35:00,AIIMS_Nagpur,220.92,0.25,50,0
2026-01-20T17:40:00,AIIMS_Nagpur,219.56,0.29,42,0
2026-01-20T17:45:00,Mayo_Hospital,221.49,0.23,44,0
2026-01-20T17:50:00,GMC_Nagpur,219.47,0.28,41,0
2026-01-20T17:55:00,AIIMS_Nagpur,218.99,0.24,31,0
2026-01-20T18:00:00,AIIMS_Nagpur,220.85,0.2,45,0
2026-01-20T18:05:00,Lata_Mangeshkar_Hospital,217.74,0.24,38,0
2026-01-20T18:10:00,Mayo_Hospital,219.67,0.26,37,0
2026-01-20T18:15:00,AIIMS_Nagpur,219.33,0.28,35,0
2026-01-20T18:20:00,Wockhardt_Hospital,216.47,0.26,33,0
2026-01-20T18:25:00,Wockhardt_Hospital,216.64,0.22,25,0
2026-01-20T18:30:00,Wockhardt_Hospital,215.3,0.24,24,0
2026-01-20T18:35:00,GMC_Nagpur,214.46,0.21,18,0
2026-01-20T18:40:00,AIIMS_Nagpur,215.83,0.22,29,0
2026-01-20T18:45:00,Lata_Mangeshkar_Hospital,213.69,0.26,16,0
2026-01-20T18:50:00,Mayo_Hospital,214.34,0.19,21,0
2026-01-20T18:55:00,Wockhardt_Hospital,216.31,0.17,20,0
2026-01-20T19:00:00,Mayo_Hospital,216.05,0.19,18,0
2026-01-20T19:05:00,Lata_Mangeshkar_Hospital,214.38,0.19,15,0
2026-01-20T19:10:00,Wockhardt_Hospital,214.35,0.24,26,0
2026-01-20T19:15:00,Wockhardt_Hospital,215.28,0.19,17,0
2026-01-20T19:20:00,Lata_Mangeshkar_Hospital,215.63,0.14,21,0
2026-01-20T19:25:00,AIIMS_Nagpur,217.2,0.14,24,0
2026-01-20T19:30:00,Mayo_Hospital,214.43,0.18,10,0
2026-01-20T19:35:00,Wockhardt_Hospital,217.12,0.15,10,0
2026-01-20T19:40:00,GMC_Nagpur,216.39,0.18,19,0
2026-01-20T19:45:00,Wockhardt_Hospital,217.03,0.1,21,0
2026-01-20T19:50:00,Wockhardt_Hospital,215.1,0.1,17,0
2026-01-20T19:55:00,AIIMS_Nagpur,215.32,0.13,10,0
2026-01-20T20:00:00,Wockhardt_Hospital,218.28,0.07,10,0
2026-01-20T20:05:00,Mayo_Hospital,216.98,0.06,12,0
2026-01-20T20:10:00,Mayo_Hospital,217.35,0.13,10,0
2026-01-20T20:15:00,Lata_Mangeshkar_Hospital,218.44,0.11,10,0
2026-01-20T20:20:00,Wockhardt_Hospital,220.19,0.04,10,0
2026-01-20T20:25:00,Mayo_Hospital,218.91,0.11,10,0
2026-01-20T20:30:00,Lata_Mangeshkar_Hospital,222.03,0.09,10,0
2026-01-20T20:35:00,Wockhardt_Hospital,219.76,0.03,10,0
2026-01-20T20:40:00,Mayo_Hospital,220.69,0.04,10,0
2026-01-20T20:45:00,Lata_Mangeshkar_Hospital,221.14,0.01,10,0
2026-01-20T20:50:00,Lata_Mangeshkar_Hospital,221.86,0.0,10,0
2026-01-20T20:55:00,Lata_Mangeshkar_Hospital,223.39,0.05,10,0
2026-01-20T21:00:00,Wockhardt_Hospital,222.08,0.0,13,0
2026-01-20T21:05:00,Lata_Mangeshkar_Hospital,223.02,0.03,19,0
2026-01-20T21:10:00,AIIMS_Nagpur,223.68,0.0,21,0
2026-01-20T21:15:00,Wockhardt_Hospital,223.76,0.0,15,0
2026-01-20T21:20:00,Mayo_Hospital,224.45,0.0,20,0
2026-01-20T21:25:00,Wockhardt_Hospital,224.8,0.0,10,0
2026-01-20T21:30:00,AIIMS_Nagpur,224.71,0.0,12,0
2026-01-20T21:35:00,AIIMS_Nagpur,225.9,0.0,10,0
2026-01-20T21:40:00,GMC_Nagpur,225.74,0.0,10,0
2026-01-20T21:45:00,GMC_Nagpur,225.3,0.0,12,0
2026-01-20T21:50:00,GMC_Nagpur,226.34,0.0,20,0
2026-01-20T21:55:00,AIIMS_Nagpur,225.07,0.0,16,0
2026-01-20T22:00:00,Lata_Mangeshkar_Hospital,223.91,0.0,15,0
2026-01-20T22:05:00,Lata_Mangeshkar_Hospital,225.78,0.0,21,0
2026-01-20T22:10:00,Mayo_Hospital,225.22,0.0,27,0
2026-01-20T22:15:00,GMC_Nagpur,222.36,0.0,32,0
2026-01-20T22:20:00,Mayo_Hospital,225.56,0.0,25,0
2026-01-20T22:25:00,Mayo_Hospital,222.16,0.0,30,0
2026-01-20T22:30:00,Wockhardt_Hospital,224.52,0.0,36,0
2026-01-20T22:35:00,Lata_Mangeshkar_Hospital,224.55,0.0,29,0
2026-01-20T22:40:00,Mayo_Hospital,222.89,0.0,28,0
2026-01-20T22:45:00,Lata_Mangeshkar_Hospital,223.19,0.0,28,0
2026-01-20T22:50:00,Wockhardt_Hospital,219.74,0.0,31,0
2026-01-20T22:55:00,Lata_Mangeshkar_Hospital,219.91,0.0,31,0
2026-01-20T23:00:00,GMC_Nagpur,189.71,0.81,45,1
2026-01-20T23:05:00,Wockhardt_Hospital,219.58,0.0,35,0
2026-01-20T23:10:00,Lata_Mangeshkar_Hospital,220.49,0.0,47,0
2026-01-20T23:15:00,AIIMS_Nagpur,217.95,0.0,49,0
2026-01-20T23:20:00,Mayo_Hospital,216.67,0.0,35,0
2026-01-20T23:25:00,AIIMS_Nagpur,217.5,0.0,36,0
2026-01-20T23:30:00,GMC_Nagpur,219.15,0.0,53,0
2026-01-20T23:35:00,AIIMS_Nagpur,217.55,0.0,55,0
2026-01-20T23:40:00,Mayo_Hospital,217.54,0.0,42,0
2026-01-20T23:45:00,Mayo_Hospital,218.19,0.0,45,0
2026-01-20T23:50:00,Lata_Mangeshkar_Hospital,216.59,0.0,48,0
2026-01-20T23:55:00,Wockhardt_Hospital,194.21,0.64,61,1
2026-01-21T00:00:00,Wockhardt_Hospital,216.63,0.0,61,0
2026-01-21T00:05:00,Mayo_Hospital,216.28,0.0,49,0
2026-01-21T00:10:00,GMC_Nagpur,214.71,0.0,54,0
2026-01-21T00:15:00,Wockhardt_Hospital,213.94,0.0,61,0
2026-01-21T00:20:00,AIIMS_Nagpur,216.14,0.0,67,0
2026-01-21T00:25:00,Mayo_Hospital,216.74,0.0,59,0
2026-01-21T00:30:00,Mayo_Hospital,215.55,0.0,71,0
2026-01-21T00:35:00,Mayo_Hospital,214.26,0.0,69,0
2026-01-21T00:40:00,Lata_Mangeshkar_Hospital,216.22,0.0,67,0
2026-01-21T00:45:00,GMC_Nagpur,216.17,0.0,71,0
2026-01-21T00:50:00,GMC_Nagpur,216.01,0.0,67,0
2026-01-21T00:55:00,Mayo_Hospital,215.62,0.0,62,0
2026-01-21T01:00:00,Wockhardt_Hospital,214.55,0.0,64,0
2026-01-21T01:05:00,Lata_Mangeshkar_Hospital,217.53,0.0,58,0
2026-01-21T01:10:00,GMC_Nagpur,217.14,0.0,73,0
2026-01-21T01:15:00,Lata_Mangeshkar_Hospital,216.06,0.0,74,0
2026-01-21T01:20:00,Wockhardt_Hospital,215.84,0.02,76,0
2026-01-21T01:25:00,AIIMS_Nagpur,217.24,0.05,78,0
2026-01-21T01:30:00,Mayo_Hospital,218.13,0.05,76,0
2026-01-21T01:35:00,Wockhardt_Hospital,220.81,0.04,71,0
2026-01-21T01:40:00,AIIMS_Nagpur,217.77,0.01,63,0
2026-01-21T01:45:00,GMC_Nagpur,221.89,0.06,71,0
2026-01-21T01:50:00,GMC_Nagpur,222.1,0.07,77,0
2026-01-21T01:55:00,Mayo_Hospital,220.5,0.05,63,0
2026-01-21T02:00:00,GMC_Nagpur,222.67,0.07,78,0
2026-01-21T02:05:00,GMC_Nagpur,223.41,0.07,59,0
2026-01-21T02:10:00,Mayo_Hospital,223.44,0.09,72,0
2026-01-21T02:15:00,Mayo_Hospital,221.12,0.12,70,0
2026-01-21T02:20:00,Wockhardt_Hospital,221.49,0.17,69,0
2026-01-21T02:25:00,Wockhardt_Hospital,223.15,0.15,68,0
2026-01-21T02:30:00,Wockhardt_Hospital,225.86,0.17,62,0
2026-01-21T02:35:00,Wockhardt_Hospital,223.85,0.17,69,0
2026-01-21T02:40:00,Wockhardt_Hospital,225.13,0.14,65,0
2026-01-21T02:45:00,Wockhardt_Hospital,224.29,0.21,57,0
2026-01-21T02:50:00,Lata_Mangeshkar_Hospital,225.13,0.19,68,0
2026-01-21T02:55:00,Mayo_Hospital,226.93,0.2,63,0
2026-01-21T03:00:00,Wockhardt_Hospital,225.16,0.24,70,0
2026-01-21T03:05:00,GMC_Nagpur,223.65,0.2,67,0
2026-01-21T03:10:00,Lata_Mangeshkar_Hospital,222.94,0.22,62,0
2026-01-21T03:15:00,AIIMS_Nagpur,224.33,0.22,55,0
2026-01-21T03:20:00,Mayo_Hospital,222.84,0.21,48,0
2026-01-21T03:25:00,GMC_Nagpur,223.11,0.27,48,0
2026-01-21T03:30:00,Wockhardt_Hospital,225.4,0.21,51,0
2026-01-21T03:35:00,AIIMS_Nagpur,223.02,0.19,50,0
2026-01-21T03:40:00,Lata_Mangeshkar_Hospital,222.65,0.22,53,0
2026-01-21T03:45:00,Wockhardt_Hospital,223.59,0.21,47,0
2026-01-21T03:50:00,Lata_Mangeshkar_Hospital,223.77,0.25,42,0
2026-01-21T03:55:00,Mayo_Hospital,222.01,0.26,42,0
2026-01-21T04:00:00,Wockhardt_Hospital,223.1,0.2,42,0
2026-01-21T04:05:00,GMC_Nagpur,222.67,0.25,54,0
2026-01-21T04:10:00,Mayo_Hospital,220.77,0.22,37,0
2026-01-21T04:15:00,Lata_Mangeshkar_Hospital,221.23,0.26,36,0
2026-01-21T04:20:00,Wockhardt_Hospital,218.7,0.21,41,0
2026-01-21T04:25:00,Wockhardt_Hospital,218.22,0.29,35,0
2026-01-21T04:30:00,Lata_Mangeshkar_Hospital,219.72,0.23,37,0
2026-01-21T04:35:00,GMC_Nagpur,216.59,0.22,31,0
2026-01-21T04:40:00,Mayo_Hospital,216.36,0.22,38,0
2026-01-21T04:45:00,Lata_Mangeshkar_Hospital,218.41,0.23,36,0
2026-01-21T04:50:00,GMC_Nagpur,218.06,0.25,30,0
2026-01-21T04:55:00,AIIMS_Nagpur,215.09,0.28,31,0
2026-01-21T05:00:00,GMC_Nagpur,216.58,0.26,37,0
2026-01-21T05:05:00,Lata_Mangeshkar_Hospital,217.38,0.27,27,0
2026-01-21T05:10:00,Mayo_Hospital,217.52,0.24,22,0
2026-01-21T05:15:00,Mayo_Hospital,213.97,0.2,28,0
2026-01-21T05:20:00,GMC_Nagpur,215.57,0.22,14,0
2026-01-21T05:25:00,AIIMS_Nagpur,216.24,0.22,30,0
2026-01-21T05:30:00,GMC_Nagpur,214.71,0.23,19,0
2026-01-21T05:35:00,AIIMS_Nagpur,214.3,0.21,24,0
2026-01-21T05:40:00,GMC_Nagpur,214.33,0.2,21,0
2026-01-21T05:45:00,Mayo_Hospital,214.55,0.13,14,0
2026-01-21T05:50:00,Wockhardt_Hospital,216.47,0.21,13,0
2026-01-21T05:55:00,Mayo_Hospital,216.78,0.12,11,0
2026-01-21T06:00:00,Wockhardt_Hospital,214.05,0.11,10,0
2026-01-21T06:05:00,Wockhardt_Hospital,214.2,0.14,10,0
2026-01-21T06:10:00,Mayo_Hospital,215.46,0.17,11,0
2026-01-21T06:15:00,Lata_Mangeshkar_Hospital,215.91,0.17,12,0
2026-01-21T06:20:00,Lata_Mangeshkar_Hospital,218.48,0.1,17,0
2026-01-21T06:25:00,GMC_Nagpur,218.7,0.07,18,0
2026-01-21T06:30:00,Lata_Mangeshkar_Hospital,218.71,0.1,10,0
2026-01-21T06:35:00,Wockhardt_Hospital,216.8,0.08,20,0
2026-01-21T06:40:00,AIIMS_Nagpur,218.9,0.1,17,0
2026-01-21T06:45:00,Lata_Mangeshkar_Hospital,219.02,0.05,10,0
2026-01-21T06:50:00,AIIMS_Nagpur,219.15,0.07,10,0
2026-01-21T06:55:00,Wockhardt_Hospital,218.77,0.07,10,0
2026-01-21T07:00:00,Mayo_Hospital,220.92,0.01,13,0
2026-01-21T07:05:00,AIIMS_Nagpur,221.42,0.06,10,0
2026-01-21T07:10:00,GMC_Nagpur,222.01,0.07,10,0
2026-01-21T07:15:00,AIIMS_Nagpur,221.45,0.06,14,0
2026-01-21T07:20:00,GMC_Nagpur,221.88,0.0,10,0
2026-01-21T07:25:00,AIIMS_Nagpur,221.58,0.0,12,0
2026-01-21T07:30:00,GMC_Nagpur,224.24,0.0,14,0
2026-01-21T07:35:00,Wockhardt_Hospital,222.81,0.01,10,0
2026-01-21T07:40:00,Mayo_Hospital,224.05,0.0,10,0
2026-01-21T07:45:00,Lata_Mangeshkar_Hospital,222.66,0.0,15,0
2026-01-21T07:50:00,AIIMS_Nagpur,225.28,0.0,10,0
2026-01-21T07:55:00,Wockhardt_Hospital,223.87,0.0,10,0
2026-01-21T08:00:00,Mayo_Hospital,225.34,0.0,17,0
2026-01-21T08:05:00,GMC_Nagpur,226.66,0.0,21,0
2026-01-21T08:10:00,Lata_Mangeshkar_Hospital,224.08,0.0,19,0
2026-01-21T08:15:00,Lata_Mangeshkar_Hospital,224.52,0.0,12,0
2026-01-21T08:20:00,Mayo_Hospital,223.96,0.0,16,0
2026-01-21T08:25:00,GMC_Nagpur,223.34,0.0,24,0
2026-01-21T08:30:00,Wockhardt_Hospital,225.02,0.0,26,0
2026-01-21T08:35:00,Mayo_Hospital,225.0,0.0,18,0
2026-01-21T08:40:00,AIIMS_Nagpur,224.27,0.0,17,0
2026-01-21T08:45:00,GMC_Nagpur,222.17,0.0,30,0
2026-01-21T08:50:00,Lata_Mangeshkar_Hospital,222.77,0.0,20,0
2026-01-21T08:55:00,Lata_Mangeshkar_Hospital,221.78,0.0,36,0
2026-01-21T09:00:00,AIIMS_Nagpur,222.16,0.0,29,0
2026-01-21T09:05:00,AIIMS_Nagpur,224.41,0.0,37,0
2026-01-21T09:10:00,Wockhardt_Hospital,221.81,0.0,26,0
2026-01-21T09:15:00,AIIMS_Nagpur,220.58,0.0,36,0
2026-01-21T09:20:00,AIIMS_Nagpur,220.82,0.0,32,0
2026-01-21T09:25:00,Lata_Mangeshkar_Hospital,219.43,0.0,28,0
2026-01-21T09:30:00,Lata_Mangeshkar_Hospital,219.02,0.0,45,0
2026-01-21T09:35:00,Lata_Mangeshkar_Hospital,220.55,0.0,40,0
2026-01-21T09:40:00,GMC_Nagpur,221.15,0.0,49,0
2026-01-21T09:45:00,Mayo_Hospital,218.98,0.0,35,0
2026-01-21T09:50:00,Lata_Mangeshkar_Hospital,219.73,0.0,40,0
2026-01-21T09:55:00,GMC_Nagpur,219.79,0.0,37,0
2026-01-21T10:00:00,Wockhardt_Hospital,216.41,0.0,39,0
2026-01-21T10:05:00,GMC_Nagpur,215.75,0.0,49,0
2026-01-21T10:10:00,AIIMS_Nagpur,217.73,0.0,43,0
2026-01-21T10:15:00,Lata_Mangeshkar_Hospital,217.78,0.0,56,0
2026-01-21T10:20:00,Wockhardt_Hospital,215.44,0.0,56,0
2026-01-21T10:25:00,Wockhardt_Hospital,216.22,0.0,56,0
2026-01-21T10:30:00,Wockhardt_Hospital,215.62,0.0,60,0
2026-01-21T10:35:00,Lata_Mangeshkar_Hospital,216.52,0.0,54,0
2026-01-21T10:40:00,Mayo_Hospital,213.21,0.0,62,0
2026-01-21T10:45:00,Wockhardt_Hospital,216.28,0.0,64,0
2026-01-21T10:50:00,Wockhardt_Hospital,216.98,0.0,52,0
2026-01-21T10:55:00,Lata_Mangeshkar_Hospital,214.8,0.0,55,0
2026-01-21T11:00:00,Lata_Mangeshkar_Hospital,214.24,0.0,59,0
2026-01-21T11:05:00,Mayo_Hospital,216.29,0.0,62,0
2026-01-21T11:10:00,AIIMS_Nagpur,215.77,0.0,67,0
2026-01-21T11:15:00,GMC_Nagpur,214.33,0.0,74,0
2026-01-21T11:20:00,Mayo_Hospital,217.4,0.0,63,0
2026-01-21T11:25:00,Wockhardt_Hospital,214.14,0.0,57,0
2026-01-21T11:30:00,Lata_Mangeshkar_Hospital,216.05,0.0,76,0
2026-01-21T11:35:00,Lata_Mangeshkar_Hospital,216.24,0.0,63,0
2026-01-21T11:40:00,Lata_Mangeshkar_Hospital,217.33,0.0,59,0
2026-01-21T11:45:00,GMC_Nagpur,217.14,0.0,69,0
2026-01-21T11:50:00,GMC_Nagpur,216.06,0.01,66,0
2026-01-21T11:55:00,Wockhardt_Hospital,219.24,0.0,79,0
2026-01-21T12:00:00,AIIMS_Nagpur,219.77,0.0,67,0
2026-01-21T12:05:00,GMC_Nagpur,217.61,0.0,69,0
2026-01-21T12:10:00,Wockhardt_Hospital,220.56,0.09,75,0
2026-01-21T12:15:00,GMC_Nagpur,220.38,0.01,62,0
2026-01-21T12:20:00,Mayo_Hospital,221.68,0.1,67,0
2026-01-21T12:25:00,GMC_Nagpur,221.73,0.07,74,0
2026-01-21T12:30:00,Lata_Mangeshkar_Hospital,220.68,0.09,61,0
2026-01-21T12:35:00,GMC_Nagpur,221.24,0.13,77,0
2026-01-21T12:40:00,GMC_Nagpur,221.41,0.15,60,0
2026-01-21T12:45:00,AIIMS_Nagpur,222.15,0.13,72,0
2026-01-21T12:50:00,GMC_Nagpur,225.26,0.11,64,0
2026-01-21T12:55:00,Lata_Mangeshkar_Hospital,225.46,0.16,76,0
2026-01-21T13:00:00,Wockhardt_Hospital,222.29,0.14,61,0
2026-01-21T13:05:00,GMC_Nagpur,224.67,0.12,60,0
2026-01-21T13:10:00,GMC_Nagpur,225.11,0.13,68,0
2026-01-21T13:15:00,Lata_Mangeshkar_Hospital,223.77,0.13,63,0
2026-01-21T13:20:00,GMC_Nagpur,224.73,0.17,53,0
2026-01-21T13:25:00,Mayo_Hospital,224.58,0.14,61,0
2026-01-21T13:30:00,Lata_Mangeshkar_Hospital,224.08,0.24,67,0
2026-01-21T13:35:00,AIIMS_Nagpur,226.22,0.19,53,0
2026-01-21T13:40:00,GMC_Nagpur,224.46,0.16,59,0
2026-01-21T13:45:00,Wockhardt_Hospital,225.96,0.25,48,0
2026-01-21T13:50:00,Mayo_Hospital,222.85,0.18,54,0
2026-01-21T13:55:00,GMC_Nagpur,224.7,0.21,46,0
2026-01-21T14:00:00,Lata_Mangeshkar_Hospital,223.25,0.27,55,0
2026-01-21T14:05:00,AIIMS_Nagpur,221.97,0.26,51,0
2026-01-21T14:10:00,Mayo_Hospital,223.95,0.28,47,0
2026-01-21T14:15:00,Wockhardt_Hospital,223.28,0.24,49,0
2026-01-21T14:20:00,Lata_Mangeshkar_Hospital,221.26,0.27,51,0
2026-01-21T14:25:00,Mayo_Hospital,223.0,0.22,48,0
2026-01-21T14:30:00,Wockhardt_Hospital,221.72,0.28,49,0
2026-01-21T14:35:00,Mayo_Hospital,221.43,0.25,46,0
2026-01-21T14:40:00,Wockhardt_Hospital,220.32,0.29,36,0
2026-01-21T14:45:00,Wockhardt_Hospital,220.97,0.25,34,0
2026-01-21T14:50:00,GMC_Nagpur,220.23,0.29,34,0
2026-01-21T14:55:00,AIIMS_Nagpur,218.5,0.27,36,0
2026-01-21T15:00:00,Lata_Mangeshkar_Hospital,217.69,0.27,33,0
2026-01-21T15:05:00,Wockhardt_Hospital,216.39,0.24,41,0
2026-01-21T15:10:00,GMC_Nagpur,219.02,0.24,30,0
2026-01-21T15:15:00,GMC_Nagpur,218.36,0.21,36,0
2026-01-21T15:20:00,Wockhardt_Hospital,216.99,0.21,38,0
2026-01-21T15:25:00,AIIMS_Nagpur,215.21,0.28,24,0
2026-01-21T15:30:00,GMC_Nagpur,216.55,0.19,29,0
2026-01-21T15:35:00,Mayo_Hospital,215.93,0.23,17,0
2026-01-21T15:40:00,GMC_Nagpur,214.32,0.2,35,0
2026-01-21T15:45:00,GMC_Nagpur,215.82,0.23,31,0
2026-01-21T15:50:00,GMC_Nagpur,213.33,0.23,26,0
2026-01-21T15:55:00,Mayo_Hospital,213.52,0.19,30,0
2026-01-21T16:00:00,Wockhardt_Hospital,215.22,0.2,25,0
2026-01-21T16:05:00,Lata_Mangeshkar_Hospital,215.53,0.19,25,0
2026-01-21T16:10:00,Wockhardt_Hospital,214.28,0.2,17,0
2026-01-21T16:15:00,Lata_Mangeshkar_Hospital,214.37,0.13,13,0
2026-01-21T16:20:00,GMC_Nagpur,214.21,0.13,23,0
2026-01-21T16:25:00,Lata_Mangeshkar_Hospital,216.23,0.13,16,0
2026-01-21T16:30:00,Wockhardt_Hospital,214.38,0.18,13,0
2026-01-21T16:35:00,AIIMS_Nagpur,217.65,0.15,10,0
2026-01-21T16:40:00,AIIMS_Nagpur,215.64,0.17,10,0
2026-01-21T16:45:00,Wockhardt_Hospital,214.91,0.17,10,0
2026-01-21T16:50:00,Wockhardt_Hospital,215.88,0.12,12,0
2026-01-21T16:55:00,AIIMS_Nagpur,217.22,0.09,10,0
2026-01-21T17:00:00,AIIMS_Nagpur,216.27,0.1,19,0
2026-01-21T17:05:00,GMC_Nagpur,217.64,0.12,19,0
2026-01-21T17:10:00,Lata_Mangeshkar_Hospital,218.42,0.13,16,0
2026-01-21T17:15:00,GMC_Nagpur,218.19,0.07,16,0
2026-01-21T17:20:00,GMC_Nagpur,219.19,0.08,10,0
2026-01-21T17:25:00,Mayo_Hospital,221.1,0.01,10,0
2026-01-21T17:30:00,Lata_Mangeshkar_Hospital,221.24,0.0,12,0
2026-01-21T17:35:00,Wockhardt_Hospital,220.77,0.01,12,0
2026-01-21T17:40:00,Lata_Mangeshkar_Hospital,220.71,0.04,10,0
2026-01-21T17:45:00,GMC_Nagpur,222.94,0.03,10,0
2026-01-21T17:50:00,AIIMS_Nagpur,222.71,0.0,14,0
2026-01-21T17:55:00,GMC_Nagpur,223.11,0.01,10,0
2026-01-21T18:00:00,GMC_Nagpur,222.04,0.0,15,0
2026-01-21T18:05:00,Mayo_Hospital,222.12,0.0,13,0
2026-01-21T18:10:00,Mayo_Hospital,223.23,0.0,21,0
2026-01-21T18:15:00,AIIMS_Nagpur,224.35,0.0,16,0
2026-01-21T18:20:00,Mayo_Hospital,224.94,0.0,16,0
2026-01-21T18:25:00,GMC_Nagpur,226.28,0.0,18,0
2026-01-21T18:30:00,GMC_Nagpur,225.81,0.0,14,0
2026-01-21T18:35:00,Mayo_Hospital,225.66,0.0,23,0
2026-01-21T18:40:00,Mayo_Hospital,224.74,0.0,17,0
2026-01-21T18:45:00,Mayo_Hospital,224.48,0.0,13,0
2026-01-21T18:50:00,AIIMS_Nagpur,225.08,0.0,13,0
2026-01-21T18:55:00,AIIMS_Nagpur,226.06,0.0,31,0
2026-01-21T19:00:00,GMC_Nagpur,225.18,0.0,12,0
2026-01-21T19:05:00,AIIMS_Nagpur,225.72,0.0,32,0
2026-01-21T19:10:00,Wockhardt_Hospital,223.63,0.0,32,0
2026-01-21T19:15:00,GMC_Nagpur,224.59,0.0,32,0
2026-01-21T19:20:00,Lata_Mangeshkar_Hospital,225.64,0.0,27,0
2026-01-21T19:25:00,AIIMS_Nagpur,223.52,0.0,21,0
2026-01-21T19:30:00,AIIMS_Nagpur,222.53,0.0,40,0
2026-01-21T19:35:00,GMC_Nagpur,223.03,0.0,25,0
2026-01-21T19:40:00,Lata_Mangeshkar_Hospital,221.02,0.0,32,0
2026-01-21T19:45:00,Wockhardt_Hospital,222.4,0.0,33,0
2026-01-21T19:50:00,AIIMS_Nagpur,222.82,0.0,42,0
2026-01-21T19:55:00,GMC_Nagpur,219.02,0.0,29,0
2026-01-21T20:00:00,Lata_Mangeshkar_Hospital,221.63,0.0,34,0
2026-01-21T20:05:00,GMC_Nagpur,218.39,0.0,42,0
2026-01-21T20:10:00,Lata_Mangeshkar_Hospital,220.13,0.0,47,0
2026-01-21T20:15:00,Lata_Mangeshkar_Hospital,218.35,0.0,46,0
2026-01-21T20:20:00,AIIMS_Nagpur,219.44,0.0,50,0
2026-01-21T20:25:00,GMC_Nagpur,216.08,0.0,43,0
2026-01-21T20:30:00,Lata_Mangeshkar_Hospital,215.37,0.0,54,0
2026-01-21T20:35:00,GMC_Nagpur,215.05,0.0,45,0
2026-01-21T20:40:00,Wockhardt_Hospital,218.57,0.0,45,0
2026-01-21T20:45:00,Lata_Mangeshkar_Hospital,216.2,0.0,53,0
2026-01-21T20:50:00,Mayo_Hospital,216.83,0.0,53,0
2026-01-21T20:55:00,AIIMS_Nagpur,215.54,0.0,55,0
2026-01-21T21:00:00,Mayo_Hospital,217.05,0.0,64,0
2026-01-21T21:05:00,GMC_Nagpur,216.43,0.0,49,0
2026-01-21T21:10:00,GMC_Nagpur,213.75,0.0,65,0
2026-01-21T21:15:00,GMC_Nagpur,214.25,0.0,62,0
2026-01-21T21:20:00,Lata_Mangeshkar_Hospital,216.86,0.0,60,0
2026-01-21T21:25:00,AIIMS_Nagpur,213.38,0.0,71,0
2026-01-21T21:30:00,Wockhardt_Hospital,214.49,0.0,57,0
2026-01-21T21:35:00,AIIMS_Nagpur,214.19,0.0,57,0
2026-01-21T21:40:00,Lata_Mangeshkar_Hospital,214.45,0.0,57,0
2026-01-21T21:45:00,Wockhardt_Hospital,216.59,0.0,71,0
2026-01-21T21:50:00,Wockhardt_Hospital,215.82,0.0,71,0
2026-01-21T21:55:00,Wockhardt_Hospital,216.56,0.0,57,0
2026-01-21T22:00:00,GMC_Nagpur,216.25,0.0,64,0
2026-01-21T22:05:00,GMC_Nagpur,216.15,0.0,76,0
2026-01-21T22:10:00,Wockhardt_Hospital,215.88,0.0,59,0
2026-01-21T22:15:00,Wockhardt_Hospital,217.28,0.05,70,0
2026-01-21T22:20:00,Lata_Mangeshkar_Hospital,216.4,0.0,77,0
2026-01-21T22:25:00,AIIMS_Nagpur,217.95,0.05,68,0
2026-01-21T22:30:00,GMC_Nagpur,219.92,0.02,69,0
2026-01-21T22:35:00,Lata_Mangeshkar_Hospital,219.34,0.07,62,0
2026-01-21T22:40:00,Wockhardt_Hospital,221.46,0.02,69,0
2026-01-21T22:45:00,AIIMS_Nagpur,189.06,0.85,75,1
2026-01-21T22:50:00,Wockhardt_Hospital,222.16,0.11,62,0
2026-01-21T22:55:00,Lata_Mangeshkar_Hospital,223.09,0.07,73,0
2026-01-21T23:00:00,AIIMS_Nagpur,222.15,0.1,62,0
2026-01-21T23:05:00,AIIMS_Nagpur,221.71,0.06,78,0
2026-01-21T23:10:00,AIIMS_Nagpur,223.84,0.14,58,0
2026-01-21T23:15:00,AIIMS_Nagpur,222.42,0.16,69,0
2026-01-21T23:20:00,Wockhardt_Hospital,222.87,0.1,67,0
2026-01-21T23:25:00,Lata_Mangeshkar_Hospital,223.1,0.1,58,0
2026-01-21T23:30:00,AIIMS_Nagpur,225.58,0.16,74,0
2026-01-21T23:35:00,AIIMS_Nagpur,226.46,0.14,68,0
2026-01-21T23:40:00,Lata_Mangeshkar_Hospital,222.76,0.13,62,0
2026-01-21T23:45:00,AIIMS_Nagpur,225.55,0.21,57,0
2026-01-21T23:50:00,Lata_Mangeshkar_Hospital,226.4,0.19,65,0
2026-01-21T23:55:00,Wockhardt_Hospital,226.86,0.22,67,0
2026-01-22T00:00:00,Lata_Mangeshkar_Hospital,223.05,0.19,65,0
2026-01-22T00:05:00,Wockhardt_Hospital,224.39,0.17,68,0
2026-01-22T00:10:00,Lata_Mangeshkar_Hospital,225.15,0.17,57,0
2026-01-22T00:15:00,Wockhardt_Hospital,181.73,1.13,54,1
2026-01-22T00:20:00,AIIMS_Nagpur,223.06,0.24,56,0
2026-01-22T00:25:00,AIIMS_Nagpur,224.9,0.23,62,0
2026-01-22T00:30:00,GMC_Nagpur,224.72,0.25,45,0
2026-01-22T00:35:00,GMC_Nagpur,222.87,0.28,51,0
2026-01-22T00:40:00,GMC_Nagpur,221.6,0.23,48,0
2026-01-22T00:45:00,Wockhardt_Hospital,223.65,0.23,55,0
2026-01-22T00:50:00,GMC_Nagpur,224.04,0.27,54,0
2026-01-22T00:55:00,AIIMS_Nagpur,221.54,0.2,38,0
2026-01-22T01:00:00,GMC_Nagpur,223.0,0.24,37,0
2026-01-22T01:05:00,GMC_Nagpur,222.47,0.24,52,0
2026-01-22T01:10:00,Lata_Mangeshkar_Hospital,222.2,0.26,50,0
2026-01-22T01:15:00,Wockhardt_Hospital,218.93,0.29,47,0
2026-01-22T01:20:00,Mayo_Hospital,221.33,0.26,44,0
2026-01-22T01:25:00,Mayo_Hospital,217.97,0.23,45,0
2026-01-22T01:30:00,GMC_Nagpur,218.37,0.21,35,0
2026-01-22T01:35:00,AIIMS_Nagpur,219.94,0.27,26,0
2026-01-22T01:40:00,Lata_Mangeshkar_Hospital,218.92,0.25,27,0
2026-01-22T01:45:00,AIIMS_Nagpur,215.83,0.22,22,0
2026-01-22T01:50:00,Wockhardt_Hospital,191.37,1.0,35,1
2026-01-22T01:55:00,Lata_Mangeshkar_Hospital,215.54,0.22,22,0
2026-01-22T02:00:00,GMC_Nagpur,215.17,0.24,34,0
2026-01-22T02:05:00,AIIMS_Nagpur,215.93,0.18,35,0
2026-01-22T02:10:00,Wockhardt_Hospital,216.5,0.2,27,0
2026-01-22T02:15:00,AIIMS_Nagpur,214.12,0.25,19,0
2026-01-22T02:20:00,Wockhardt_Hospital,215.23,0.22,23,0
2026-01-22T02:25:00,Lata_Mangeshkar_Hospital,214.12,0.21,21,0
2026-01-22T02:30:00,Mayo_Hospital,216.99,0.19,16,0
2026-01-22T02:35:00,Lata_Mangeshkar_Hospital,215.98,0.21,24,0
2026-01-22T02:40:00,AIIMS_Nagpur,215.73,0.17,14,0
2026-01-22T02:45:00,Wockhardt_Hospital,216.58,0.16,18,0
2026-01-22T02:50:00,GMC_Nagpur,215.65,0.17,22,0
2026-01-22T02:55:00,Wockhardt_Hospital,216.73,0.15,10,0
2026-01-22T03:00:00,GMC_Nagpur,217.51,0.13,14,0
2026-01-22T03:05:00,GMC_Nagpur,217.61,0.15,11,0
2026-01-22T03:10:00,GMC_Nagpur,214.96,0.17,18,0
2026-01-22T03:15:00,Wockhardt_Hospital,217.35,0.15,11,0
2026-01-22T03:20:00,Wockhardt_Hospital,217.0,0.13,10,0
2026-01-22T03:25:00,Wockhardt_Hospital,216.76,0.13,10,0
2026-01-22T03:30:00,Lata_Mangeshkar_Hospital,215.98,0.11,16,0
2026-01-22T03:35:00,AIIMS_Nagpur,216.48,0.07,14,0
2026-01-22T03:40:00,Mayo_Hospital,219.69,0.12,10,0
2026-01-22T03:45:00,Wockhardt_Hospital,219.86,0.09,10,0
2026-01-22T03:50:00,Lata_Mangeshkar_Hospital,218.38,0.05,10,0
2026-01-22T03:55:00,Mayo_Hospital,219.7,0.05,13,0
2026-01-22T04:00:00,Lata_Mangeshkar_Hospital,220.61,0.06,19,0
2026-01-22T04:05:00,Wockhardt_Hospital,220.33,0.0,12,0
2026-01-22T04:10:00,Mayo_Hospital,222.46,0.03,16,0
2026-01-22T04:15:00,Wockhardt_Hospital,223.18,0.02,13,0
2026-01-22T04:20:00,AIIMS_Nagpur,221.33,0.0,20,0
2026-01-22T04:25:00,Lata_Mangeshkar_Hospital,221.45,0.02,10,0
2026-01-22T04:30:00,AIIMS_Nagpur,222.77,0.0,13,0
2026-01-22T04:35:00,Lata_Mangeshkar_Hospital,223.55,0.0,11,0
2026-01-22T04:40:00,Wockhardt_Hospital,222.57,0.0,20,0
2026-01-22T04:45:00,AIIMS_Nagpur,222.52,0.0,21,0
2026-01-22T04:50:00,GMC_Nagpur,222.57,0.0,18,0
2026-01-22T04:55:00,Wockhardt_Hospital,222.92,0.0,15,0
2026-01-22T05:00:00,Mayo_Hospital,223.18,0.0,15,0
2026-01-22T05:05:00,Mayo_Hospital,224.69,0.0,15,0
2026-01-22T05:10:00,GMC_Nagpur,226.1,0.0,13,0
2026-01-22T05:15:00,GMC_Nagpur,224.86,0.0,13,0
2026-01-22T05:20:00,GMC_Nagpur,225.49,0.0,27,0
2026-01-22T05:25:00,Lata_Mangeshkar_Hospital,225.08,0.0,14,0
2026-01-22T05:30:00,GMC_Nagpur,224.06,0.0,27,0
2026-01-22T05:35:00,Wockhardt_Hospital,224.88,0.0,14,0
2026-01-22T05:40:00,Wockhardt_Hospital,224.75,0.0,29,0
2026-01-22T05:45:00,Lata_Mangeshkar_Hospital,225.87,0.0,22,0
2026-01-22T05:50:00,Wockhardt_Hospital,224.87,0.0,36,0
2026-01-22T05:55:00,Mayo_Hospital,223.02,0.0,36,0
2026-01-22T06:00:00,GMC_Nagpur,189.44,0.83,29,1
2026-01-22T06:05:00,Mayo_Hospital,221.95,0.0,25,0
2026-01-22T06:10:00,GMC_Nagpur,222.17,0.0,30,0
2026-01-22T06:15:00,AIIMS_Nagpur,223.29,0.0,29,0
2026-01-22T06:20:00,Wockhardt_Hospital,219.82,0.0,40,0
2026-01-22T06:25:00,Mayo_Hospital,222.3,0.0,30,0
2026-01-22T06:30:00,Wockhardt_Hospital,219.73,0.0,37,0
2026-01-22T06:35:00,Mayo_Hospital,221.51,0.0,36,0
2026-01-22T06:40:00,GMC_Nagpur,217.15,0.0,34,0
2026-01-22T06:45:00,AIIMS_Nagpur,220.14,0.0,52,0
2026-01-22T06:50:00,Lata_Mangeshkar_Hospital,217.49,0.0,55,0
2026-01-22T06:55:00,Wockhardt_Hospital,215.82,0.0,41,0
2026-01-22T07:00:00,Wockhardt_Hospital,218.43,0.0,46,0
2026-01-22T07:05:00,GMC_Nagpur,191.74,0.66,40,1
2026-01-22T07:10:00,Mayo_Hospital,217.75,0.0,57,0
2026-01-22T07:15:00,GMC_Nagpur,216.15,0.0,47,0
2026-01-22T07:20:00,Lata_Mangeshkar_Hospital,214.32,0.0,59,0
2026-01-22T07:25:00,AIIMS_Nagpur,217.38,0.0,55,0
2026-01-22T07:30:00,Lata_Mangeshkar_Hospital,216.43,0.0,58,0
2026-01-22T07:35:00,Lata_Mangeshkar_Hospital,216.78,0.0,63,0
2026-01-22T07:40:00,Wockhardt_Hospital,216.11,0.0,55,0
2026-01-22T07:45:00,Mayo_Hospital,180.45,0.68,63,1
2026-01-22T07:50:00,Mayo_Hospital,168.84,0.8,51,1
2026-01-22T07:55:00,Lata_Mangeshkar_Hospital,213.74,0.0,57,0
2026-01-22T08:00:00,Mayo_Hospital,215.74,0.0,58,0
2026-01-22T08:05:00,GMC_Nagpur,216.72,0.0,72,0
2026-01-22T08:10:00,Lata_Mangeshkar_Hospital,215.82,0.0,58,0
2026-01-22T08:15:00,Lata_Mangeshkar_Hospital,214.68,0.0,61,0
2026-01-22T08:20:00,GMC_Nagpur,214.38,0.0,72,0
2026-01-22T08:25:00,Lata_Mangeshkar_Hospital,214.45,0.0,61,0
2026-01-22T08:30:00,Wockhardt_Hospital,218.46,0.0,61,0
2026-01-22T08:35:00,Lata_Mangeshkar_Hospital,218.4,0.0,72,0
2026-01-22T08:40:00,Mayo_Hospital,218.43,0.03,68,0
2026-01-22T08:45:00,Lata_Mangeshkar_Hospital,218.05,0.01,72,0
2026-01-22T08:50:00,Mayo_Hospital,217.86,0.0,64,0
2026-01-22T08:55:00,Mayo_Hospital,219.58,0.0,63,0
2026-01-22T09:00:00,GMC_Nagpur,219.94,0.01,65,0
2026-01-22T09:05:00,Wockhardt_Hospital,218.69,0.0,76,0
2026-01-22T09:10:00,Mayo_Hospital,220.19,0.08,63,0
2026-01-22T09:15:00,AIIMS_Nagpur,219.5,0.1,73,0
2026-01-22T09:20:00,Lata_Mangeshkar_Hospital,223.12,0.05,61,0
2026-01-22T09:25:00,Mayo_Hospital,220.32,0.11,71,0
2026-01-22T09:30:00,Mayo_Hospital,223.63,0.05,78,0
2026-01-22T09:35:00,Lata_Mangeshkar_Hospital,223.76,0.15,72,0
2026-01-22T09:40:00,Wockhardt_Hospital,224.18,0.14,77,0
2026-01-22T09:45:00,Mayo_Hospital,223.82,0.17,65,0
2026-01-22T09:50:00,AIIMS_Nagpur,223.73,0.12,72,0
2026-01-22T09:55:00,Mayo_Hospital,224.15,0.1,67,0
2026-01-22T10:00:00,GMC_Nagpur,222.48,0.15,72,0
2026-01-22T10:05:00,GMC_Nagpur,222.64,0.13,72,0
2026-01-22T10:10:00,Mayo_Hospital,225.56,0.15,69,0
2026-01-22T10:15:00,AIIMS_Nagpur,226.74,0.13,63,0
2026-01-22T10:20:00,Mayo_Hospital,223.91,0.16,70,0
2026-01-22T10:25:00,Lata_Mangeshkar_Hospital,225.75,0.23,62,0
2026-01-22T10:30:00,GMC_Nagpur,224.03,0.22,69,0
2026-01-22T10:35:00,GMC_Nagpur,225.05,0.16,60,0
2026-01-22T10:40:00,Wockhardt_Hospital,226.64,0.2,67,0
2026-01-22T10:45:00,AIIMS_Nagpur,223.66,0.2,56,0
2026-01-22T10:50:00,Wockhardt_Hospital,223.03,0.26,58,0
2026-01-22T10:55:00,GMC_Nagpur,225.57,0.25,48,0
2026-01-22T11:00:00,Mayo_Hospital,225.73,0.28,60,0
2026-01-22T11:05:00,Wockhardt_Hospital,223.61,0.25,51,0
2026-01-22T11:10:00,GMC_Nagpur,225.15,0.24,58,0
2026-01-22T11:15:00,Lata_Mangeshkar_Hospital,224.61,0.23,53,0
2026-01-22T11:20:00,Mayo_Hospital,220.42,0.2,44,0
2026-01-22T11:25:00,Wockhardt_Hospital,221.55,0.21,52,0
2026-01-22T11:30:00,AIIMS_Nagpur,222.43,0.27,50,0
2026-01-22T11:35:00,Mayo_Hospital,221.83,0.3,49,0
2026-01-22T11:40:00,GMC_Nagpur,218.48,0.26,36,0
2026-01-22T11:45:00,Mayo_Hospital,218.76,0.25,37,0
2026-01-22T11:50:00,Wockhardt_Hospital,219.66,0.24,34,0
2026-01-22T11:55:00,Wockhardt_Hospital,220.85,0.21,36,0
2026-01-22T12:00:00,AIIMS_Nagpur,217.93,0.22,43,0
2026-01-22T12:05:00,AIIMS_Nagpur,218.04,0.28,38,0
2026-01-22T12:10:00,Mayo_Hospital,216.52,0.22,39,0
2026-01-22T12:15:00,Wockhardt_Hospital,218.08,0.21,36,0
2026-01-22T12:20:00,AIIMS_Nagpur,217.32,0.24,30,0
2026-01-22T12:25:00,Wockhardt_Hospital,216.74,0.27,27,0
2026-01-22T12:30:00,AIIMS_Nagpur,215.29,0.27,23,0
2026-01-22T12:35:00,AIIMS_Nagpur,216.72,0.19,20,0
2026-01-22T12:40:00,GMC_Nagpur,215.08,0.17,19,0
2026-01-22T12:45:00,AIIMS_Nagpur,214.78,0.2,21,0
2026-01-22T12:50:00,Mayo_Hospital,216.33,0.25,18,0
2026-01-22T12:55:00,Wockhardt_Hospital,213.39,0.25,18,0
2026-01-22T13:00:00,AIIMS_Nagpur,215.66,0.21,25,0
2026-01-22T13:05:00,AIIMS_Nagpur,215.04,0.21,15,0
2026-01-22T13:10:00,Wockhardt_Hospital,214.35,0.15,17,0
2026-01-22T13:15:00,Lata_Mangeshkar_Hospital,215.82,0.21,25,0
2026-01-22T13:20:00,Mayo_Hospital,217.09,0.19,16,0
2026-01-22T13:25:00,Mayo_Hospital,216.49,0.2,14,0
2026-01-22T13:30:00,Lata_Mangeshkar_Hospital,217.47,0.17,22,0
2026-01-22T13:35:00,Lata_Mangeshkar_Hospital,215.54,0.16,17,0
2026-01-22T13:40:00,Lata_Mangeshkar_Hospital,217.54,0.1,19,0
2026-01-22T13:45:00,Wockhardt_Hospital,215.56,0.1,19,0
2026-01-22T13:50:00,AIIMS_Nagpur,217.56,0.07,12,0
2026-01-22T13:55:00,Wockhardt_Hospital,218.87,0.13,10,0
2026-01-22T14:00:00,Mayo_Hospital,219.27,0.12,19,0
2026-01-22T14:05:00,GMC_Nagpur,219.92,0.1,16,0
2026-01-22T14:10:00,AIIMS_Nagpur,220.11,0.06,10,0
2026-01-22T14:15:00,GMC_Nagpur,218.85,0.08,14,0
2026-01-22T14:20:00,Lata_Mangeshkar_Hospital,221.06,0.03,10,0
2026-01-22T14:25:00,Lata_Mangeshkar_Hospital,221.3,0.07,15,0
2026-01-22T14:30:00,Wockhardt_Hospital,220.74,0.02,10,0
2026-01-22T14:35:00,Lata_Mangeshkar_Hospital,221.06,0.0,10,0
2026-01-22T14:40:00,AIIMS_Nagpur,221.34,0.0,10,0
2026-01-22T14:45:00,Mayo_Hospital,220.79,0.0,10,0
2026-01-22T14:50:00,GMC_Nagpur,223.57,0.0,19,0
2026-01-22T14:55:00,Wockhardt_Hospital,224.77,0.01,10,0
2026-01-22T15:00:00,Lata_Mangeshkar_Hospital,224.63,0.0,15,0
2026-01-22T15:05:00,AIIMS_Nagpur,224.05,0.0,22,0
2026-01-22T15:10:00,AIIMS_Nagpur,222.55,0.0,14,0
2026-01-22T15:15:00,Wockhardt_Hospital,224.26,0.0,17,0
2026-01-22T15:20:00,Wockhardt_Hospital,225.61,0.0,14,0
2026-01-22T15:25:00,Mayo_Hospital,224.76,0.0,16,0
2026-01-22T15:30:00,Wockhardt_Hospital,225.07,0.0,25,0
2026-01-22T15:35:00,AIIMS_Nagpur,224.98,0.0,23,0
2026-01-22T15:40:00,Wockhardt_Hospital,224.1,0.0,20,0
2026-01-22T15:45:00,GMC_Nagpur,223.76,0.0,12,0
2026-01-22T15:50:00,Lata_Mangeshkar_Hospital,225.86,0.0,12,0
2026-01-22T15:55:00,Lata_Mangeshkar_Hospital,224.08,0.0,28,0
2026-01-22T16:00:00,Mayo_Hospital,195.96,0.6,17,1
2026-01-22T16:05:00,Wockhardt_Hospital,224.07,0.0,25,0
2026-01-22T16:10:00,AIIMS_Nagpur,222.77,0.0,24,0
2026-01-22T16:15:00,Wockhardt_Hospital,224.68,0.0,31,0
2026-01-22T16:20:00,GMC_Nagpur,223.82,0.0,29,0
2026-01-22T16:25:00,Lata_Mangeshkar_Hospital,222.68,0.0,25,0
2026-01-22T16:30:00,Wockhardt_Hospital,223.23,0.0,23,0
2026-01-22T16:35:00,GMC_Nagpur,222.33,0.0,34,0
2026-01-22T16:40:00,Wockhardt_Hospital,223.4,0.0,37,0
2026-01-22T16:45:00,Lata_Mangeshkar_Hospital,219.73,0.0,36,0
2026-01-22T16:50:00,GMC_Nagpur,220.7,0.0,43,0
2026-01-22T16:55:00,Lata_Mangeshkar_Hospital,220.89,0.0,43,0
2026-01-22T17:00:00,AIIMS_Nagpur,221.79,0.0,48,0
2026-01-22T17:05:00,Mayo_Hospital,219.56,0.0,44,0
2026-01-22T17:10:00,AIIMS_Nagpur,220.78,0.0,44,0
2026-01-22T17:15:00,Wockhardt_Hospital,216.58,0.0,51,0
2026-01-22T17:20:00,AIIMS_Nagpur,218.13,0.0,48,0
2026-01-22T17:25:00,Lata_Mangeshkar_Hospital,218.12,0.0,54,0
2026-01-22T17:30:00,GMC_Nagpur,217.65,0.0,46,0
2026-01-22T17:35:00,AIIMS_Nagpur,216.86,0.0,48,0
2026-01-22T17:40:00,AIIMS_Nagpur,216.89,0.0,48,0
2026-01-22T17:45:00,GMC_Nagpur,216.72,0.0,54,0
2026-01-22T17:50:00,Wockhardt_Hospital,216.58,0.0,56,0
2026-01-22T17:55:00,GMC_Nagpur,216.81,0.0,58,0
2026-01-22T18:00:00,AIIMS_Nagpur,215.81,0.0,63,0
2026-01-22T18:05:00,GMC_Nagpur,215.11,0.0,59,0
2026-01-22T18:10:00,Wockhardt_Hospital,215.36,0.0,51,0
2026-01-22T18:15:00,Mayo_Hospital,213.45,0.0,59,0
2026-01-22T18:20:00,AIIMS_Nagpur,216.59,0.0,60,0
2026-01-22T18:25:00,Wockhardt_Hospital,213.91,0.0,62,0
2026-01-22T18:30:00,Lata_Mangeshkar_Hospital,216.17,0.0,59,0
2026-01-22T18:35:00,GMC_Nagpur,213.81,0.0,73,0
2026-01-22T18:40:00,Lata_Mangeshkar_Hospital,217.5,0.0,72,0
2026-01-22T18:45:00,Mayo_Hospital,214.12,0.0,75,0
2026-01-22T18:50:00,Lata_Mangeshkar_Hospital,217.65,0.0,62,0
2026-01-22T18:55:00,Lata_Mangeshkar_Hospital,218.21,0.0,58,0
2026-01-22T19:00:00,GMC_Nagpur,217.4,0.0,73,0
2026-01-22T19:05:00,GMC_Nagpur,215.46,0.0,69,0
2026-01-22T19:10:00,Mayo_Hospital,215.55,0.01,60,0
2026-01-22T19:15:00,Wockhardt_Hospital,218.25,0.0,71,0
2026-01-22T19:20:00,GMC_Nagpur,217.54,0.04,76,0
2026-01-22T19:25:00,GMC_Nagpur,219.86,0.01,72,0
2026-01-22T19:30:00,Wockhardt_Hospital,217.69,0.03,61,0
2026-01-22T19:35:00,Wockhardt_Hospital,219.41,0.09,65,0
2026-01-22T19:40:00,Lata_Mangeshkar_Hospital,221.45,0.02,66,0
2026-01-22T19:45:00,GMC_Nagpur,220.32,0.08,77,0
2026-01-22T19:50:00,GMC_Nagpur,221.39,0.05,63,0
2026-01-22T19:55:00,Wockhardt_Hospital,221.94,0.11,71,0
2026-01-22T20:00:00,AIIMS_Nagpur,221.21,0.06,61,0
2026-01-22T20:05:00,Wockhardt_Hospital,222.67,0.13,70,0
2026-01-22T20:10:00,GMC_Nagpur,222.87,0.08,60,0
2026-01-22T20:15:00,Lata_Mangeshkar_Hospital,224.75,0.12,68,0
2026-01-22T20:20:00,AIIMS_Nagpur,223.27,0.14,60,0
2026-01-22T20:25:00,Wockhardt_Hospital,223.05,0.16,64,0
2026-01-22T20:30:00,AIIMS_Nagpur,223.14,0.16,58,0
2026-01-22T20:35:00,Wockhardt_Hospital,222.77,0.12,57,0
2026-01-22T20:40:00,Wockhardt_Hospital,222.93,0.19,56,0
2026-01-22T20:45:00,GMC_Nagpur,225.69,0.2,69,0
2026-01-22T20:50:00,AIIMS_Nagpur,224.96,0.17,59,0
2026-01-22T20:55:00,Wockhardt_Hospital,223.39,0.19,67,0
2026-01-22T21:00:00,Lata_Mangeshkar_Hospital,226.25,0.21,50,0
2026-01-22T21:05:00,Lata_Mangeshkar_Hospital,226.65,0.25,68,0
2026-01-22T21:10:00,Lata_Mangeshkar_Hospital,225.45,0.19,55,0
2026-01-22T21:15:00,AIIMS_Nagpur,222.94,0.22,60,0
2026-01-22T21:20:00,AIIMS_Nagpur,223.33,0.18,50,0
2026-01-22T21:25:00,Lata_Mangeshkar_Hospital,225.22,0.2,56,0
2026-01-22T21:30:00,GMC_Nagpur,179.21,0.84,53,1
2026-01-22T21:35:00,Wockhardt_Hospital,225.37,0.22,50,0
2026-01-22T21:40:00,Lata_Mangeshkar_Hospital,221.99,0.28,43,0
2026-01-22T21:45:00,AIIMS_Nagpur,222.09,0.24,47,0
2026-01-22T21:50:00,GMC_Nagpur,221.99,0.29,56,0
2026-01-22T21:55:00,Wockhardt_Hospital,220.19,0.29,54,0
2026-01-22T22:00:00,Wockhardt_Hospital,220.13,0.24,39,0
2026-01-22T22:05:00,Mayo_Hospital,221.2,0.28,35,0
2026-01-22T22:10:00,Lata_Mangeshkar_Hospital,220.84,0.28,34,0
2026-01-22T22:15:00,GMC_Nagpur,220.94,0.25,32,0
2026-01-22T22:20:00,Lata_Mangeshkar_Hospital,221.16,0.26,46,0
2026-01-22T22:25:00,GMC_Nagpur,219.08,0.24,30,0
2026-01-22T22:30:00,Mayo_Hospital,217.92,0.26,29,0
2026-01-22T22:35:00,Mayo_Hospital,216.11,0.29,33,0
2026-01-22T22:40:00,Wockhardt_Hospital,219.0,0.23,28,0
2026-01-22T22:45:00,GMC_Nagpur,216.77,0.2,40,0
2026-01-22T22:50:00,Wockhardt_Hospital,214.65,0.24,36,0
2026-01-22T22:55:00,Wockhardt_Hospital,214.3,0.26,26,0
2026-01-22T23:00:00,AIIMS_Nagpur,214.99,0.27,18,0
2026-01-22T23:05:00,AIIMS_Nagpur,214.44,0.25,22,0
2026-01-22T23:10:00,GMC_Nagpur,213.92,0.19,25,0
2026-01-22T23:15:00,AIIMS_Nagpur,216.79,0.24,17,0
2026-01-22T23:20:00,Wockhardt_Hospital,213.84,0.18,20,0
2026-01-22T23:25:00,Mayo_Hospital,213.32,0.18,10,0
2026-01-22T23:30:00,Wockhardt_Hospital,215.52,0.24,18,0
2026-01-22T23:35:00,AIIMS_Nagpur,215.16,0.22,26,0
2026-01-22T23:40:00,GMC_Nagpur,216.44,0.23,11,0
2026-01-22T23:45:00,Mayo_Hospital,215.62,0.21,25,0
2026-01-22T23:50:00,AIIMS_Nagpur,215.72,0.21,10,0
2026-01-22T23:55:00,AIIMS_Nagpur,214.85,0.19,22,0
2026-01-23T00:00:00,AIIMS_Nagpur,214.29,0.15,10,0
2026-01-23T00:05:00,AIIMS_Nagpur,215.68,0.11,10,0
2026-01-23T00:10:00,GMC_Nagpur,217.58,0.13,17,0
2026-01-23T00:15:00,AIIMS_Nagpur,215.7,0.14,14,0
2026-01-23T00:20:00,Lata_Mangeshkar_Hospital,218.53,0.08,10,0
2026-01-23T00:25:00,Wockhardt_Hospital,217.16,0.08,18,0
2026-01-23T00:30:00,AIIMS_Nagpur,217.37,0.06,10,0
2026-01-23T00:35:00,Lata_Mangeshkar_Hospital,217.94,0.09,10,0
2026-01-23T00:40:00,Wockhardt_Hospital,217.04,0.11,13,0
2026-01-23T00:45:00,Wockhardt_Hospital,220.09,0.01,10,0
2026-01-23T00:50:00,Wockhardt_Hospital,218.36,0.08,12,0
2026-01-23T00:55:00,Wockhardt_Hospital,222.29,0.07,17,0
2026-01-23T01:00:00,Mayo_Hospital,220.7,0.03,10,0
2026-01-23T01:05:00,Wockhardt_Hospital,176.26,0.69,10,1
2026-01-23T01:10:00,GMC_Nagpur,222.39,0.0,15,0
2026-01-23T01:15:00,Mayo_Hospital,224.15,0.03,10,0
2026-01-23T01:20:00,Lata_Mangeshkar_Hospital,223.34,0.0,19,0
2026-01-23T01:25:00,Mayo_Hospital,222.22,0.0,16,0
2026-01-23T01:30:00,GMC_Nagpur,222.46,0.0,21,0
2026-01-23T01:35:00,Lata_Mangeshkar_Hospital,224.14,0.0,18,0
2026-01-23T01:40:00,Wockhardt_Hospital,203.26,0.89,16,1
2026-01-23T01:45:00,Mayo_Hospital,226.1,0.0,10,0
2026-01-23T01:50:00,GMC_Nagpur,224.15,0.0,15,0
2026-01-23T01:55:00,GMC_Nagpur,224.86,0.0,10,0
2026-01-23T02:00:00,AIIMS_Nagpur,223.89,0.0,11,0
2026-01-23T02:05:00,GMC_Nagpur,224.64,0.0,20,0
2026-01-23T02:10:00,AIIMS_Nagpur,224.59,0.0,10,0
2026-01-23T02:15:00,Mayo_Hospital,226.63,0.0,17,0
2026-01-23T02:20:00,Lata_Mangeshkar_Hospital,224.07,0.0,25,0
2026-01-23T02:25:00,Wockhardt_Hospital,224.41,0.0,30,0
2026-01-23T02:30:00,Wockhardt_Hospital,223.57,0.0,30,0
2026-01-23T02:35:00,AIIMS_Nagpur,225.7,0.0,33,0
2026-01-23T02:40:00,Wockhardt_Hospital,223.02,0.0,35,0
2026-01-23T02:45:00,AIIMS_Nagpur,224.31,0.0,27,0
2026-01-23T02:50:00,GMC_Nagpur,222.31,0.0,24,0
2026-01-23T02:55:00,AIIMS_Nagpur,223.86,0.0,38,0
2026-01-23T03:00:00,Wockhardt_Hospital,221.12,0.0,23,0
2026-01-23T03:05:00,Lata_Mangeshkar_Hospital,220.88,0.0,27,0
2026-01-23T03:10:00,GMC_Nagpur,180.27,0.74,31,1
2026-01-23T03:15:00,Mayo_Hospital,223.04,0.0,29,0
2026-01-23T03:20:00,AIIMS_Nagpur,219.35,0.0,35,0
2026-01-23T03:25:00,Lata_Mangeshkar_Hospital,222.17,0.0,34,0
2026-01-23T03:30:00,AIIMS_Nagpur,220.14,0.0,43,0
2026-01-23T03:35:00,Mayo_Hospital,217.5,0.0,40,0
2026-01-23T03:40:00,GMC_Nagpur,217.86,0.0,51,0
2026-01-23T03:45:00,GMC_Nagpur,220.17,0.0,42,0
2026-01-23T03:50:00,Mayo_Hospital,218.24,0.0,54,0
2026-01-23T03:55:00,Lata_Mangeshkar_Hospital,216.83,0.0,57,0
2026-01-23T04:00:00,Lata_Mangeshkar_Hospital,217.85,0.0,39,0
2026-01-23T04:05:00,Wockhardt_Hospital,215.62,0.0,48,0
2026-01-23T04:10:00,GMC_Nagpur,217.67,0.0,48,0
2026-01-23T04:15:00,Lata_Mangeshkar_Hospital,185.94,0.87,51,1
2026-01-23T04:20:00,GMC_Nagpur,215.33,0.0,61,0
2026-01-23T04:25:00,Lata_Mangeshkar_Hospital,216.24,0.0,55,0
2026-01-23T04:30:00,GMC_Nagpur,215.94,0.0,64,0
2026-01-23T04:35:00,Lata_Mangeshkar_Hospital,216.41,0.0,66,0
2026-01-23T04:40:00,GMC_Nagpur,213.85,0.0,66,0
2026-01-23T04:45:00,Lata_Mangeshkar_Hospital,216.09,0.0,55,0
2026-01-23T04:50:00,GMC_Nagpur,214.0,0.0,55,0
2026-01-23T04:55:00,Wockhardt_Hospital,217.03,0.0,56,0
2026-01-23T05:00:00,AIIMS_Nagpur,213.25,0.0,61,0
2026-01-23T05:05:00,Lata_Mangeshkar_Hospital,215.53,0.0,62,0
2026-01-23T05:10:00,Wockhardt_Hospital,215.39,0.0,56,0
2026-01-23T05:15:00,AIIMS_Nagpur,216.2,0.0,60,0
2026-01-23T05:20:00,Mayo_Hospital,217.34,0.0,57,0
2026-01-23T05:25:00,Wockhardt_Hospital,216.6,0.01,60,0
2026-01-23T05:30:00,AIIMS_Nagpur,217.35,0.0,64,0
2026-01-23T05:35:00,GMC_Nagpur,218.3,0.03,62,0
2026-01-23T05:40:00,GMC_Nagpur,217.89,0.0,66,0
2026-01-23T05:45:00,Mayo_Hospital,217.4,0.06,62,0
2026-01-23T05:50:00,Lata_Mangeshkar_Hospital,219.99,0.04,71,0
2026-01-23T05:55:00,Wockhardt_Hospital,217.56,0.04,74,0
2026-01-23T06:00:00,Mayo_Hospital,219.29,0.08,79,0
2026-01-23T06:05:00,GMC_Nagpur,219.58,0.09,70,0
2026-01-23T06:10:00,GMC_Nagpur,222.33,0.06,60,0
2026-01-23T06:15:00,Lata_Mangeshkar_Hospital,220.46,0.03,60,0
2026-01-23T06:20:00,Wockhardt_Hospital,223.06,0.06,64,0
2026-01-23T06:25:00,Mayo_Hospital,221.28,0.05,63,0
2026-01-23T06:30:00,Mayo_Hospital,222.34,0.05,59,0
2026-01-23T06:35:00,GMC_Nagpur,222.18,0.11,70,0
2026-01-23T06:40:00,GMC_Nagpur,222.0,0.1,65,0
2026-01-23T06:45:00,Wockhardt_Hospital,223.78,0.16,64,0
2026-01-23T06:50:00,Lata_Mangeshkar_Hospital,224.2,0.18,63,0
2026-01-23T06:55:00,Lata_Mangeshkar_Hospital,223.68,0.16,69,0
2026-01-23T07:00:00,GMC_Nagpur,224.83,0.13,57,0
2026-01-23T07:05:00,Lata_Mangeshkar_Hospital,223.22,0.19,73,0
2026-01-23T07:10:00,Lata_Mangeshkar_Hospital,223.0,0.13,70,0
2026-01-23T07:15:00,Wockhardt_Hospital,226.38,0.18,71,0
2026-01-23T07:20:00,GMC_Nagpur,224.53,0.14,66,0
2026-01-23T07:25:00,Wockhardt_Hospital,223.72,0.17,50,0
2026-01-23T07:30:00,GMC_Nagpur,224.49,0.16,58,0
2026-01-23T07:35:00,Lata_Mangeshkar_Hospital,226.32,0.18,58,0
2026-01-23T07:40:00,AIIMS_Nagpur,223.06,0.21,50,0
2026-01-23T07:45:00,Lata_Mangeshkar_Hospital,225.83,0.18,58,0
2026-01-23T07:50:00,AIIMS_Nagpur,225.44,0.23,45,0
2026-01-23T07:55:00,Wockhardt_Hospital,222.85,0.27,47,0
2026-01-23T08:00:00,Mayo_Hospital,224.63,0.24,59,0
2026-01-23T08:05:00,AIIMS_Nagpur,222.13,0.23,55,0
2026-01-23T08:10:00,AIIMS_Nagpur,221.87,0.21,47,0
2026-01-23T08:15:00,GMC_Nagpur,223.21,0.26,44,0
2026-01-23T08:20:00,Wockhardt_Hospital,222.04,0.2,53,0
2026-01-23T08:25:00,AIIMS_Nagpur,223.01,0.26,49,0
2026-01-23T08:30:00,GMC_Nagpur,221.48,0.24,51,0
2026-01-23T08:35:00,Lata_Mangeshkar_Hospital,220.45,0.25,46,0
2026-01-23T08:40:00,Lata_Mangeshkar_Hospital,185.64,0.95,33,1
2026-01-23T08:45:00,Mayo_Hospital,219.3,0.27,29,0
2026-01-23T08:50:00,GMC_Nagpur,218.64,0.27,27,0
2026-01-23T08:55:00,Wockhardt_Hospital,216.73,0.25,42,0
2026-01-23T09:00:00,Mayo_Hospital,218.64,0.28,36,0
2026-01-23T09:05:00,Mayo_Hospital,218.76,0.26,26,0
2026-01-23T09:10:00,GMC_Nagpur,216.0,0.29,36,0
2026-01-23T09:15:00,GMC_Nagpur,218.03,0.19,33,0
2026-01-23T09:20:00,AIIMS_Nagpur,216.79,0.21,32,0
2026-01-23T09:25:00,GMC_Nagpur,217.19,0.19,27,0
2026-01-23T09:30:00,GMC_Nagpur,217.45,0.19,35,0
2026-01-23T09:35:00,Lata_Mangeshkar_Hospital,213.82,0.22,27,0
2026-01-23T09:40:00,Wockhardt_Hospital,215.79,0.18,21,0
2026-01-23T09:45:00,Lata_Mangeshkar_Hospital,216.77,0.24,23,0
2026-01-23T09:50:00,Wockhardt_Hospital,214.74,0.24,20,0
2026-01-23T09:55:00,AIIMS_Nagpur,213.51,0.17,20,0
2026-01-23T10:00:00,GMC_Nagpur,213.71,0.19,28,0
2026-01-23T10:05:00,Wockhardt_Hospital,213.92,0.17,20,0
2026-01-23T10:10:00,Lata_Mangeshkar_Hospital,214.08,0.22,23,0
2026-01-23T10:15:00,GMC_Nagpur,215.65,0.21,10,0
2026-01-23T10:20:00,Wockhardt_Hospital,214.9,0.14,18,0
2026-01-23T10:25:00,Mayo_Hospital,213.86,0.12,14,0
2026-01-23T10:30:00,Lata_Mangeshkar_Hospital,217.5,0.18,17,0
2026-01-23T10:35:00,GMC_Nagpur,218.0,0.17,10,0
2026-01-23T10:40:00,Mayo_Hospital,216.21,0.1,21,0
2026-01-23T10:45:00,Lata_Mangeshkar_Hospital,218.22,0.08,10,0
2026-01-23T10:50:00,GMC_Nagpur,215.38,0.13,16,0
2026-01-23T10:55:00,Lata_Mangeshkar_Hospital,219.51,0.05,10,0
2026-01-23T11:00:00,Wockhardt_Hospital,218.18,0.13,12,0
2026-01-23T11:05:00,Wockhardt_Hospital,219.4,0.1,10,0
2026-01-23T11:10:00,Mayo_Hospital,217.52,0.06,17,0
2026-01-23T11:15:00,Mayo_Hospital,221.39,0.07,19,0
2026-01-23T11:20:00,AIIMS_Nagpur,218.42,0.03,17,0
2026-01-23T11:25:00,Lata_Mangeshkar_Hospital,219.28,0.08,10,0
2026-01-23T11:30:00,Lata_Mangeshkar_Hospital,222.19,0.07,10,0
2026-01-23T11:35:00,Lata_Mangeshkar_Hospital,220.82,0.03,14,0
2026-01-23T11:40:00,Mayo_Hospital,220.75,0.0,11,0
2026-01-23T11:45:00,GMC_Nagpur,224.41,0.02,10,0
2026-01-23T11:50:00,Wockhardt_Hospital,224.77,0.0,17,0
2026-01-23T11:55:00,Lata_Mangeshkar_Hospital,221.57,0.0,11,0
2026-01-23T12:00:00,AIIMS_Nagpur,223.28,0.0,15,0
2026-01-23T12:05:00,AIIMS_Nagpur,225.55,0.0,15,0
2026-01-23T12:10:00,AIIMS_Nagpur,224.81,0.0,13,0
2026-01-23T12:15:00,Wockhardt_Hospital,222.77,0.0,23,0
2026-01-23T12:20:00,AIIMS_Nagpur,225.05,0.0,12,0
2026-01-23T12:25:00,GMC_Nagpur,224.52,0.0,11,0
2026-01-23T12:30:00,Wockhardt_Hospital,225.35,0.0,21,0
2026-01-23T12:35:00,Lata_Mangeshkar_Hospital,224.36,0.0,10,0
2026-01-23T12:40:00,Lata_Mangeshkar_Hospital,225.62,0.0,15,0
2026-01-23T12:45:00,Mayo_Hospital,223.86,0.0,13,0
2026-01-23T12:50:00,AIIMS_Nagpur,225.09,0.0,15,0
2026-01-23T12:55:00,Mayo_Hospital,226.05,0.0,14,0
2026-01-23T13:00:00,Wockhardt_Hospital,222.83,0.0,28,0
2026-01-23T13:05:00,AIIMS_Nagpur,225.64,0.0,21,0
2026-01-23T13:10:00,Lata_Mangeshkar_Hospital,223.4,0.0,19,0
2026-01-23T13:15:00,GMC_Nagpur,224.38,0.0,35,0
2026-01-23T13:20:00,Mayo_Hospital,224.78,0.0,21,0
2026-01-23T13:25:00,Mayo_Hospital,223.66,0.0,27,0
2026-01-23T13:30:00,AIIMS_Nagpur,220.66,0.0,41,0
2026-01-23T13:35:00,AIIMS_Nagpur,222.8,0.0,42,0
2026-01-23T13:40:00,GMC_Nagpur,222.18,0.0,31,0
2026-01-23T13:45:00,Lata_Mangeshkar_Hospital,221.58,0.0,29,0
2026-01-23T13:50:00,Lata_Mangeshkar_Hospital,220.47,0.0,29,0
2026-01-23T13:55:00,Wockhardt_Hospital,219.56,0.0,32,0
2026-01-23T14:00:00,Wockhardt_Hospital,220.17,0.0,36,0
2026-01-23T14:05:00,GMC_Nagpur,218.15,0.0,48,0
2026-01-23T14:10:00,Wockhardt_Hospital,217.97,0.0,53,0
2026-01-23T14:15:00,GMC_Nagpur,219.2,0.0,40,0
2026-01-23T14:20:00,Mayo_Hospital,219.55,0.0,52,0
2026-01-23T14:25:00,AIIMS_Nagpur,218.71,0.0,54,0
2026-01-23T14:30:00,GMC_Nagpur,218.16,0.0,42,0
2026-01-23T14:35:00,GMC_Nagpur,216.73,0.0,45,0
2026-01-23T14:40:00,GMC_Nagpur,216.21,0.0,51,0
2026-01-23T14:45:00,GMC_Nagpur,216.73,0.0,54,0
2026-01-23T14:50:00,Lata_Mangeshkar_Hospital,217.45,0.0,49,0
2026-01-23T14:55:00,GMC_Nagpur,215.66,0.0,63,0
2026-01-23T15:00:00,GMC_Nagpur,216.07,0.0,60,0
2026-01-23T15:05:00,Lata_Mangeshkar_Hospital,215.62,0.0,66,0
2026-01-23T15:10:00,Lata_Mangeshkar_Hospital,216.26,0.0,67,0
2026-01-23T15:15:00,Mayo_Hospital,216.11,0.0,70,0
2026-01-23T15:20:00,Lata_Mangeshkar_Hospital,216.19,0.0,64,0
2026-01-23T15:25:00,GMC_Nagpur,216.78,0.0,53,0
2026-01-23T15:30:00,AIIMS_Nagpur,213.6,0.0,64,0
2026-01-23T15:35:00,AIIMS_Nagpur,166.35,0.65,69,1
2026-01-23T15:40:00,Mayo_Hospital,217.14,0.0,60,0
2026-01-23T15:45:00,Mayo_Hospital,216.98,0.0,71,0
2026-01-23T15:50:00,Mayo_Hospital,214.38,0.0,68,0
2026-01-23T15:55:00,Wockhardt_Hospital,216.62,0.0,70,0
2026-01-23T16:00:00,Wockhardt_Hospital,215.43,0.0,64,0
2026-01-23T16:05:00,AIIMS_Nagpur,218.52,0.0,68,0
2026-01-23T16:10:00,Wockhardt_Hospital,219.77,0.0,74,0
2026-01-23T16:15:00,Wockhardt_Hospital,216.33,0.0,73,0
2026-01-23T16:20:00,Wockhardt_Hospital,218.68,0.02,75,0
2026-01-23T16:25:00,Wockhardt_Hospital,220.75,0.0,68,0
2026-01-23T16:30:00,Wockhardt_Hospital,219.73,0.08,72,0
2026-01-23T16:35:00,Lata_Mangeshkar_Hospital,220.13,0.02,68,0
2026-01-23T16:40:00,Wockhardt_Hospital,219.38,0.03,62,0
2026-01-23T16:45:00,Mayo_Hospital,221.9,0.04,68,0
2026-01-23T16:50:00,Lata_Mangeshkar_Hospital,221.5,0.05,60,0
2026-01-23T16:55:00,GMC_Nagpur,223.05,0.1,79,0
2026-01-23T17:00:00,Mayo_Hospital,222.67,0.1,73,0
2026-01-23T17:05:00,Mayo_Hospital,221.41,0.14,76,0
2026-01-23T17:10:00,Wockhardt_Hospital,222.3,0.16,73,0
2026-01-23T17:15:00,Lata_Mangeshkar_Hospital,222.52,0.13,63,0
2026-01-23T17:20:00,Mayo_Hospital,225.88,0.11,74,0
2026-01-23T17:25:00,Mayo_Hospital,223.24,0.19,59,0
2026-01-23T17:30:00,GMC_Nagpur,225.19,0.17,56,0
2026-01-23T17:35:00,GMC_Nagpur,225.37,0.14,65,0
2026-01-23T17:40:00,GMC_Nagpur,223.61,0.16,54,0
2026-01-23T17:45:00,Mayo_Hospital,224.98,0.18,54,0
2026-01-23T17:50:00,Lata_Mangeshkar_Hospital,223.53,0.23,59,0
2026-01-23T17:55:00,AIIMS_Nagpur,225.33,0.22,68,0
2026-01-23T18:00:00,Mayo_Hospital,225.63,0.16,51,0
2026-01-23T18:05:00,AIIMS_Nagpur,224.81,0.24,50,0
2026-01-23T18:10:00,Mayo_Hospital,225.2,0.19,61,0
2026-01-23T18:15:00,GMC_Nagpur,194.92,1.13,64,1
2026-01-23T18:20:00,AIIMS_Nagpur,223.25,0.22,62,0
2026-01-23T18:25:00,GMC_Nagpur,224.13,0.18,53,0
2026-01-23T18:30:00,Wockhardt_Hospital,223.51,0.19,50,0
2026-01-23T18:35:00,Lata_Mangeshkar_Hospital,222.34,0.22,47,0
2026-01-23T18:40:00,Lata_Mangeshkar_Hospital,224.71,0.24,46,0
2026-01-23T18:45:00,Mayo_Hospital,222.62,0.23,46,0
2026-01-23T18:50:00,Wockhardt_Hospital,221.68,0.25,44,0
2026-01-23T18:55:00,Mayo_Hospital,222.31,0.21,38,0
2026-01-23T19:00:00,Wockhardt_Hospital,222.41,0.22,39,0
2026-01-23T19:05:00,GMC_Nagpur,220.61,0.25,47,0
2026-01-23T19:10:00,Mayo_Hospital,219.01,0.29,49,0
2026-01-23T19:15:00,Mayo_Hospital,220.77,0.24,47,0
2026-01-23T19:20:00,AIIMS_Nagpur,217.2,0.25,43,0
2026-01-23T19:25:00,Mayo_Hospital,216.65,0.28,32,0
2026-01-23T19:30:00,AIIMS_Nagpur,219.25,0.21,42,0
2026-01-23T19:35:00,Wockhardt_Hospital,217.34,0.26,29,0
2026-01-23T19:40:00,Lata_Mangeshkar_Hospital,218.43,0.24,24,0
2026-01-23T19:45:00,AIIMS_Nagpur,217.9,0.28,37,0
2026-01-23T19:50:00,Mayo_Hospital,217.83,0.27,34,0
2026-01-23T19:55:00,AIIMS_Nagpur,217.16,0.24,30,0
2026-01-23T20:00:00,GMC_Nagpur,216.11,0.23,30,0
2026-01-23T20:05:00,Wockhardt_Hospital,215.15,0.21,21,0
2026-01-23T20:10:00,GMC_Nagpur,214.45,0.18,31,0
2026-01-23T20:15:00,Lata_Mangeshkar_Hospital,216.66,0.23,21,0
2026-01-23T20:20:00,Mayo_Hospital,214.24,0.19,24,0
2026-01-23T20:25:00,Lata_Mangeshkar_Hospital,213.5,0.23,27,0
2026-01-23T20:30:00,GMC_Nagpur,216.19,0.21,13,0
2026-01-23T20:35:00,Mayo_Hospital,215.82,0.14,18,0
2026-01-23T20:40:00,AIIMS_Nagpur,215.64,0.21,24,0
2026-01-23T20:45:00,AIIMS_Nagpur,213.55,0.15,11,0
2026-01-23T20:50:00,GMC_Nagpur,215.77,0.13,23,0
2026-01-23T20:55:00,GMC_Nagpur,217.02,0.15,22,0
2026-01-23T21:00:00,Mayo_Hospital,215.92,0.14,12,0
2026-01-23T21:05:00,GMC_Nagpur,217.42,0.1,10,0
2026-01-23T21:10:00,AIIMS_Nagpur,216.88,0.08,12,0
2026-01-23T21:15:00,Wockhardt_Hospital,217.49,0.09,12,0
2026-01-23T21:20:00,Wockhardt_Hospital,219.2,0.12,10,0
2026-01-23T21:25:00,GMC_Nagpur,216.22,0.12,10,0
2026-01-23T21:30:00,AIIMS_Nagpur,218.21,0.13,10,0
2026-01-23T21:35:00,GMC_Nagpur,220.5,0.04,12,0
2026-01-23T21:40:00,Mayo_Hospital,218.02,0.02,13,0
2026-01-23T21:45:00,Mayo_Hospital,220.88,0.01,10,0
2026-01-23T21:50:00,Lata_Mangeshkar_Hospital,222.23,0.01,10,0
2026-01-23T21:55:00,AIIMS_Nagpur,220.19,0.03,18,0
2026-01-23T22:00:00,Wockhardt_Hospital,223.08,0.0,10,0
2026-01-23T22:05:00,GMC_Nagpur,220.75,0.02,10,0
2026-01-23T22:10:00,AIIMS_Nagpur,224.16,0.01,10,0
2026-01-23T22:15:00,Mayo_Hospital,222.56,0.02,20,0
2026-01-23T22:20:00,GMC_Nagpur,223.9,0.0,18,0
2026-01-23T22:25:00,GMC_Nagpur,224.85,0.0,11,0
2026-01-23T22:30:00,AIIMS_Nagpur,224.69,0.01,10,0
2026-01-23T22:35:00,Wockhardt_Hospital,224.57,0.0,16,0
2026-01-23T22:40:00,Lata_Mangeshkar_Hospital,226.25,0.0,10,0
2026-01-23T22:45:00,Wockhardt_Hospital,225.82,0.0,10,0
2026-01-23T22:50:00,GMC_Nagpur,224.41,0.0,22,0
2026-01-23T22:55:00,Wockhardt_Hospital,226.65,0.0,13,0
2026-01-23T23:00:00,GMC_Nagpur,223.86,0.0,25,0
2026-01-23T23:05:00,Mayo_Hospital,224.32,0.0,25,0
2026-01-23T23:10:00,Wockhardt_Hospital,223.76,0.0,10,0
2026-01-23T23:15:00,Mayo_Hospital,224.43,0.0,28,0
2026-01-23T23:20:00,GMC_Nagpur,181.52,0.76,12,1
2026-01-23T23:25:00,Wockhardt_Hospital,223.17,0.0,22,0
2026-01-23T23:30:00,AIIMS_Nagpur,223.45,0.0,30,0
2026-01-23T23:35:00,Mayo_Hospital,225.54,0.0,24,0
2026-01-23T23:40:00,Mayo_Hospital,222.97,0.0,33,0
2026-01-23T23:45:00,Mayo_Hospital,222.04,0.0,25,0
2026-01-23T23:50:00,AIIMS_Nagpur,221.36,0.0,36,0
2026-01-23T23:55:00,Mayo_Hospital,223.83,0.0,24,0
2026-01-24T00:00:00,GMC_Nagpur,223.23,0.0,25,0
2026-01-24T00:05:00,AIIMS_Nagpur,221.83,0.0,33,0
2026-01-24T00:10:00,Lata_Mangeshkar_Hospital,221.38,0.0,29,0
2026-01-24T00:15:00,Lata_Mangeshkar_Hospital,221.59,0.0,30,0
2026-01-24T00:20:00,Wockhardt_Hospital,220.42,0.0,46,0
2026-01-24T00:25:00,AIIMS_Nagpur,219.68,0.0,39,0
2026-01-24T00:30:00,Wockhardt_Hospital,219.7,0.0,40,0
2026-01-24T00:35:00,Wockhardt_Hospital,218.96,0.0,49,0
2026-01-24T00:40:00,AIIMS_Nagpur,216.82,0.0,35,0
2026-01-24T00:45:00,Lata_Mangeshkar_Hospital,216.99,0.0,37,0
2026-01-24T00:50:00,AIIMS_Nagpur,219.44,0.0,38,0
2026-01-24T00:55:00,Wockhardt_Hospital,215.21,0.0,43,0
2026-01-24T01:00:00,Lata_Mangeshkar_Hospital,215.37,0.0,58,0
2026-01-24T01:05:00,Wockhardt_Hospital,216.78,0.0,55,0
2026-01-24T01:10:00,GMC_Nagpur,217.65,0.0,54,0
2026-01-24T01:15:00,Lata_Mangeshkar_Hospital,214.29,0.0,58,0
2026-01-24T01:20:00,Lata_Mangeshkar_Hospital,215.88,0.0,60,0
2026-01-24T01:25:00,Wockhardt_Hospital,217.13,0.0,49,0
2026-01-24T01:30:00,AIIMS_Nagpur,215.57,0.0,58,0
2026-01-24T01:35:00,Wockhardt_Hospital,215.22,0.0,49,0
2026-01-24T01:40:00,GMC_Nagpur,216.65,0.0,51,0
2026-01-24T01:45:00,Lata_Mangeshkar_Hospital,213.34,0.0,65,0
2026-01-24T01:50:00,Lata_Mangeshkar_Hospital,213.97,0.0,69,0
2026-01-24T01:55:00,GMC_Nagpur,213.62,0.0,56,0
2026-01-24T02:00:00,Wockhardt_Hospital,217.31,0.0,58,0
2026-01-24T02:05:00,Mayo_Hospital,214.19,0.0,57,0
2026-01-24T02:10:00,Mayo_Hospital,180.83,0.74,69,1
2026-01-24T02:15:00,AIIMS_Nagpur,216.13,0.0,75,0
2026-01-24T02:20:00,AIIMS_Nagpur,214.39,0.0,73,0
2026-01-24T02:25:00,Wockhardt_Hospital,216.35,0.0,73,0
2026-01-24T02:30:00,Lata_Mangeshkar_Hospital,216.03,0.0,72,0
2026-01-24T02:35:00,Mayo_Hospital,217.7,0.0,70,0
2026-01-24T02:40:00,Mayo_Hospital,216.92,0.0,77,0
2026-01-24T02:45:00,AIIMS_Nagpur,220.05,0.05,72,0
2026-01-24T02:50:00,Wockhardt_Hospital,219.24,0.07,67,0
2026-01-24T02:55:00,Lata_Mangeshkar_Hospital,220.08,0.02,72,0
2026-01-24T03:00:00,AIIMS_Nagpur,218.72,0.06,73,0
2026-01-24T03:05:00,Lata_Mangeshkar_Hospital,218.88,0.04,74,0
2026-01-24T03:10:00,AIIMS_Nagpur,221.48,0.04,62,0
2026-01-24T03:15:00,GMC_Nagpur,220.03,0.03,73,0
2026-01-24T03:20:00,Wockhardt_Hospital,220.2,0.11,66,0
2026-01-24T03:25:00,AIIMS_Nagpur,221.81,0.1,61,0
2026-01-24T03:30:00,Lata_Mangeshkar_Hospital,221.55,0.13,63,0
2026-01-24T03:35:00,Mayo_Hospital,221.28,0.07,58,0
2026-01-24T03:40:00,Lata_Mangeshkar_Hospital,224.43,0.16,73,0
2026-01-24T03:45:00,AIIMS_Nagpur,224.4,0.1,66,0
2026-01-24T03:50:00,Wockhardt_Hospital,224.31,0.19,61,0
2026-01-24T03:55:00,Mayo_Hospital,223.44,0.13,59,0
2026-01-24T04:00:00,Lata_Mangeshkar_Hospital,223.06,0.2,69,0
2026-01-24T04:05:00,Wockhardt_Hospital,223.3,0.19,62,0
2026-01-24T04:10:00,Mayo_Hospital,224.14,0.22,55,0
2026-01-24T04:15:00,Mayo_Hospital,224.64,0.14,66,0
2026-01-24T04:20:00,Wockhardt_Hospital,225.22,0.23,56,0
2026-01-24T04:25:00,Lata_Mangeshkar_Hospital,225.75,0.25,53,0
2026-01-24T04:30:00,GMC_Nagpur,223.0,0.23,49,0
2026-01-24T04:35:00,GMC_Nagpur,226.59,0.22,56,0
2026-01-24T04:40:00,Lata_Mangeshkar_Hospital,226.53,0.21,55,0
2026-01-24T04:45:00,AIIMS_Nagpur,224.76,0.26,50,0
2026-01-24T04:50:00,Wockhardt_Hospital,225.1,0.27,49,0
2026-01-24T04:55:00,Mayo_Hospital,224.99,0.23,54,0
2026-01-24T05:00:00,Lata_Mangeshkar_Hospital,222.18,0.25,46,0
2026-01-24T05:05:00,Mayo_Hospital,223.77,0.27,51,0
2026-01-24T05:10:00,AIIMS_Nagpur,220.69,0.24,53,0
2026-01-24T05:15:00,AIIMS_Nagpur,223.92,0.22,44,0
2026-01-24T05:20:00,Mayo_Hospital,221.95,0.28,41,0
2026-01-24T05:25:00,Lata_Mangeshkar_Hospital,221.61,0.29,48,0
2026-01-24T05:30:00,GMC_Nagpur,221.23,0.25,47,0
2026-01-24T05:35:00,GMC_Nagpur,218.78,0.24,49,0
2026-01-24T05:40:00,Wockhardt_Hospital,218.65,0.22,34,0
2026-01-24T05:45:00,AIIMS_Nagpur,217.63,0.25,44,0
2026-01-24T05:50:00,GMC_Nagpur,217.01,0.25,45,0
2026-01-24T05:55:00,Wockhardt_Hospital,216.94,0.27,38,0
2026-01-24T06:00:00,AIIMS_Nagpur,217.51,0.27,37,0
2026-01-24T06:05:00,GMC_Nagpur,218.0,0.21,37,0
2026-01-24T06:10:00,GMC_Nagpur,217.0,0.22,33,0
2026-01-24T06:15:00,GMC_Nagpur,217.43,0.25,25,0
2026-01-24T06:20:00,Mayo_Hospital,215.06,0.28,20,0
2026-01-24T06:25:00,AIIMS_Nagpur,215.27,0.21,32,0
2026-01-24T06:30:00,AIIMS_Nagpur,214.65,0.21,32,0
2026-01-24T06:35:00,Mayo_Hospital,215.21,0.21,27,0
2026-01-24T06:40:00,Wockhardt_Hospital,217.23,0.21,22,0
2026-01-24T06:45:00,GMC_Nagpur,213.68,0.16,25,0
2026-01-24T06:50:00,Wockhardt_Hospital,215.35,0.19,15,0
2026-01-24T06:55:00,AIIMS_Nagpur,214.44,0.17,12,0
2026-01-24T07:00:00,Wockhardt_Hospital,215.5,0.19,25,0
2026-01-24T07:05:00,Mayo_Hospital,215.88,0.22,14,0
2026-01-24T07:10:00,Mayo_Hospital,215.91,0.13,10,0
2026-01-24T07:15:00,Lata_Mangeshkar_Hospital,215.39,0.18,23,0
2026-01-24T07:20:00,GMC_Nagpur,216.49,0.15,23,0
2026-01-24T07:25:00,AIIMS_Nagpur,216.57,0.11,22,0
2026-01-24T07:30:00,Lata_Mangeshkar_Hospital,217.37,0.11,11,0
2026-01-24T07:35:00,AIIMS_Nagpur,216.76,0.16,10,0
2026-01-24T07:40:00,AIIMS_Nagpur,216.83,0.11,10,0
2026-01-24T07:45:00,AIIMS_Nagpur,216.47,0.09,10,0
2026-01-24T07:50:00,Lata_Mangeshkar_Hospital,218.6,0.08,16,0
2026-01-24T07:55:00,AIIMS_Nagpur,218.91,0.13,14,0
2026-01-24T08:00:00,AIIMS_Nagpur,217.88,0.12,10,0
2026-01-24T08:05:00,Wockhardt_Hospital,217.4,0.11,10,0
2026-01-24T08:10:00,Wockhardt_Hospital,184.71,0.84,17,1
2026-01-24T08:15:00,AIIMS_Nagpur,219.46,0.01,10,0
2026-01-24T08:20:00,GMC_Nagpur,220.84,0.0,10,0
2026-01-24T08:25:00,AIIMS_Nagpur,221.73,0.05,11,0
2026-01-24T08:30:00,GMC_Nagpur,222.75,0.05,10,0
2026-01-24T08:35:00,Lata_Mangeshkar_Hospital,220.45,0.0,12,0
2026-01-24T08:40:00,Mayo_Hospital,221.46,0.02,19,0
2026-01-24T08:45:00,Mayo_Hospital,221.21,0.0,10,0
2026-01-24T08:50:00,Lata_Mangeshkar_Hospital,223.68,0.0,18,0
2026-01-24T08:55:00,AIIMS_Nagpur,223.21,0.01,18,0
2026-01-24T09:00:00,Wockhardt_Hospital,225.14,0.0,10,0
2026-01-24T09:05:00,GMC_Nagpur,222.23,0.0,22,0
2026-01-24T09:10:00,Lata_Mangeshkar_Hospital,222.56,0.0,20,0
2026-01-24T09:15:00,AIIMS_Nagpur,224.12,0.0,10,0
2026-01-24T09:20:00,GMC_Nagpur,226.05,0.0,23,0
2026-01-24T09:25:00,GMC_Nagpur,223.66,0.0,12,0
2026-01-24T09:30:00,Wockhardt_Hospital,223.74,0.0,17,0
2026-01-24T09:35:00,Mayo_Hospital,225.61,0.0,22,0
2026-01-24T09:40:00,Lata_Mangeshkar_Hospital,225.4,0.0,28,0
2026-01-24T09:45:00,AIIMS_Nagpur,222.89,0.0,18,0
2026-01-24T09:50:00,Wockhardt_Hospital,225.84,0.0,30,0
2026-01-24T09:55:00,Lata_Mangeshkar_Hospital,223.61,0.0,31,0
2026-01-24T10:00:00,GMC_Nagpur,226.15,0.0,20,0
2026-01-24T10:05:00,GMC_Nagpur,224.98,0.0,29,0
2026-01-24T10:10:00,GMC_Nagpur,223.27,0.0,26,0
2026-01-24T10:15:00,Lata_Mangeshkar_Hospital,224.52,0.0,20,0
2026-01-24T10:20:00,Mayo_Hospital,223.47,0.0,24,0
2026-01-24T10:25:00,Wockhardt_Hospital,224.22,0.0,31,0
2026-01-24T10:30:00,Mayo_Hospital,223.69,0.0,37,0
2026-01-24T10:35:00,AIIMS_Nagpur,222.19,0.0,34,0
2026-01-24T10:40:00,Mayo_Hospital,219.53,0.0,26,0
2026-01-24T10:45:00,GMC_Nagpur,218.93,0.0,30,0
2026-01-24T10:50:00,Lata_Mangeshkar_Hospital,221.14,0.0,29,0
2026-01-24T10:55:00,Wockhardt_Hospital,221.03,0.0,49,0
2026-01-24T11:00:00,Lata_Mangeshkar_Hospital,217.53,0.0,46,0
2026-01-24T11:05:00,GMC_Nagpur,216.88,0.0,48,0
2026-01-24T11:10:00,Mayo_Hospital,217.43,0.0,43,0
2026-01-24T11:15:00,GMC_Nagpur,218.0,0.0,53,0
2026-01-24T11:20:00,GMC_Nagpur,217.94,0.0,50,0
2026-01-24T11:25:00,AIIMS_Nagpur,215.05,0.0,46,0
2026-01-24T11:30:00,Mayo_Hospital,172.3,0.89,43,1
2026-01-24T11:35:00,Mayo_Hospital,215.21,0.0,54,0
2026-01-24T11:40:00,AIIMS_Nagpur,215.62,0.0,59,0
2026-01-24T11:45:00,GMC_Nagpur,216.14,0.0,55,0
2026-01-24T11:50:00,Lata_Mangeshkar_Hospital,177.92,0.72,62,1
2026-01-24T11:55:00,Wockhardt_Hospital,189.99,0.9,54,1
2026-01-24T12:00:00,GMC_Nagpur,215.62,0.0,57,0
2026-01-24T12:05:00,Mayo_Hospital,215.41,0.0,61,0
2026-01-24T12:10:00,Mayo_Hospital,215.08,0.0,67,0
2026-01-24T12:15:00,GMC_Nagpur,215.77,0.0,65,0
2026-01-24T12:20:00,Wockhardt_Hospital,213.11,0.0,61,0
2026-01-24T12:25:00,Mayo_Hospital,216.8,0.0,66,0
2026-01-24T12:30:00,Mayo_Hospital,216.49,0.0,55,0
2026-01-24T12:35:00,Wockhardt_Hospital,217.47,0.0,58,0
2026-01-24T12:40:00,Mayo_Hospital,217.82,0.0,74,0
2026-01-24T12:45:00,Lata_Mangeshkar_Hospital,216.0,0.0,72,0
2026-01-24T12:50:00,Mayo_Hospital,218.3,0.0,60,0
2026-01-24T12:55:00,Lata_Mangeshkar_Hospital,215.41,0.0,65,0
2026-01-24T13:00:00,GMC_Nagpur,216.83,0.0,76,0
2026-01-24T13:05:00,GMC_Nagpur,219.12,0.02,73,0
2026-01-24T13:10:00,AIIMS_Nagpur,219.28,0.04,75,0
2026-01-24T13:15:00,GMC_Nagpur,219.02,0.04,72,0
2026-01-24T13:20:00,Mayo_Hospital,219.36,0.07,62,0
2026-01-24T13:25:00,AIIMS_Nagpur,218.02,0.08,66,0
2026-01-24T13:30:00,Lata_Mangeshkar_Hospital,221.93,0.02,66,0
2026-01-24T13:35:00,Wockhardt_Hospital,221.24,0.06,69,0
2026-01-24T13:40:00,Wockhardt_Hospital,219.47,0.06,68,0
2026-01-24T13:45:00,Wockhardt_Hospital,220.92,0.06,75,0
2026-01-24T13:50:00,Wockhardt_Hospital,221.37,0.11,75,0
2026-01-24T13:55:00,AIIMS_Nagpur,222.94,0.06,73,0
2026-01-24T14:00:00,Mayo_Hospital,221.63,0.07,59,0
2026-01-24T14:05:00,Lata_Mangeshkar_Hospital,224.67,0.1,67,0
2026-01-24T14:10:00,GMC_Nagpur,222.77,0.12,70,0
2026-01-24T14:15:00,GMC_Nagpur,222.49,0.16,76,0
2026-01-24T14:20:00,Wockhardt_Hospital,226.02,0.13,69,0
2026-01-24T14:25:00,GMC_Nagpur,224.31,0.15,67,0
2026-01-24T14:30:00,GMC_Nagpur,224.69,0.12,73,0
2026-01-24T14:35:00,AIIMS_Nagpur,223.95,0.22,63,0
2026-01-24T14:40:00,Wockhardt_Hospital,224.88,0.2,63,0
2026-01-24T14:45:00,Wockhardt_Hospital,224.47,0.23,56,0
2026-01-24T14:50:00,AIIMS_Nagpur,224.7,0.19,58,0
2026-01-24T14:55:00,Mayo_Hospital,223.86,0.23,67,0
2026-01-24T15:00:00,Mayo_Hospital,225.63,0.23,66,0
2026-01-24T15:05:00,GMC_Nagpur,224.71,0.25,62,0
2026-01-24T15:10:00,AIIMS_Nagpur,222.57,0.21,49,0
2026-01-24T15:15:00,Wockhardt_Hospital,225.4,0.2,61,0
2026-01-24T15:20:00,AIIMS_Nagpur,224.61,0.24,46,0
2026-01-24T15:25:00,Mayo_Hospital,222.44,0.19,53,0
2026-01-24T15:30:00,Wockhardt_Hospital,222.02,0.27,46,0
2026-01-24T15:35:00,Lata_Mangeshkar_Hospital,223.37,0.27,39,0
2026-01-24T15:40:00,AIIMS_Nagpur,222.35,0.28,49,0
2026-01-24T15:45:00,Mayo_Hospital,221.91,0.28,42,0
2026-01-24T15:50:00,Mayo_Hospital,221.8,0.21,40,0
2026-01-24T15:55:00,GMC_Nagpur,222.94,0.29,35,0
2026-01-24T16:00:00,GMC_Nagpur,218.83,0.22,48,0
2026-01-24T16:05:00,AIIMS_Nagpur,221.02,0.25,45,0
2026-01-24T16:10:00,Wockhardt_Hospital,220.58,0.21,45,0
2026-01-24T16:15:00,GMC_Nagpur,184.22,0.97,29,1
2026-01-24T16:20:00,GMC_Nagpur,218.31,0.22,30,0
2026-01-24T16:25:00,Lata_Mangeshkar_Hospital,217.33,0.29,32,0
2026-01-24T16:30:00,GMC_Nagpur,219.36,0.22,30,0
2026-01-24T16:35:00,Mayo_Hospital,215.54,0.24,22,0
2026-01-24T16:40:00,Wockhardt_Hospital,217.32,0.2,29,0
2026-01-24T16:45:00,Mayo_Hospital,218.22,0.25,38,0
2026-01-24T16:50:00,GMC_Nagpur,218.03,0.27,24,0
2026-01-24T16:55:00,Mayo_Hospital,217.84,0.19,17,0
2026-01-24T17:00:00,Wockhardt_Hospital,216.23,0.2,16,0
2026-01-24T17:05:00,AIIMS_Nagpur,214.27,0.19,18,0
2026-01-24T17:10:00,Mayo_Hospital,214.54,0.24,25,0
2026-01-24T17:15:00,Mayo_Hospital,215.52,0.2,17,0
2026-01-24T17:20:00,Lata_Mangeshkar_Hospital,214.52,0.18,23,0
2026-01-24T17:25:00,Mayo_Hospital,214.35,0.22,28,0
2026-01-24T17:30:00,Mayo_Hospital,213.52,0.2,10,0
2026-01-24T17:35:00,Mayo_Hospital,215.32,0.19,22,0
2026-01-24T17:40:00,Wockhardt_Hospital,216.08,0.16,10,0
2026-01-24T17:45:00,Mayo_Hospital,215.69,0.19,10,0
2026-01-24T17:50:00,GMC_Nagpur,216.08,0.18,16,0
2026-01-24T17:55:00,Lata_Mangeshkar_Hospital,217.36,0.18,10,0
2026-01-24T18:00:00,AIIMS_Nagpur,214.37,0.12,16,0
2026-01-24T18:05:00,AIIMS_Nagpur,217.75,0.16,10,0
2026-01-24T18:10:00,GMC_Nagpur,217.24,0.1,17,0
2026-01-24T18:15:00,GMC_Nagpur,216.17,0.12,10,0
2026-01-24T18:20:00,Mayo_Hospital,218.38,0.08,15,0
2026-01-24T18:25:00,Mayo_Hospital,186.32,0.89,10,1
2026-01-24T18:30:00,Mayo_Hospital,218.59,0.07,10,0
2026-01-24T18:35:00,AIIMS_Nagpur,220.91,0.07,10,0
2026-01-24T18:40:00,Mayo_Hospital,218.91,0.02,15,0
2026-01-24T18:45:00,AIIMS_Nagpur,221.5,0.01,10,0
2026-01-24T18:50:00,GMC_Nagpur,219.36,0.0,10,0
2026-01-24T18:55:00,Lata_Mangeshkar_Hospital,219.72,0.02,10,0
2026-01-24T19:00:00,Lata_Mangeshkar_Hospital,223.27,0.06,10,0
2026-01-24T19:05:00,Lata_Mangeshkar_Hospital,220.38,0.05,10,0
2026-01-24T19:10:00,Wockhardt_Hospital,224.37,0.0,13,0
2026-01-24T19:15:00,GMC_Nagpur,224.24,0.0,10,0
2026-01-24T19:20:00,Wockhardt_Hospital,224.02,0.0,10,0
2026-01-24T19:25:00,Lata_Mangeshkar_Hospital,221.95,0.0,10,0
2026-01-24T19:30:00,Wockhardt_Hospital,225.9,0.0,10,0
2026-01-24T19:35:00,Mayo_Hospital,225.67,0.0,21,0
2026-01-24T19:40:00,AIIMS_Nagpur,226.27,0.0,10,0
2026-01-24T19:45:00,Mayo_Hospital,224.85,0.0,24,0
2026-01-24T19:50:00,AIIMS_Nagpur,225.1,0.0,13,0
2026-01-24T19:55:00,GMC_Nagpur,223.3,0.0,11,0
2026-01-24T20:00:00,Lata_Mangeshkar_Hospital,225.97,0.0,25,0
2026-01-24T20:05:00,AIIMS_Nagpur,223.5,0.0,19,0
2026-01-24T20:10:00,Wockhardt_Hospital,226.18,0.0,10,0
2026-01-24T20:15:00,Mayo_Hospital,223.89,0.0,16,0
2026-01-24T20:20:00,GMC_Nagpur,223.47,0.0,25,0
2026-01-24T20:25:00,Mayo_Hospital,223.11,0.0,30,0
2026-01-24T20:30:00,Mayo_Hospital,222.48,0.0,26,0
2026-01-24T20:35:00,Wockhardt_Hospital,225.79,0.0,24,0
2026-01-24T20:40:00,AIIMS_Nagpur,222.31,0.0,21,0
2026-01-24T20:45:00,GMC_Nagpur,223.35,0.0,19,0
2026-01-24T20:50:00,Lata_Mangeshkar_Hospital,224.07,0.0,28,0
2026-01-24T20:55:00,Wockhardt_Hospital,220.91,0.0,35,0
2026-01-24T21:00:00,GMC_Nagpur,223.0,0.0,40,0
2026-01-24T21:05:00,Lata_Mangeshkar_Hospital,221.39,0.0,25,0
2026-01-24T21:10:00,GMC_Nagpur,219.37,0.0,44,0
2026-01-24T21:15:00,AIIMS_Nagpur,220.57,0.0,32,0
2026-01-24T21:20:00,GMC_Nagpur,218.81,0.0,34,0
2026-01-24T21:25:00,GMC_Nagpur,219.59,0.0,38,0
2026-01-24T21:30:00,GMC_Nagpur,220.99,0.0,46,0
2026-01-24T21:35:00,Lata_Mangeshkar_Hospital,217.07,0.0,40,0
2026-01-24T21:40:00,Lata_Mangeshkar_Hospital,216.16,0.0,42,0
2026-01-24T21:45:00,Wockhardt_Hospital,216.19,0.0,46,0
2026-01-24T21:50:00,Mayo_Hospital,218.16,0.0,42,0
2026-01-24T21:55:00,Wockhardt_Hospital,215.36,0.0,52,0
2026-01-24T22:00:00,Lata_Mangeshkar_Hospital,194.16,0.76,59,1
2026-01-24T22:05:00,Lata_Mangeshkar_Hospital,214.6,0.0,59,0
2026-01-24T22:10:00,Mayo_Hospital,214.66,0.0,60,0
2026-01-24T22:15:00,AIIMS_Nagpur,216.38,0.0,50,0
2026-01-24T22:20:00,AIIMS_Nagpur,215.29,0.0,62,0
2026-01-24T22:25:00,AIIMS_Nagpur,213.65,0.0,58,0
2026-01-24T22:30:00,AIIMS_Nagpur,213.75,0.0,63,0
2026-01-24T22:35:00,GMC_Nagpur,214.15,0.0,52,0
2026-01-24T22:40:00,Lata_Mangeshkar_Hospital,214.15,0.0,66,0
2026-01-24T22:45:00,Lata_Mangeshkar_Hospital,216.63,0.0,54,0
2026-01-24T22:50:00,Mayo_Hospital,216.08,0.0,72,0
2026-01-24T22:55:00,Wockhardt_Hospital,215.5,0.0,73,0
2026-01-24T23:00:00,AIIMS_Nagpur,215.04,0.0,58,0
2026-01-24T23:05:00,GMC_Nagpur,215.45,0.0,66,0
2026-01-24T23:10:00,Mayo_Hospital,214.71,0.01,56,0
2026-01-24T23:15:00,GMC_Nagpur,214.34,0.01,65,0
2026-01-24T23:20:00,AIIMS_Nagpur,176.38,0.77,67,1
2026-01-24T23:25:00,Mayo_Hospital,216.17,0.03,69,0
2026-01-24T23:30:00,Mayo_Hospital,217.59,0.0,64,0
2026-01-24T23:35:00,Wockhardt_Hospital,216.52,0.0,70,0
2026-01-24T23:40:00,AIIMS_Nagpur,218.69,0.03,63,0
2026-01-24T23:45:00,GMC_Nagpur,217.89,0.06,67,0
2026-01-24T23:50:00,Mayo_Hospital,217.26,0.03,67,0
2026-01-24T23:55:00,GMC_Nagpur,220.92,0.02,62,0
2026-01-25T00:00:00,Mayo_Hospital,222.1,0.04,63,0
2026-01-25T00:05:00,GMC_Nagpur,219.21,0.02,68,0
2026-01-25T00:10:00,Lata_Mangeshkar_Hospital,222.89,0.06,77,0
2026-01-25T00:15:00,Mayo_Hospital,221.64,0.05,71,0
2026-01-25T00:20:00,GMC_Nagpur,223.08,0.08,66,0
2026-01-25T00:25:00,Wockhardt_Hospital,223.36,0.15,73,0
2026-01-25T00:30:00,AIIMS_Nagpur,222.36,0.11,70,0
2026-01-25T00:35:00,GMC_Nagpur,225.3,0.09,61,0
2026-01-25T00:40:00,AIIMS_Nagpur,224.46,0.09,75,0
2026-01-25T00:45:00,AIIMS_Nagpur,225.41,0.14,71,0
2026-01-25T00:50:00,Wockhardt_Hospital,225.43,0.13,60,0
2026-01-25T00:55:00,Mayo_Hospital,223.8,0.18,67,0
2026-01-25T01:00:00,Lata_Mangeshkar_Hospital,223.49,0.2,54,0
2026-01-25T01:05:00,Wockhardt_Hospital,223.1,0.19,59,0
2026-01-25T01:10:00,Lata_Mangeshkar_Hospital,224.1,0.23,72,0
2026-01-25T01:15:00,AIIMS_Nagpur,226.29,0.23,57,0
2026-01-25T01:20:00,AIIMS_Nagpur,223.66,0.22,56,0
2026-01-25T01:25:00,Mayo_Hospital,224.67,0.22,54,0
2026-01-25T01:30:00,Wockhardt_Hospital,224.4,0.21,67,0
2026-01-25T01:35:00,Lata_Mangeshkar_Hospital,224.87,0.21,48,0
2026-01-25T01:40:00,GMC_Nagpur,224.3,0.19,61,0
2026-01-25T01:45:00,Lata_Mangeshkar_Hospital,222.8,0.19,49,0
2026-01-25T01:50:00,AIIMS_Nagpur,222.95,0.2,44,0
2026-01-25T01:55:00,Lata_Mangeshkar_Hospital,221.99,0.22,54,0
2026-01-25T02:00:00,GMC_Nagpur,223.25,0.2,44,0
2026-01-25T02:05:00,Wockhardt_Hospital,222.75,0.25,46,0
2026-01-25T02:10:00,AIIMS_Nagpur,222.93,0.24,53,0
2026-01-25T02:15:00,AIIMS_Nagpur,222.46,0.26,43,0
2026-01-25T02:20:00,Lata_Mangeshkar_Hospital,220.83,0.22,38,0
2026-01-25T02:25:00,Lata_Mangeshkar_Hospital,221.72,0.29,40,0
2026-01-25T02:30:00,Lata_Mangeshkar_Hospital,219.79,0.22,39,0
2026-01-25T02:35:00,Lata_Mangeshkar_Hospital,220.04,0.29,35,0
2026-01-25T02:40:00,Mayo_Hospital,219.45,0.3,43,0
2026-01-25T02:45:00,AIIMS_Nagpur,219.71,0.23,42,0
2026-01-25T02:50:00,Wockhardt_Hospital,219.73,0.21,32,0
2026-01-25T02:55:00,Lata_Mangeshkar_Hospital,217.03,0.25,38,0
2026-01-25T03:00:00,Wockhardt_Hospital,217.97,0.25,42,0
2026-01-25T03:05:00,Wockhardt_Hospital,217.03,0.23,27,0
2026-01-25T03:10:00,GMC_Nagpur,215.43,0.27,31,0
2026-01-25T03:15:00,Lata_Mangeshkar_Hospital,214.5,0.18,20,0
2026-01-25T03:20:00,GMC_Nagpur,216.0,0.22,19,0
2026-01-25T03:25:00,Lata_Mangeshkar_Hospital,216.53,0.22,33,0
2026-01-25T03:30:00,Mayo_Hospital,216.48,0.22,27,0
2026-01-25T03:35:00,Mayo_Hospital,213.9,0.21,14,0
2026-01-25T03:40:00,Lata_Mangeshkar_Hospital,215.38,0.25,12,0
2026-01-25T03:45:00,Lata_Mangeshkar_Hospital,215.35,0.23,28,0
2026-01-25T03:50:00,GMC_Nagpur,216.14,0.18,27,0
2026-01-25T03:55:00,Lata_Mangeshkar_Hospital,215.12,0.2,14,0
2026-01-25T04:00:00,Wockhardt_Hospital,213.79,0.16,19,0
2026-01-25T04:05:00,Mayo_Hospital,213.99,0.22,24,0
2026-01-25T04:10:00,GMC_Nagpur,213.61,0.15,24,0
2026-01-25T04:15:00,Mayo_Hospital,216.84,0.15,16,0
2026-01-25T04:20:00,GMC_Nagpur,217.1,0.11,14,0
2026-01-25T04:25:00,AIIMS_Nagpur,216.93,0.15,10,0
2026-01-25T04:30:00,GMC_Nagpur,217.6,0.14,19,0
2026-01-25T04:35:00,AIIMS_Nagpur,215.56,0.14,15,0
2026-01-25T04:40:00,GMC_Nagpur,218.17,0.15,15,0
2026-01-25T04:45:00,Lata_Mangeshkar_Hospital,216.28,0.07,10,0
2026-01-25T04:50:00,GMC_Nagpur,216.21,0.11,10,0
2026-01-25T04:55:00,Wockhardt_Hospital,220.16,0.08,10,0
2026-01-25T05:00:00,GMC_Nagpur,218.55,0.03,16,0
2026-01-25T05:05:00,AIIMS_Nagpur,219.63,0.09,14,0
2026-01-25T05:10:00,GMC_Nagpur,220.17,0.09,10,0
2026-01-25T05:15:00,Mayo_Hospital,222.12,0.02,10,0
2026-01-25T05:20:00,Wockhardt_Hospital,219.23,0.0,13,0
2026-01-25T05:25:00,Mayo_Hospital,222.16,0.02,13,0
2026-01-25T05:30:00,Mayo_Hospital,221.28,0.02,15,0
2026-01-25T05:35:00,AIIMS_Nagpur,222.68,0.0,10,0
2026-01-25T05:40:00,Mayo_Hospital,221.34,0.0,10,0
2026-01-25T05:45:00,GMC_Nagpur,223.9,0.02,14,0
2026-01-25T05:50:00,Mayo_Hospital,221.74,0.0,19,0
2026-01-25T05:55:00,Lata_Mangeshkar_Hospital,224.52,0.0,22,0
2026-01-25T06:00:00,Mayo_Hospital,223.63,0.0,23,0
2026-01-25T06:05:00,AIIMS_Nagpur,223.7,0.0,15,0
2026-01-25T06:10:00,Mayo_Hospital,223.68,0.0,10,0
2026-01-25T06:15:00,AIIMS_Nagpur,223.51,0.0,10,0
2026-01-25T06:20:00,GMC_Nagpur,225.8,0.0,13,0
2026-01-25T06:25:00,Mayo_Hospital,223.43,0.0,22,0
2026-01-25T06:30:00,Lata_Mangeshkar_Hospital,225.24,0.0,16,0
2026-01-25T06:35:00,Lata_Mangeshkar_Hospital,223.11,0.0,20,0
2026-01-25T06:40:00,Lata_Mangeshkar_Hospital,224.14,0.0,22,0
2026-01-25T06:45:00,GMC_Nagpur,224.11,0.0,29,0
2026-01-25T06:50:00,GMC_Nagpur,223.17,0.0,20,0
2026-01-25T06:55:00,Mayo_Hospital,224.76,0.0,28,0
2026-01-25T07:00:00,Mayo_Hospital,222.96,0.0,23,0
2026-01-25T07:05:00,Mayo_Hospital,223.36,0.0,18,0
2026-01-25T07:10:00,Lata_Mangeshkar_Hospital,224.24,0.0,38,0
2026-01-25T07:15:00,AIIMS_Nagpur,221.65,0.0,31,0
2026-01-25T07:20:00,GMC_Nagpur,221.91,0.0,38,0
2026-01-25T07:25:00,Wockhardt_Hospital,221.11,0.0,34,0
2026-01-25T07:30:00,Wockhardt_Hospital,220.24,0.0,41,0
2026-01-25T07:35:00,Lata_Mangeshkar_Hospital,221.09,0.0,34,0
2026-01-25T07:40:00,Lata_Mangeshkar_Hospital,219.38,0.0,29,0
2026-01-25T07:45:00,Lata_Mangeshkar_Hospital,221.26,0.0,33,0
2026-01-25T07:50:00,GMC_Nagpur,219.16,0.0,40,0
2026-01-25T07:55:00,Lata_Mangeshkar_Hospital,220.86,0.0,50,0
2026-01-25T08:00:00,Mayo_Hospital,220.17,0.0,39,0
2026-01-25T08:05:00,AIIMS_Nagpur,218.71,0.0,49,0
2026-01-25T08:10:00,Wockhardt_Hospital,216.35,0.0,43,0
2026-01-25T08:15:00,Mayo_Hospital,217.71,0.0,40,0
2026-01-25T08:20:00,Wockhardt_Hospital,218.7,0.0,57,0
2026-01-25T08:25:00,Wockhardt_Hospital,217.97,0.0,48,0
2026-01-25T08:30:00,Lata_Mangeshkar_Hospital,216.96,0.0,48,0
2026-01-25T08:35:00,Wockhardt_Hospital,217.33,0.0,55,0
2026-01-25T08:40:00,Wockhardt_Hospital,215.46,0.0,49,0
2026-01-25T08:45:00,AIIMS_Nagpur,215.97,0.0,59,0
2026-01-25T08:50:00,AIIMS_Nagpur,216.64,0.0,58,0
2026-01-25T08:55:00,Lata_Mangeshkar_Hospital,213.21,0.0,67,0
2026-01-25T09:00:00,GMC_Nagpur,213.79,0.0,55,0
2026-01-25T09:05:00,AIIMS_Nagpur,216.43,0.0,65,0
2026-01-25T09:10:00,Wockhardt_Hospital,216.91,0.0,54,0
2026-01-25T09:15:00,AIIMS_Nagpur,215.05,0.0,62,0
2026-01-25T09:20:00,AIIMS_Nagpur,213.62,0.0,63,0
2026-01-25T09:25:00,Mayo_Hospital,215.84,0.0,54,0
2026-01-25T09:30:00,Wockhardt_Hospital,217.22,0.0,61,0
2026-01-25T09:35:00,AIIMS_Nagpur,215.34,0.0,70,0
2026-01-25T09:40:00,Mayo_Hospital,215.87,0.0,64,0
2026-01-25T09:45:00,Wockhardt_Hospital,215.9,0.0,60,0
2026-01-25T09:50:00,AIIMS_Nagpur,215.46,0.02,71,0
2026-01-25T09:55:00,Mayo_Hospital,217.12,0.04,67,0
2026-01-25T10:00:00,Mayo_Hospital,216.47,0.0,62,0
2026-01-25T10:05:00,Mayo_Hospital,217.4,0.01,71,0
2026-01-25T10:10:00,AIIMS_Nagpur,220.08,0.04,61,0
2026-01-25T10:15:00,Wockhardt_Hospital,218.08,0.05,60,0
2026-01-25T10:20:00,Lata_Mangeshkar_Hospital,217.82,0.09,75,0
2026-01-25T10:25:00,Lata_Mangeshkar_Hospital,218.22,0.03,79,0
2026-01-25T10:30:00,Lata_Mangeshkar_Hospital,220.52,0.08,69,0
2026-01-25T10:35:00,Wockhardt_Hospital,219.46,0.11,79,0
2026-01-25T10:40:00,GMC_Nagpur,220.85,0.07,69,0
2026-01-25T10:45:00,AIIMS_Nagpur,220.45,0.1,60,0
2026-01-25T10:50:00,GMC_Nagpur,222.18,0.09,69,0
2026-01-25T10:55:00,Lata_Mangeshkar_Hospital,222.94,0.12,77,0
2026-01-25T11:00:00,Lata_Mangeshkar_Hospital,223.91,0.15,76,0
2026-01-25T11:05:00,AIIMS_Nagpur,222.36,0.09,77,0
2026-01-25T11:10:00,Wockhardt_Hospital,222.16,0.12,59,0
2026-01-25T11:15:00,AIIMS_Nagpur,223.26,0.13,76,0
2026-01-25T11:20:00,Lata_Mangeshkar_Hospital,177.96,0.9,61,1
2026-01-25T11:25:00,Mayo_Hospital,224.17,0.14,67,0
2026-01-25T11:30:00,GMC_Nagpur,223.65,0.13,63,0
2026-01-25T11:35:00,Wockhardt_Hospital,225.0,0.19,64,0
2026-01-25T11:40:00,Wockhardt_Hospital,225.04,0.21,66,0
2026-01-25T11:45:00,Mayo_Hospital,223.63,0.17,65,0
2026-01-25T11:50:00,GMC_Nagpur,224.67,0.22,67,0
2026-01-25T11:55:00,GMC_Nagpur,226.48,0.24,55,0
2026-01-25T12:00:00,Lata_Mangeshkar_Hospital,226.07,0.19,54,0
2026-01-25T12:05:00,Mayo_Hospital,222.92,0.22,49,0
2026-01-25T12:10:00,Lata_Mangeshkar_Hospital,222.73,0.27,51,0
2026-01-25T12:15:00,AIIMS_Nagpur,223.91,0.19,63,0
2026-01-25T12:20:00,Mayo_Hospital,225.54,0.26,48,0
2026-01-25T12:25:00,Mayo_Hospital,221.97,0.28,44,0
2026-01-25T12:30:00,GMC_Nagpur,222.23,0.29,45,0
2026-01-25T12:35:00,GMC_Nagpur,222.85,0.25,50,0
2026-01-25T12:40:00,GMC_Nagpur,224.18,0.23,39,0
2026-01-25T12:45:00,AIIMS_Nagpur,222.19,0.24,36,0
2026-01-25T12:50:00,AIIMS_Nagpur,221.66,0.24,40,0
2026-01-25T12:55:00,Mayo_Hospital,220.78,0.27,34,0
2026-01-25T13:00:00,Mayo_Hospital,218.45,0.25,39,0
2026-01-25T13:05:00,GMC_Nagpur,219.71,0.29,44,0
2026-01-25T13:10:00,GMC_Nagpur,219.23,0.25,28,0
2026-01-25T13:15:00,AIIMS_Nagpur,216.97,0.21,42,0
2026-01-25T13:20:00,AIIMS_Nagpur,216.45,0.21,40,0
2026-01-25T13:25:00,AIIMS_Nagpur,219.15,0.24,29,0
2026-01-25T13:30:00,GMC_Nagpur,178.22,0.97,31,1
2026-01-25T13:35:00,Lata_Mangeshkar_Hospital,217.17,0.27,29,0
2026-01-25T13:40:00,AIIMS_Nagpur,216.52,0.21,26,0
2026-01-25T13:45:00,Wockhardt_Hospital,215.83,0.21,28,0
2026-01-25T13:50:00,Mayo_Hospital,216.42,0.25,31,0
2026-01-25T13:55:00,Mayo_Hospital,216.47,0.27,28,0
2026-01-25T14:00:00,Wockhardt_Hospital,216.65,0.18,29,0
2026-01-25T14:05:00,Lata_Mangeshkar_Hospital,214.19,0.25,17,0
2026-01-25T14:10:00,AIIMS_Nagpur,213.2,0.24,30,0
2026-01-25T14:15:00,GMC_Nagpur,216.17,0.17,14,0
2026-01-25T14:20:00,Lata_Mangeshkar_Hospital,216.83,0.2,17,0
2026-01-25T14:25:00,GMC_Nagpur,216.39,0.17,20,0
2026-01-25T14:30:00,Lata_Mangeshkar_Hospital,215.2,0.14,10,0
2026-01-25T14:35:00,Wockhardt_Hospital,214.58,0.21,10,0
2026-01-25T14:40:00,Lata_Mangeshkar_Hospital,213.86,0.13,16,0
2026-01-25T14:45:00,Lata_Mangeshkar_Hospital,215.94,0.15,17,0
2026-01-25T14:50:00,Wockhardt_Hospital,215.29,0.12,19,0
2026-01-25T14:55:00,Mayo_Hospital,216.11,0.1,15,0
2026-01-25T15:00:00,AIIMS_Nagpur,217.47,0.1,12,0
2026-01-25T15:05:00,Wockhardt_Hospital,217.03,0.12,10,0
2026-01-25T15:10:00,AIIMS_Nagpur,216.69,0.14,20,0
2026-01-25T15:15:00,GMC_Nagpur,217.29,0.06,19,0
2026-01-25T15:20:00,Mayo_Hospital,218.91,0.08,13,0
2026-01-25T15:25:00,Mayo_Hospital,219.24,0.07,14,0
2026-01-25T15:30:00,Wockhardt_Hospital,220.36,0.05,10,0
2026-01-25T15:35:00,Wockhardt_Hospital,218.72,0.1,10,0
2026-01-25T15:40:00,GMC_Nagpur,220.1,0.04,10,0
2026-01-25T15:45:00,Lata_Mangeshkar_Hospital,218.65,0.07,10,0
2026-01-25T15:50:00,Wockhardt_Hospital,222.69,0.0,10,0
2026-01-25T15:55:00,Wockhardt_Hospital,221.03,0.03,10,0
2026-01-25T16:00:00,Lata_Mangeshkar_Hospital,223.93,0.01,12,0
2026-01-25T16:05:00,GMC_Nagpur,222.32,0.02,10,0
2026-01-25T16:10:00,Wockhardt_Hospital,223.64,0.02,10,0
2026-01-25T16:15:00,AIIMS_Nagpur,224.24,0.0,19,0
2026-01-25T16:20:00,Mayo_Hospital,224.01,0.0,10,0
2026-01-25T16:25:00,Mayo_Hospital,225.32,0.01,15,0
2026-01-25T16:30:00,GMC_Nagpur,224.16,0.0,15,0
2026-01-25T16:35:00,Lata_Mangeshkar_Hospital,224.22,0.0,16,0
2026-01-25T16:40:00,Wockhardt_Hospital,224.21,0.0,22,0
2026-01-25T16:45:00,Lata_Mangeshkar_Hospital,223.72,0.0,16,0
2026-01-25T16:50:00,GMC_Nagpur,225.66,0.0,22,0
2026-01-25T16:55:00,Mayo_Hospital,225.47,0.0,10,0
2026-01-25T17:00:00,Lata_Mangeshkar_Hospital,226.85,0.0,22,0
2026-01-25T17:05:00,Wockhardt_Hospital,224.29,0.0,25,0
2026-01-25T17:10:00,Mayo_Hospital,224.91,0.0,27,0
2026-01-25T17:15:00,Lata_Mangeshkar_Hospital,223.61,0.0,21,0
2026-01-25T17:20:00,GMC_Nagpur,222.76,0.0,29,0
2026-01-25T17:25:00,GMC_Nagpur,223.11,0.0,24,0
2026-01-25T17:30:00,Wockhardt_Hospital,222.53,0.0,24,0
2026-01-25T17:35:00,Wockhardt_Hospital,223.41,0.0,19,0
2026-01-25T17:40:00,Lata_Mangeshkar_Hospital,222.57,0.0,37,0
2026-01-25T17:45:00,GMC_Nagpur,223.73,0.0,30,0
2026-01-25T17:50:00,AIIMS_Nagpur,224.44,0.0,25,0
2026-01-25T17:55:00,Wockhardt_Hospital,223.32,0.0,40,0
2026-01-25T18:00:00,GMC_Nagpur,181.79,0.65,28,1
2026-01-25T18:05:00,Mayo_Hospital,219.91,0.0,44,0
2026-01-25T18:10:00,Lata_Mangeshkar_Hospital,220.48,0.0,35,0
2026-01-25T18:15:00,GMC_Nagpur,221.31,0.0,35,0
2026-01-25T18:20:00,Mayo_Hospital,220.76,0.0,48,0
2026-01-25T18:25:00,Mayo_Hospital,220.76,0.0,41,0
2026-01-25T18:30:00,Mayo_Hospital,217.27,0.0,33,0
2026-01-25T18:35:00,Wockhardt_Hospital,216.36,0.0,35,0
2026-01-25T18:40:00,Mayo_Hospital,216.84,0.0,48,0
2026-01-25T18:45:00,Mayo_Hospital,217.01,0.0,57,0
2026-01-25T18:50:00,Mayo_Hospital,215.61,0.0,45,0
2026-01-25T18:55:00,Wockhardt_Hospital,214.66,0.0,41,0
2026-01-25T19:00:00,Mayo_Hospital,191.31,0.9,54,1
2026-01-25T19:05:00,AIIMS_Nagpur,215.97,0.0,60,0
2026-01-25T19:10:00,AIIMS_Nagpur,216.41,0.0,48,0
2026-01-25T19:15:00,AIIMS_Nagpur,213.98,0.0,63,0
2026-01-25T19:20:00,Mayo_Hospital,214.62,0.0,49,0
2026-01-25T19:25:00,Wockhardt_Hospital,215.02,0.0,52,0
2026-01-25T19:30:00,GMC_Nagpur,215.61,0.0,62,0
2026-01-25T19:35:00,Wockhardt_Hospital,213.44,0.0,68,0
2026-01-25T19:40:00,AIIMS_Nagpur,215.28,0.0,56,0
2026-01-25T19:45:00,Mayo_Hospital,213.39,0.0,65,0
2026-01-25T19:50:00,GMC_Nagpur,214.07,0.0,60,0
2026-01-25T19:55:00,Wockhardt_Hospital,216.27,0.0,55,0
2026-01-25T20:00:00,Mayo_Hospital,216.23,0.0,65,0
2026-01-25T20:05:00,Mayo_Hospital,214.23,0.01,69,0
2026-01-25T20:10:00,Lata_Mangeshkar_Hospital,217.67,0.0,63,0
2026-01-25T20:15:00,Lata_Mangeshkar_Hospital,216.18,0.0,59,0
2026-01-25T20:20:00,GMC_Nagpur,217.75,0.0,71,0
2026-01-25T20:25:00,Lata_Mangeshkar_Hospital,217.05,0.01,77,0
2026-01-25T20:30:00,GMC_Nagpur,217.43,0.0,78,0
2026-01-25T20:35:00,Wockhardt_Hospital,217.93,0.0,69,0
2026-01-25T20:40:00,Wockhardt_Hospital,220.51,0.0,60,0
2026-01-25T20:45:00,GMC_Nagpur,217.63,0.04,62,0
2026-01-25T20:50:00,Wockhardt_Hospital,217.73,0.07,62,0
2026-01-25T20:55:00,Wockhardt_Hospital,218.48,0.09,77,0
2026-01-25T21:00:00,GMC_Nagpur,221.64,0.03,76,0
2026-01-25T21:05:00,AIIMS_Nagpur,220.43,0.1,60,0
2026-01-25T21:10:00,GMC_Nagpur,221.61,0.06,78,0
2026-01-25T21:15:00,Lata_Mangeshkar_Hospital,222.72,0.14,63,0
2026-01-25T21:20:00,GMC_Nagpur,221.89,0.13,71,0
2026-01-25T21:25:00,Mayo_Hospital,222.34,0.14,65,0
2026-01-25T21:30:00,Mayo_Hospital,222.89,0.15,60,0
2026-01-25T21:35:00,Lata_Mangeshkar_Hospital,221.88,0.16,68,0
2026-01-25T21:40:00,Wockhardt_Hospital,225.75,0.15,67,0
2026-01-25T21:45:00,Wockhardt_Hospital,225.26,0.14,68,0
2026-01-25T21:50:00,AIIMS_Nagpur,226.13,0.12,56,0
2026-01-25T21:55:00,Wockhardt_Hospital,223.23,0.16,73,0
2026-01-25T22:00:00,AIIMS_Nagpur,223.79,0.13,62,0
2026-01-25T22:05:00,Wockhardt_Hospital,223.69,0.17,71,0
2026-01-25T22:10:00,AIIMS_Nagpur,225.17,0.17,54,0
2026-01-25T22:15:00,Mayo_Hospital,225.88,0.24,53,0
2026-01-25T22:20:00,Wockhardt_Hospital,223.07,0.18,51,0
2026-01-25T22:25:00,GMC_Nagpur,223.01,0.25,49,0
2026-01-25T22:30:00,AIIMS_Nagpur,225.96,0.21,48,0
2026-01-25T22:35:00,Mayo_Hospital,226.11,0.19,65,0
2026-01-25T22:40:00,Wockhardt_Hospital,222.6,0.17,54,0
2026-01-25T22:45:00,Lata_Mangeshkar_Hospital,224.74,0.26,47,0
2026-01-25T22:50:00,Wockhardt_Hospital,221.82,0.18,42,0
2026-01-25T22:55:00,GMC_Nagpur,224.68,0.26,55,0
2026-01-25T23:00:00,AIIMS_Nagpur,223.97,0.21,41,0
2026-01-25T23:05:00,GMC_Nagpur,222.66,0.26,51,0
2026-01-25T23:10:00,Mayo_Hospital,220.56,0.24,39,0
2026-01-25T23:15:00,GMC_Nagpur,222.88,0.21,37,0
2026-01-25T23:20:00,Wockhardt_Hospital,220.45,0.2,41,0
2026-01-25T23:25:00,Lata_Mangeshkar_Hospital,220.79,0.26,45,0
2026-01-25T23:30:00,Lata_Mangeshkar_Hospital,222.05,0.28,35,0
2026-01-25T23:35:00,Mayo_Hospital,219.08,0.29,39,0
2026-01-25T23:40:00,GMC_Nagpur,218.38,0.29,40,0
2026-01-25T23:45:00,AIIMS_Nagpur,218.6,0.21,31,0
2026-01-25T23:50:00,GMC_Nagpur,218.43,0.23,28,0
2026-01-25T23:55:00,AIIMS_Nagpur,218.37,0.22,24,0
2026-01-26T00:00:00,AIIMS_Nagpur,217.1,0.21,28,0
2026-01-26T00:05:00,AIIMS_Nagpur,217.82,0.22,27,0
2026-01-26T00:10:00,AIIMS_Nagpur,216.89,0.21,34,0
2026-01-26T00:15:00,Mayo_Hospital,215.61,0.22,37,0
2026-01-26T00:20:00,Wockhardt_Hospital,217.65,0.26,21,0
2026-01-26T00:25:00,Wockhardt_Hospital,216.69,0.2,17,0
2026-01-26T00:30:00,AIIMS_Nagpur,215.04,0.19,27,0
2026-01-26T00:35:00,Wockhardt_Hospital,214.38,0.2,12,0
2026-01-26T00:40:00,GMC_Nagpur,216.71,0.24,13,0
2026-01-26T00:45:00,AIIMS_Nagpur,213.96,0.17,11,0
2026-01-26T00:50:00,Wockhardt_Hospital,215.85,0.22,13,0
2026-01-26T00:55:00,AIIMS_Nagpur,214.84,0.15,19,0
2026-01-26T01:00:00,GMC_Nagpur,214.33,0.22,25,0
2026-01-26T01:05:00,Lata_Mangeshkar_Hospital,214.12,0.17,10,0
2026-01-26T01:10:00,Lata_Mangeshkar_Hospital,216.57,0.16,13,0
2026-01-26T01:15:00,GMC_Nagpur,217.39,0.18,22,0
2026-01-26T01:20:00,Wockhardt_Hospital,217.8,0.11,10,0
2026-01-26T01:25:00,Mayo_Hospital,217.0,0.16,22,0
2026-01-26T01:30:00,Mayo_Hospital,218.17,0.09,22,0
2026-01-26T01:35:00,Lata_Mangeshkar_Hospital,218.8,0.1,10,0
2026-01-26T01:40:00,Mayo_Hospital,215.94,0.11,10,0
2026-01-26T01:45:00,AIIMS_Nagpur,216.27,0.07,10,0
2026-01-26T01:50:00,Wockhardt_Hospital,218.43,0.12,20,0
2026-01-26T01:55:00,AIIMS_Nagpur,217.94,0.13,10,0
2026-01-26T02:00:00,Lata_Mangeshkar_Hospital,219.6,0.09,12,0
2026-01-26T02:05:00,Lata_Mangeshkar_Hospital,217.96,0.06,13,0
2026-01-26T02:10:00,GMC_Nagpur,219.9,0.0,10,0
2026-01-26T02:15:00,GMC_Nagpur,218.95,0.03,10,0
2026-01-26T02:20:00,Wockhardt_Hospital,180.32,0.67,10,1
2026-01-26T02:25:00,Wockhardt_Hospital,220.51,0.0,10,0
2026-01-26T02:30:00,GMC_Nagpur,220.23,0.04,18,0
2026-01-26T02:35:00,Mayo_Hospital,222.82,0.0,19,0
2026-01-26T02:40:00,AIIMS_Nagpur,223.22,0.0,13,0
2026-01-26T02:45:00,GMC_Nagpur,224.68,0.0,13,0
2026-01-26T02:50:00,AIIMS_Nagpur,222.57,0.0,10,0
2026-01-26T02:55:00,Mayo_Hospital,223.29,0.0,22,0
2026-01-26T03:00:00,AIIMS_Nagpur,224.3,0.0,10,0
2026-01-26T03:05:00,Wockhardt_Hospital,223.9,0.0,17,0
2026-01-26T03:10:00,Mayo_Hospital,222.78,0.0,16,0
2026-01-26T03:15:00,GMC_Nagpur,223.03,0.0,11,0
2026-01-26T03:20:00,Lata_Mangeshkar_Hospital,226.1,0.0,21,0
2026-01-26T03:25:00,Mayo_Hospital,225.63,0.0,25,0
2026-01-26T03:30:00,AIIMS_Nagpur,224.78,0.0,14,0
2026-01-26T03:35:00,GMC_Nagpur,225.08,0.0,27,0
2026-01-26T03:40:00,Lata_Mangeshkar_Hospital,224.98,0.0,18,0
2026-01-26T03:45:00,AIIMS_Nagpur,225.48,0.0,23,0
2026-01-26T03:50:00,Wockhardt_Hospital,224.71,0.0,33,0
2026-01-26T03:55:00,AIIMS_Nagpur,222.82,0.0,25,0
2026-01-26T04:00:00,AIIMS_Nagpur,224.05,0.0,34,0
2026-01-26T04:05:00,Mayo_Hospital,224.69,0.0,34,0
2026-01-26T04:10:00,GMC_Nagpur,224.16,0.0,32,0
2026-01-26T04:15:00,AIIMS_Nagpur,221.32,0.0,30,0
2026-01-26T04:20:00,Mayo_Hospital,221.91,0.0,31,0
2026-01-26T04:25:00,Mayo_Hospital,223.27,0.0,28,0
2026-01-26T04:30:00,GMC_Nagpur,185.11,0.74,41,1
2026-01-26T04:35:00,AIIMS_Nagpur,222.28,0.0,34,0
2026-01-26T04:40:00,GMC_Nagpur,218.65,0.0,45,0
2026-01-26T04:45:00,GMC_Nagpur,220.12,0.0,36,0
2026-01-26T04:50:00,Wockhardt_Hospital,219.09,0.0,36,0
2026-01-26T04:55:00,Lata_Mangeshkar_Hospital,220.86,0.0,40,0
2026-01-26T05:00:00,Lata_Mangeshkar_Hospital,220.03,0.0,46,0
2026-01-26T05:05:00,GMC_Nagpur,217.52,0.0,52,0
2026-01-26T05:10:00,AIIMS_Nagpur,219.61,0.0,46,0
2026-01-26T05:15:00,AIIMS_Nagpur,216.94,0.0,50,0
2026-01-26T05:20:00,Wockhardt_Hospital,216.35,0.0,41,0
2026-01-26T05:25:00,AIIMS_Nagpur,216.53,0.0,49,0
2026-01-26T05:30:00,Mayo_Hospital,216.62,0.0,59,0
2026-01-26T05:35:00,AIIMS_Nagpur,216.56,0.0,57,0
2026-01-26T05:40:00,AIIMS_Nagpur,214.08,0.0,48,0
2026-01-26T05:45:00,GMC_Nagpur,216.21,0.0,47,0
2026-01-26T05:50:00,Mayo_Hospital,215.06,0.0,58,0
2026-01-26T05:55:00,AIIMS_Nagpur,215.49,0.0,50,0
2026-01-26T06:00:00,AIIMS_Nagpur,213.54,0.0,51,0
2026-01-26T06:05:00,Wockhardt_Hospital,215.01,0.0,63,0
2026-01-26T06:10:00,Mayo_Hospital,215.9,0.0,52,0
2026-01-26T06:15:00,GMC_Nagpur,195.05,0.73,59,1
2026-01-26T06:20:00,Lata_Mangeshkar_Hospital,216.81,0.0,63,0
2026-01-26T06:25:00,Mayo_Hospital,214.45,0.0,73,0
2026-01-26T06:30:00,GMC_Nagpur,217.2,0.0,64,0
2026-01-26T06:35:00,GMC_Nagpur,215.86,0.0,69,0
2026-01-26T06:40:00,AIIMS_Nagpur,214.83,0.0,63,0
2026-01-26T06:45:00,Mayo_Hospital,215.29,0.0,75,0
2026-01-26T06:50:00,AIIMS_Nagpur,217.19,0.0,74,0
2026-01-26T06:55:00,Lata_Mangeshkar_Hospital,218.65,0.0,62,0
2026-01-26T07:00:00,AIIMS_Nagpur,219.71,0.0,72,0
2026-01-26T07:05:00,Mayo_Hospital,219.51,0.02,72,0
2026-01-26T07:10:00,Mayo_Hospital,220.42,0.0,63,0
2026-01-26T07:15:00,Wockhardt_Hospital,218.19,0.03,67,0
2026-01-26T07:20:00,Lata_Mangeshkar_Hospital,219.96,0.03,67,0
2026-01-26T07:25:00,AIIMS_Nagpur,219.35,0.03,69,0
2026-01-26T07:30:00,Lata_Mangeshkar_Hospital,220.3,0.06,60,0
2026-01-26T07:35:00,Wockhardt_Hospital,222.42,0.05,68,0
2026-01-26T07:40:00,GMC_Nagpur,222.47,0.09,72,0
2026-01-26T07:45:00,AIIMS_Nagpur,223.84,0.12,74,0
2026-01-26T07:50:00,Mayo_Hospital,224.43,0.1,60,0
2026-01-26T07:55:00,Mayo_Hospital,221.21,0.09,60,0
2026-01-26T08:00:00,GMC_Nagpur,221.51,0.09,66,0
2026-01-26T08:05:00,GMC_Nagpur,225.48,0.14,75,0
2026-01-26T08:10:00,GMC_Nagpur,224.73,0.18,69,0
2026-01-26T08:15:00,AIIMS_Nagpur,226.09,0.13,56,0
2026-01-26T08:20:00,AIIMS_Nagpur,222.97,0.11,61,0
2026-01-26T08:25:00,Mayo_Hospital,225.56,0.13,66,0
2026-01-26T08:30:00,AIIMS_Nagpur,226.21,0.15,66,0
2026-01-26T08:35:00,AIIMS_Nagpur,225.45,0.19,59,0
2026-01-26T08:40:00,AIIMS_Nagpur,226.1,0.16,64,0
2026-01-26T08:45:00,Lata_Mangeshkar_Hospital,224.04,0.22,68,0
2026-01-26T08:50:00,AIIMS_Nagpur,225.16,0.25,54,0
2026-01-26T08:55:00,Mayo_Hospital,226.28,0.16,57,0
2026-01-26T09:00:00,Lata_Mangeshkar_Hospital,222.86,0.25,51,0
2026-01-26T09:05:00,GMC_Nagpur,222.85,0.24,57,0
2026-01-26T09:10:00,Wockhardt_Hospital,222.95,0.24,54,0
2026-01-26T09:15:00,Wockhardt_Hospital,224.58,0.21,58,0
2026-01-26T09:20:00,Wockhardt_Hospital,222.24,0.22,42,0
2026-01-26T09:25:00,GMC_Nagpur,223.06,0.21,47,0
2026-01-26T09:30:00,Mayo_Hospital,223.31,0.26,42,0
2026-01-26T09:35:00,AIIMS_Nagpur,223.32,0.22,53,0
2026-01-26T09:40:00,Wockhardt_Hospital,221.48,0.28,37,0
2026-01-26T09:45:00,AIIMS_Nagpur,222.46,0.23,46,0
2026-01-26T09:50:00,AIIMS_Nagpur,220.18,0.29,43,0
2026-01-26T09:55:00,Wockhardt_Hospital,219.88,0.24,48,0
2026-01-26T10:00:00,Lata_Mangeshkar_Hospital,218.77,0.25,43,0
2026-01-26T10:05:00,Wockhardt_Hospital,218.41,0.27,44,0
2026-01-26T10:10:00,Wockhardt_Hospital,220.63,0.23,43,0
2026-01-26T10:15:00,Lata_Mangeshkar_Hospital,219.59,0.23,30,0
2026-01-26T10:20:00,Lata_Mangeshkar_Hospital,219.25,0.28,27,0
2026-01-26T10:25:00,AIIMS_Nagpur,216.6,0.28,23,0
2026-01-26T10:30:00,Lata_Mangeshkar_Hospital,217.91,0.21,33,0
2026-01-26T10:35:00,Lata_Mangeshkar_Hospital,218.19,0.21,34,0
2026-01-26T10:40:00,GMC_Nagpur,216.82,0.21,31,0
2026-01-26T10:45:00,Lata_Mangeshkar_Hospital,215.46,0.21,23,0
2026-01-26T10:50:00,GMC_Nagpur,214.08,0.25,28,0
2026-01-26T10:55:00,Mayo_Hospital,216.07,0.24,24,0
2026-01-26T11:00:00,Mayo_Hospital,213.79,0.2,24,0
2026-01-26T11:05:00,AIIMS_Nagpur,217.14,0.18,13,0
2026-01-26T11:10:00,AIIMS_Nagpur,215.68,0.18,25,0
2026-01-26T11:15:00,AIIMS_Nagpur,215.83,0.22,10,0
2026-01-26T11:20:00,Wockhardt_Hospital,216.19,0.21,16,0
2026-01-26T11:25:00,AIIMS_Nagpur,216.22,0.22,21,0
2026-01-26T11:30:00,Lata_Mangeshkar_Hospital,214.77,0.14,11,0
2026-01-26T11:35:00,AIIMS_Nagpur,216.81,0.12,20,0
2026-01-26T11:40:00,AIIMS_Nagpur,213.9,0.11,13,0
2026-01-26T11:45:00,GMC_Nagpur,217.23,0.17,20,0
2026-01-26T11:50:00,GMC_Nagpur,215.79,0.18,14,0
2026-01-26T11:55:00,Lata_Mangeshkar_Hospital,214.45,0.16,10,0
2026-01-26T12:00:00,Wockhardt_Hospital,217.77,0.14,10,0
2026-01-26T12:05:00,AIIMS_Nagpur,182.83,0.85,18,1
2026-01-26T12:10:00,Lata_Mangeshkar_Hospital,215.72,0.12,13,0
2026-01-26T12:15:00,Mayo_Hospital,216.24,0.1,11,0
2026-01-26T12:20:00,Mayo_Hospital,218.37,0.04,10,0
2026-01-26T12:25:00,Mayo_Hospital,219.63,0.05,10,0
2026-01-26T12:30:00,GMC_Nagpur,218.74,0.04,10,0
2026-01-26T12:35:00,GMC_Nagpur,218.55,0.05,11,0
2026-01-26T12:40:00,Lata_Mangeshkar_Hospital,219.35,0.02,10,0
2026-01-26T12:45:00,Lata_Mangeshkar_Hospital,220.74,0.06,10,0
2026-01-26T12:50:00,Mayo_Hospital,222.44,0.04,16,0
2026-01-26T12:55:00,Lata_Mangeshkar_Hospital,220.68,0.05,15,0
2026-01-26T13:00:00,GMC_Nagpur,221.1,0.0,15,0
2026-01-26T13:05:00,Mayo_Hospital,221.73,0.0,17,0
2026-01-26T13:10:00,AIIMS_Nagpur,221.93,0.0,16,0
2026-01-26T13:15:00,Wockhardt_Hospital,223.86,0.01,11,0
2026-01-26T13:20:00,Lata_Mangeshkar_Hospital,224.21,0.0,10,0
2026-01-26T13:25:00,Mayo_Hospital,222.66,0.01,13,0
2026-01-26T13:30:00,GMC_Nagpur,223.45,0.0,11,0
2026-01-26T13:35:00,GMC_Nagpur,226.4,0.0,24,0
2026-01-26T13:40:00,AIIMS_Nagpur,222.85,0.0,10,0
2026-01-26T13:45:00,AIIMS_Nagpur,224.47,0.0,20,0
2026-01-26T13:50:00,Mayo_Hospital,226.25,0.0,10,0
2026-01-26T13:55:00,Lata_Mangeshkar_Hospital,225.51,0.0,10,0
2026-01-26T14:00:00,GMC_Nagpur,225.57,0.0,19,0
2026-01-26T14:05:00,Wockhardt_Hospital,224.82,0.0,16,0
2026-01-26T14:10:00,Wockhardt_Hospital,175.71,0.64,24,1
2026-01-26T14:15:00,Mayo_Hospital,222.97,0.0,30,0
2026-01-26T14:20:00,AIIMS_Nagpur,222.89,0.0,28,0
2026-01-26T14:25:00,Mayo_Hospital,225.76,0.0,35,0
2026-01-26T14:30:00,Mayo_Hospital,222.53,0.0,26,0
2026-01-26T14:35:00,Mayo_Hospital,223.6,0.0,21,0
2026-01-26T14:40:00,GMC_Nagpur,223.14,0.0,25,0
2026-01-26T14:45:00,GMC_Nagpur,223.03,0.0,35,0
2026-01-26T14:50:00,Wockhardt_Hospital,220.76,0.0,33,0
2026-01-26T14:55:00,GMC_Nagpur,222.07,0.0,32,0
2026-01-26T15:00:00,Mayo_Hospital,221.79,0.0,26,0
2026-01-26T15:05:00,Lata_Mangeshkar_Hospital,222.82,0.0,36,0
2026-01-26T15:10:00,Mayo_Hospital,219.53,0.0,29,0
2026-01-26T15:15:00,GMC_Nagpur,219.78,0.0,43,0
2026-01-26T15:20:00,AIIMS_Nagpur,217.49,0.0,36,0
2026-01-26T15:25:00,GMC_Nagpur,220.14,0.0,34,0
2026-01-26T15:30:00,AIIMS_Nagpur,218.68,0.0,50,0
2026-01-26T15:35:00,Wockhardt_Hospital,219.23,0.0,53,0
2026-01-26T15:40:00,AIIMS_Nagpur,216.85,0.0,51,0
2026-01-26T15:45:00,Mayo_Hospital,185.2,0.64,45,1
2026-01-26T15:50:00,Mayo_Hospital,215.41,0.0,53,0
2026-01-26T15:55:00,Wockhardt_Hospital,217.19,0.0,45,0
2026-01-26T16:00:00,Mayo_Hospital,215.19,0.0,59,0
2026-01-26T16:05:00,Lata_Mangeshkar_Hospital,217.67,0.0,52,0
2026-01-26T16:10:00,GMC_Nagpur,216.28,0.0,54,0
2026-01-26T16:15:00,Wockhardt_Hospital,215.47,0.0,59,0
2026-01-26T16:20:00,GMC_Nagpur,215.05,0.0,58,0
2026-01-26T16:25:00,GMC_Nagpur,216.24,0.0,65,0
2026-01-26T16:30:00,Lata_Mangeshkar_Hospital,213.33,0.0,56,0
2026-01-26T16:35:00,AIIMS_Nagpur,216.73,0.0,68,0
2026-01-26T16:40:00,Mayo_Hospital,216.82,0.0,60,0
2026-01-26T16:45:00,Wockhardt_Hospital,216.01,0.0,65,0
2026-01-26T16:50:00,Mayo_Hospital,216.08,0.0,60,0
2026-01-26T16:55:00,Wockhardt_Hospital,217.43,0.0,63,0
2026-01-26T17:00:00,Mayo_Hospital,215.12,0.0,58,0
2026-01-26T17:05:00,Mayo_Hospital,216.79,0.01,70,0
2026-01-26T17:10:00,GMC_Nagpur,215.98,0.0,65,0
2026-01-26T17:15:00,Mayo_Hospital,214.74,0.0,76,0
2026-01-26T17:20:00,GMC_Nagpur,217.93,0.0,65,0
2026-01-26T17:25:00,Lata_Mangeshkar_Hospital,219.15,0.0,66,0
2026-01-26T17:30:00,GMC_Nagpur,217.23,0.0,66,0
2026-01-26T17:35:00,Lata_Mangeshkar_Hospital,216.48,0.06,69,0
2026-01-26T17:40:00,Lata_Mangeshkar_Hospital,217.79,0.02,68,0
2026-01-26T17:45:00,AIIMS_Nagpur,220.69,0.08,74,0
2026-01-26T17:50:00,GMC_Nagpur,219.41,0.04,74,0
2026-01-26T17:55:00,GMC_Nagpur,220.17,0.05,78,0
2026-01-26T18:00:00,AIIMS_Nagpur,221.15,0.1,78,0
2026-01-26T18:05:00,Lata_Mangeshkar_Hospital,220.78,0.11,62,0
2026-01-26T18:10:00,Lata_Mangeshkar_Hospital,220.64,0.13,77,0
2026-01-26T18:15:00,GMC_Nagpur,222.21,0.09,63,0
2026-01-26T18:20:00,Wockhardt_Hospital,221.61,0.15,59,0
2026-01-26T18:25:00,Lata_Mangeshkar_Hospital,222.0,0.08,62,0
2026-01-26T18:30:00,Lata_Mangeshkar_Hospital,223.22,0.08,66,0
2026-01-26T18:35:00,Wockhardt_Hospital,222.03,0.13,67,0
2026-01-26T18:40:00,Lata_Mangeshkar_Hospital,223.69,0.15,73,0
2026-01-26T18:45:00,Lata_Mangeshkar_Hospital,226.04,0.15,62,0
2026-01-26T18:50:00,GMC_Nagpur,226.61,0.15,58,0
2026-01-26T18:55:00,GMC_Nagpur,225.91,0.12,69,0
2026-01-26T19:00:00,AIIMS_Nagpur,225.18,0.16,57,0
2026-01-26T19:05:00,GMC_Nagpur,226.47,0.19,71,0
2026-01-26T19:10:00,AIIMS_Nagpur,225.11,0.2,64,0
2026-01-26T19:15:00,AIIMS_Nagpur,224.1,0.24,56,0
2026-01-26T19:20:00,Wockhardt_Hospital,223.3,0.18,55,0
2026-01-26T19:25:00,Wockhardt_Hospital,224.53,0.24,59,0
2026-01-26T19:30:00,Lata_Mangeshkar_Hospital,223.81,0.23,65,0
2026-01-26T19:35:00,Wockhardt_Hospital,225.31,0.25,45,0
2026-01-26T19:40:00,GMC_Nagpur,224.46,0.23,45,0
2026-01-26T19:45:00,GMC_Nagpur,225.37,0.21,42,0
2026-01-26T19:50:00,AIIMS_Nagpur,222.14,0.27,46,0
2026-01-26T19:55:00,GMC_Nagpur,224.11,0.26,59,0
2026-01-26T20:00:00,Mayo_Hospital,222.89,0.28,42,0
2026-01-26T20:05:00,GMC_Nagpur,222.64,0.29,44,0
2026-01-26T20:10:00,Lata_Mangeshkar_Hospital,221.63,0.22,45,0
2026-01-26T20:15:00,GMC_Nagpur,219.45,0.24,40,0
2026-01-26T20:20:00,GMC_Nagpur,220.25,0.25,33,0
2026-01-26T20:25:00,Mayo_Hospital,220.84,0.23,50,0
2026-01-26T20:30:00,AIIMS_Nagpur,219.76,0.27,44,0
2026-01-26T20:35:00,AIIMS_Nagpur,218.52,0.27,39,0
2026-01-26T20:40:00,AIIMS_Nagpur,217.82,0.27,38,0
2026-01-26T20:45:00,Lata_Mangeshkar_Hospital,217.46,0.25,34,0
2026-01-26T20:50:00,AIIMS_Nagpur,218.08,0.25,27,0
2026-01-26T20:55:00,AIIMS_Nagpur,216.04,0.23,34,0
2026-01-26T21:00:00,GMC_Nagpur,217.38,0.22,27,0
2026-01-26T21:05:00,Mayo_Hospital,216.45,0.24,29,0
2026-01-26T21:10:00,GMC_Nagpur,217.01,0.27,27,0
2026-01-26T21:15:00,GMC_Nagpur,217.18,0.23,17,0
2026-01-26T21:20:00,AIIMS_Nagpur,213.99,0.23,34,0
2026-01-26T21:25:00,Lata_Mangeshkar_Hospital,215.02,0.23,28,0
2026-01-26T21:30:00,Wockhardt_Hospital,214.1,0.24,28,0
2026-01-26T21:35:00,AIIMS_Nagpur,214.66,0.21,18,0
2026-01-26T21:40:00,Lata_Mangeshkar_Hospital,216.91,0.24,12,0
2026-01-26T21:45:00,GMC_Nagpur,216.02,0.21,20,0
2026-01-26T21:50:00,Lata_Mangeshkar_Hospital,216.23,0.22,10,0
2026-01-26T21:55:00,Wockhardt_Hospital,216.89,0.14,26,0
2026-01-26T22:00:00,Mayo_Hospital,213.88,0.15,17,0
2026-01-26T22:05:00,GMC_Nagpur,213.86,0.16,23,0
2026-01-26T22:10:00,Wockhardt_Hospital,217.33,0.11,14,0
2026-01-26T22:15:00,Lata_Mangeshkar_Hospital,216.62,0.19,10,0
2026-01-26T22:20:00,Lata_Mangeshkar_Hospital,216.55,0.15,11,0
2026-01-26T22:25:00,Mayo_Hospital,216.15,0.08,10,0
2026-01-26T22:30:00,Mayo_Hospital,218.31,0.12,11,0
2026-01-26T22:35:00,Lata_Mangeshkar_Hospital,215.45,0.09,13,0
2026-01-26T22:40:00,GMC_Nagpur,215.72,0.05,10,0
2026-01-26T22:45:00,Wockhardt_Hospital,218.38,0.04,10,0
2026-01-26T22:50:00,Lata_Mangeshkar_Hospital,217.71,0.07,17,0
2026-01-26T22:55:00,AIIMS_Nagpur,220.13,0.02,10,0
2026-01-26T23:00:00,Wockhardt_Hospital,218.93,0.1,12,0
2026-01-26T23:05:00,Wockhardt_Hospital,218.38,0.06,10,0
2026-01-26T23:10:00,Mayo_Hospital,220.97,0.08,15,0
2026-01-26T23:15:00,AIIMS_Nagpur,219.96,0.07,10,0
2026-01-26T23:20:00,Lata_Mangeshkar_Hospital,222.76,0.04,18,0
2026-01-26T23:25:00,GMC_Nagpur,220.97,0.05,10,0
2026-01-26T23:30:00,AIIMS_Nagpur,223.5,0.0,10,0
2026-01-26T23:35:00,Wockhardt_Hospital,223.59,0.02,10,0
2026-01-26T23:40:00,Wockhardt_Hospital,224.01,0.02,16,0
2026-01-26T23:45:00,Wockhardt_Hospital,223.28,0.0,10,0
2026-01-26T23:50:00,AIIMS_Nagpur,222.71,0.0,16,0
2026-01-26T23:55:00,Mayo_Hospital,222.42,0.0,21,0
2026-01-27T00:00:00,Lata_Mangeshkar_Hospital,224.33,0.0,10,0
2026-01-27T00:05:00,Wockhardt_Hospital,223.11,0.0,16,0
2026-01-27T00:10:00,GMC_Nagpur,226.39,0.0,24,0
2026-01-27T00:15:00,Mayo_Hospital,225.35,0.0,12,0
2026-01-27T00:20:00,Lata_Mangeshkar_Hospital,226.66,0.0,10,0
2026-01-27T00:25:00,Mayo_Hospital,225.14,0.0,19,0
2026-01-27T00:30:00,GMC_Nagpur,225.51,0.0,22,0
2026-01-27T00:35:00,Mayo_Hospital,224.8,0.0,16,0
2026-01-27T00:40:00,Mayo_Hospital,226.42,0.0,31,0
2026-01-27T00:45:00,Mayo_Hospital,222.95,0.0,17,0
2026-01-27T00:50:00,Lata_Mangeshkar_Hospital,225.75,0.0,27,0
2026-01-27T00:55:00,AIIMS_Nagpur,224.95,0.0,20,0
2026-01-27T01:00:00,Lata_Mangeshkar_Hospital,224.8,0.0,36,0
2026-01-27T01:05:00,Lata_Mangeshkar_Hospital,221.67,0.0,25,0
2026-01-27T01:10:00,Mayo_Hospital,222.29,0.0,39,0
2026-01-27T01:15:00,Wockhardt_Hospital,224.56,0.0,29,0
2026-01-27T01:20:00,Mayo_Hospital,224.04,0.0,34,0
2026-01-27T01:25:00,Lata_Mangeshkar_Hospital,219.95,0.0,38,0
2026-01-27T01:30:00,Mayo_Hospital,222.18,0.0,28,0
2026-01-27T01:35:00,Wockhardt_Hospital,221.69,0.0,39,0
2026-01-27T01:40:00,GMC_Nagpur,220.25,0.0,36,0
2026-01-27T01:45:00,AIIMS_Nagpur,221.42,0.0,43,0
2026-01-27T01:50:00,Lata_Mangeshkar_Hospital,218.09,0.0,38,0
2026-01-27T01:55:00,Lata_Mangeshkar_Hospital,218.21,0.0,50,0
2026-01-27T02:00:00,AIIMS_Nagpur,219.23,0.0,42,0
2026-01-27T02:05:00,Lata_Mangeshkar_Hospital,219.33,0.0,44,0
2026-01-27T02:10:00,GMC_Nagpur,216.61,0.0,51,0
2026-01-27T02:15:00,Mayo_Hospital,216.4,0.0,44,0
2026-01-27T02:20:00,GMC_Nagpur,217.62,0.0,51,0
2026-01-27T02:25:00,Mayo_Hospital,214.57,0.0,44,0
2026-01-27T02:30:00,GMC_Nagpur,217.0,0.0,53,0
2026-01-27T02:35:00,Lata_Mangeshkar_Hospital,216.48,0.0,49,0
2026-01-27T02:40:00,Wockhardt_Hospital,215.78,0.0,63,0
2026-01-27T02:45:00,Wockhardt_Hospital,170.93,0.75,53,1
2026-01-27T02:50:00,Mayo_Hospital,213.66,0.0,55,0
2026-01-27T02:55:00,Lata_Mangeshkar_Hospital,213.5,0.0,60,0
2026-01-27T03:00:00,AIIMS_Nagpur,213.49,0.0,58,0
2026-01-27T03:05:00,Mayo_Hospital,214.73,0.0,64,0
2026-01-27T03:10:00,Lata_Mangeshkar_Hospital,213.24,0.0,72,0
2026-01-27T03:15:00,Wockhardt_Hospital,215.82,0.0,67,0
2026-01-27T03:20:00,Mayo_Hospital,216.64,0.0,70,0
2026-01-27T03:25:00,GMC_Nagpur,215.39,0.0,57,0
2026-01-27T03:30:00,Mayo_Hospital,216.96,0.0,75,0
2026-01-27T03:35:00,GMC_Nagpur,217.39,0.0,70,0
2026-01-27T03:40:00,AIIMS_Nagpur,216.63,0.01,68,0
2026-01-27T03:45:00,AIIMS_Nagpur,217.42,0.0,66,0
2026-01-27T03:50:00,Lata_Mangeshkar_Hospital,218.95,0.0,67,0
2026-01-27T03:55:00,AIIMS_Nagpur,218.82,0.02,66,0
2026-01-27T04:00:00,AIIMS_Nagpur,217.24,0.02,62,0
2026-01-27T04:05:00,Lata_Mangeshkar_Hospital,219.81,0.04,72,0
2026-01-27T04:10:00,Lata_Mangeshkar_Hospital,217.21,0.05,77,0
2026-01-27T04:15:00,GMC_Nagpur,219.8,0.07,64,0
2026-01-27T04:20:00,Lata_Mangeshkar_Hospital,221.98,0.01,71,0
2026-01-27T04:25:00,GMC_Nagpur,222.04,0.07,79,0
2026-01-27T04:30:00,GMC_Nagpur,222.38,0.08,66,0
2026-01-27T04:35:00,GMC_Nagpur,200.46,0.78,67,1
2026-01-27T04:40:00,Lata_Mangeshkar_Hospital,221.85,0.11,77,0
2026-01-27T04:45:00,Wockhardt_Hospital,221.62,0.11,63,0
2026-01-27T04:50:00,Lata_Mangeshkar_Hospital,223.33,0.16,67,0
2026-01-27T04:55:00,GMC_Nagpur,221.49,0.07,72,0
2026-01-27T05:00:00,Lata_Mangeshkar_Hospital,224.52,0.1,77,0
2026-01-27T05:05:00,Mayo_Hospital,222.07,0.19,62,0
2026-01-27T05:10:00,AIIMS_Nagpur,224.1,0.13,58,0
2026-01-27T05:15:00,Mayo_Hospital,225.86,0.15,66,0
2026-01-27T05:20:00,GMC_Nagpur,225.6,0.16,71,0
2026-01-27T05:25:00,Mayo_Hospital,223.45,0.14,64,0
2026-01-27T05:30:00,Wockhardt_Hospital,224.84,0.17,58,0
2026-01-27T05:35:00,AIIMS_Nagpur,224.5,0.14,54,0
2026-01-27T05:40:00,GMC_Nagpur,225.82,0.23,59,0
2026-01-27T05:45:00,Wockhardt_Hospital,224.8,0.2,56,0
2026-01-27T05:50:00,GMC_Nagpur,223.87,0.17,50,0
2026-01-27T05:55:00,Mayo_Hospital,224.98,0.22,66,0
2026-01-27T06:00:00,Wockhardt_Hospital,222.69,0.22,51,0
2026-01-27T06:05:00,GMC_Nagpur,222.96,0.19,54,0
2026-01-27T06:10:00,Mayo_Hospital,223.67,0.27,48,0
2026-01-27T06:15:00,Lata_Mangeshkar_Hospital,224.67,0.27,51,0
2026-01-27T06:20:00,AIIMS_Nagpur,223.73,0.23,47,0
2026-01-27T06:25:00,GMC_Nagpur,221.19,0.21,39,0
2026-01-27T06:30:00,GMC_Nagpur,224.03,0.22,43,0
2026-01-27T06:35:00,Lata_Mangeshkar_Hospital,220.46,0.25,47,0
2026-01-27T06:40:00,Wockhardt_Hospital,221.67,0.2,37,0
2026-01-27T06:45:00,Lata_Mangeshkar_Hospital,220.33,0.22,41,0
2026-01-27T06:50:00,Wockhardt_Hospital,219.03,0.23,38,0
2026-01-27T06:55:00,Lata_Mangeshkar_Hospital,218.86,0.29,30,0
2026-01-27T07:00:00,GMC_Nagpur,220.17,0.29,37,0
2026-01-27T07:05:00,Wockhardt_Hospital,217.83,0.23,30,0
2026-01-27T07:10:00,Lata_Mangeshkar_Hospital,218.87,0.25,32,0
2026-01-27T07:15:00,Mayo_Hospital,218.86,0.26,44,0
2026-01-27T07:20:00,Lata_Mangeshkar_Hospital,218.77,0.23,28,0
2026-01-27T07:25:00,GMC_Nagpur,217.79,0.19,33,0
2026-01-27T07:30:00,Mayo_Hospital,218.7,0.21,25,0
2026-01-27T07:35:00,Mayo_Hospital,215.04,0.21,21,0
2026-01-27T07:40:00,Lata_Mangeshkar_Hospital,217.2,0.25,27,0
2026-01-27T07:45:00,AIIMS_Nagpur,217.38,0.24,20,0
2026-01-27T07:50:00,Wockhardt_Hospital,217.06,0.19,23,0
2026-01-27T07:55:00,Lata_Mangeshkar_Hospital,214.76,0.18,17,0
2026-01-27T08:00:00,AIIMS_Nagpur,216.87,0.24,14,0
2026-01-27T08:05:00,AIIMS_Nagpur,215.05,0.24,13,0
2026-01-27T08:10:00,Mayo_Hospital,215.81,0.18,14,0
2026-01-27T08:15:00,Lata_Mangeshkar_Hospital,216.74,0.23,15,0
2026-01-27T08:20:00,Lata_Mangeshkar_Hospital,215.4,0.19,19,0
2026-01-27T08:25:00,Lata_Mangeshkar_Hospital,215.35,0.16,16,0
2026-01-27T08:30:00,Wockhardt_Hospital,214.91,0.15,17,0
2026-01-27T08:35:00,Lata_Mangeshkar_Hospital,179.24,1.07,22,1
2026-01-27T08:40:00,AIIMS_Nagpur,214.39,0.16,10,0
2026-01-27T08:45:00,Lata_Mangeshkar_Hospital,215.07,0.16,10,0
2026-01-27T08:50:00,AIIMS_Nagpur,166.92,0.81,20,1
2026-01-27T08:55:00,Wockhardt_Hospital,216.64,0.14,18,0
2026-01-27T09:00:00,Mayo_Hospital,217.6,0.07,10,0
2026-01-27T09:05:00,Mayo_Hospital,218.78,0.14,16,0
2026-01-27T09:10:00,AIIMS_Nagpur,217.44,0.05,10,0
2026-01-27T09:15:00,Lata_Mangeshkar_Hospital,216.7,0.06,10,0
2026-01-27T09:20:00,GMC_Nagpur,219.18,0.12,20,0
2026-01-27T09:25:00,AIIMS_Nagpur,218.24,0.06,10,0
2026-01-27T09:30:00,AIIMS_Nagpur,219.1,0.08,14,0
2026-01-27T09:35:00,GMC_Nagpur,220.86,0.01,16,0
2026-01-27T09:40:00,AIIMS_Nagpur,219.21,0.08,16,0
2026-01-27T09:45:00,Wockhardt_Hospital,219.42,0.06,11,0
2026-01-27T09:50:00,Wockhardt_Hospital,220.5,0.02,19,0
2026-01-27T09:55:00,GMC_Nagpur,221.54,0.0,10,0
2026-01-27T10:00:00,GMC_Nagpur,224.39,0.0,12,0
2026-01-27T10:05:00,Mayo_Hospital,221.56,0.0,17,0
2026-01-27T10:10:00,Lata_Mangeshkar_Hospital,222.15,0.02,21,0
2026-01-27T10:15:00,Wockhardt_Hospital,222.69,0.0,11,0
2026-01-27T10:20:00,GMC_Nagpur,223.65,0.0,18,0
2026-01-27T10:25:00,Lata_Mangeshkar_Hospital,226.02,0.0,12,0
2026-01-27T10:30:00,Wockhardt_Hospital,224.95,0.0,10,0
2026-01-27T10:35:00,GMC_Nagpur,222.81,0.0,10,0
2026-01-27T10:40:00,GMC_Nagpur,224.64,0.0,10,0
2026-01-27T10:45:00,Wockhardt_Hospital,224.42,0.0,26,0
2026-01-27T10:50:00,Lata_Mangeshkar_Hospital,225.14,0.0,13,0
2026-01-27T10:55:00,GMC_Nagpur,223.1,0.0,12,0
2026-01-27T11:00:00,AIIMS_Nagpur,223.66,0.0,28,0
2026-01-27T11:05:00,Mayo_Hospital,225.36,0.0,18,0
2026-01-27T11:10:00,Mayo_Hospital,223.34,0.0,22,0
2026-01-27T11:15:00,Lata_Mangeshkar_Hospital,222.56,0.0,27,0
2026-01-27T11:20:00,Lata_Mangeshkar_Hospital,177.92,0.76,17,1
2026-01-27T11:25:00,Wockhardt_Hospital,223.9,0.0,21,0
2026-01-27T11:30:00,Lata_Mangeshkar_Hospital,221.77,0.0,23,0
2026-01-27T11:35:00,Wockhardt_Hospital,221.43,0.0,20,0
2026-01-27T11:40:00,Mayo_Hospital,222.84,0.0,21,0
2026-01-27T11:45:00,Mayo_Hospital,223.1,0.0,30,0
2026-01-27T11:50:00,AIIMS_Nagpur,220.3,0.0,38,0
2026-01-27T11:55:00,Wockhardt_Hospital,222.4,0.0,27,0
2026-01-27T12:00:00,Mayo_Hospital,221.66,0.0,44,0
2026-01-27T12:05:00,Mayo_Hospital,222.4,0.0,30,0
2026-01-27T12:10:00,GMC_Nagpur,219.86,0.0,32,0
2026-01-27T12:15:00,GMC_Nagpur,219.94,0.0,41,0
2026-01-27T12:20:00,AIIMS_Nagpur,220.89,0.0,36,0
2026-01-27T12:25:00,GMC_Nagpur,219.15,0.0,45,0
2026-01-27T12:30:00,Mayo_Hospital,218.69,0.0,43,0
2026-01-27T12:35:00,Wockhardt_Hospital,216.19,0.0,52,0
2026-01-27T12:40:00,AIIMS_Nagpur,215.5,0.0,52,0
2026-01-27T12:45:00,Mayo_Hospital,215.13,0.0,59,0
2026-01-27T12:50:00,GMC_Nagpur,216.85,0.0,43,0
2026-01-27T12:55:00,Lata_Mangeshkar_Hospital,214.57,0.0,50,0
2026-01-27T13:00:00,AIIMS_Nagpur,214.78,0.0,47,0
2026-01-27T13:05:00,Wockhardt_Hospital,213.72,0.0,53,0
2026-01-27T13:10:00,Wockhardt_Hospital,213.57,0.0,49,0
2026-01-27T13:15:00,Mayo_Hospital,216.13,0.0,62,0
2026-01-27T13:20:00,Mayo_Hospital,216.33,0.0,58,0
2026-01-27T13:25:00,Mayo_Hospital,213.03,0.0,59,0
2026-01-27T13:30:00,AIIMS_Nagpur,213.03,0.0,61,0
2026-01-27T13:35:00,Mayo_Hospital,215.25,0.0,54,0
2026-01-27T13:40:00,AIIMS_Nagpur,215.78,0.0,63,0
2026-01-27T13:45:00,AIIMS_Nagpur,215.34,0.0,72,0
2026-01-27T13:50:00,Wockhardt_Hospital,215.33,0.0,68,0
2026-01-27T13:55:00,Wockhardt_Hospital,215.97,0.0,64,0
2026-01-27T14:00:00,Wockhardt_Hospital,216.43,0.0,76,0
2026-01-27T14:05:00,Mayo_Hospital,216.49,0.0,65,0
2026-01-27T14:10:00,Mayo_Hospital,215.79,0.0,68,0
2026-01-27T14:15:00,Mayo_Hospital,218.27,0.0,63,0
2026-01-27T14:20:00,AIIMS_Nagpur,218.23,0.0,78,0
2026-01-27T14:25:00,Mayo_Hospital,217.64,0.0,71,0
2026-01-27T14:30:00,Mayo_Hospital,217.55,0.0,78,0
2026-01-27T14:35:00,Mayo_Hospital,219.09,0.0,64,0
2026-01-27T14:40:00,Mayo_Hospital,218.09,0.03,76,0
2026-01-27T14:45:00,AIIMS_Nagpur,221.1,0.04,76,0
2026-01-27T14:50:00,Lata_Mangeshkar_Hospital,219.39,0.08,66,0
2026-01-27T14:55:00,AIIMS_Nagpur,219.93,0.02,66,0
2026-01-27T15:00:00,Lata_Mangeshkar_Hospital,219.48,0.05,78,0
2026-01-27T15:05:00,Lata_Mangeshkar_Hospital,219.88,0.09,74,0
2026-01-27T15:10:00,Wockhardt_Hospital,222.53,0.13,59,0
2026-01-27T15:15:00,Wockhardt_Hospital,223.38,0.12,75,0
2026-01-27T15:20:00,AIIMS_Nagpur,222.11,0.15,67,0
2026-01-27T15:25:00,Mayo_Hospital,224.92,0.11,71,0
2026-01-27T15:30:00,Lata_Mangeshkar_Hospital,223.86,0.18,71,0
2026-01-27T15:35:00,GMC_Nagpur,225.44,0.14,56,0
2026-01-27T15:40:00,Lata_Mangeshkar_Hospital,222.69,0.16,62,0
2026-01-27T15:45:00,Wockhardt_Hospital,223.91,0.12,56,0
2026-01-27T15:50:00,Mayo_Hospital,225.52,0.18,72,0
2026-01-27T15:55:00,Lata_Mangeshkar_Hospital,224.66,0.18,67,0
2026-01-27T16:00:00,AIIMS_Nagpur,226.53,0.16,68,0
2026-01-27T16:05:00,GMC_Nagpur,223.69,0.15,60,0
2026-01-27T16:10:00,AIIMS_Nagpur,224.72,0.16,51,0
2026-01-27T16:15:00,Lata_Mangeshkar_Hospital,225.95,0.23,60,0
2026-01-27T16:20:00,Mayo_Hospital,223.84,0.24,65,0
2026-01-27T16:25:00,Mayo_Hospital,223.85,0.21,57,0
2026-01-27T16:30:00,Wockhardt_Hospital,226.25,0.25,61,0
2026-01-27T16:35:00,Mayo_Hospital,223.07,0.21,58,0
2026-01-27T16:40:00,AIIMS_Nagpur,223.38,0.26,53,0
2026-01-27T16:45:00,Lata_Mangeshkar_Hospital,222.09,0.19,47,0
2026-01-27T16:50:00,GMC_Nagpur,222.88,0.23,57,0
2026-01-27T16:55:00,Lata_Mangeshkar_Hospital,222.98,0.2,38,0
2026-01-27T17:00:00,Lata_Mangeshkar_Hospital,221.32,0.2,45,0
2026-01-27T17:05:00,Mayo_Hospital,223.52,0.2,43,0
2026-01-27T17:10:00,GMC_Nagpur,219.64,0.26,41,0
2026-01-27T17:15:00,Lata_Mangeshkar_Hospital,219.7,0.21,48,0
2026-01-27T17:20:00,Mayo_Hospital,220.03,0.26,39,0
2026-01-27T17:25:00,AIIMS_Nagpur,220.9,0.2,31,0
2026-01-27T17:30:00,Mayo_Hospital,219.26,0.23,35,0
2026-01-27T17:35:00,Lata_Mangeshkar_Hospital,220.52,0.27,44,0
2026-01-27T17:40:00,GMC_Nagpur,217.16,0.21,31,0
2026-01-27T17:45:00,GMC_Nagpur,219.63,0.24,41,0
2026-01-27T17:50:00,Wockhardt_Hospital,218.4,0.23,38,0
2026-01-27T17:55:00,Mayo_Hospital,217.2,0.25,36,0
2026-01-27T18:00:00,GMC_Nagpur,216.42,0.2,20,0
2026-01-27T18:05:00,Lata_Mangeshkar_Hospital,218.37,0.26,20,0
2026-01-27T18:10:00,Wockhardt_Hospital,169.73,0.96,34,1
2026-01-27T18:15:00,GMC_Nagpur,215.12,0.19,29,0
2026-01-27T18:20:00,Wockhardt_Hospital,214.18,0.2,30,0
2026-01-27T18:25:00,GMC_Nagpur,214.39,0.21,18,0
2026-01-27T18:30:00,Mayo_Hospital,213.76,0.21,17,0
2026-01-27T18:35:00,Lata_Mangeshkar_Hospital,215.06,0.19,21,0
2026-01-27T18:40:00,GMC_Nagpur,214.59,0.17,11,0
2026-01-27T18:45:00,Mayo_Hospital,168.76,0.83,16,1
2026-01-27T18:50:00,GMC_Nagpur,215.29,0.14,10,0
2026-01-27T18:55:00,Mayo_Hospital,213.16,0.13,11,0
2026-01-27T19:00:00,Wockhardt_Hospital,214.44,0.12,10,0
2026-01-27T19:05:00,AIIMS_Nagpur,213.56,0.14,16,0
2026-01-27T19:10:00,Lata_Mangeshkar_Hospital,216.02,0.16,16,0
2026-01-27T19:15:00,AIIMS_Nagpur,215.66,0.18,16,0
2026-01-27T19:20:00,Lata_Mangeshkar_Hospital,214.74,0.13,12,0
2026-01-27T19:25:00,AIIMS_Nagpur,218.24,0.08,13,0
2026-01-27T19:30:00,Wockhardt_Hospital,216.6,0.09,14,0
2026-01-27T19:35:00,Lata_Mangeshkar_Hospital,216.15,0.12,10,0
2026-01-27T19:40:00,Lata_Mangeshkar_Hospital,219.1,0.08,10,0
2026-01-27T19:45:00,Wockhardt_Hospital,219.4,0.11,12,0
2026-01-27T19:50:00,Wockhardt_Hospital,219.77,0.08,16,0
2026-01-27T19:55:00,Wockhardt_Hospital,220.08,0.04,15,0
2026-01-27T20:00:00,Wockhardt_Hospital,219.37,0.03,10,0
2026-01-27T20:05:00,AIIMS_Nagpur,219.54,0.04,10,0
2026-01-27T20:10:00,Wockhardt_Hospital,221.64,0.02,10,0
2026-01-27T20:15:00,GMC_Nagpur,220.8,0.02,10,0
2026-01-27T20:20:00,GMC_Nagpur,223.29,0.03,12,0
2026-01-27T20:25:00,Wockhardt_Hospital,224.18,0.01,10,0
2026-01-27T20:30:00,AIIMS_Nagpur,223.91,0.0,10,0
2026-01-27T20:35:00,Wockhardt_Hospital,223.59,0.0,10,0
2026-01-27T20:40:00,AIIMS_Nagpur,192.5,0.88,10,1
2026-01-27T20:45:00,Lata_Mangeshkar_Hospital,222.85,0.0,13,0
2026-01-27T20:50:00,Lata_Mangeshkar_Hospital,223.74,0.0,23,0
2026-01-27T20:55:00,GMC_Nagpur,223.57,0.0,21,0
2026-01-27T21:00:00,Mayo_Hospital,226.19,0.0,10,0
2026-01-27T21:05:00,GMC_Nagpur,224.39,0.0,18,0
2026-01-27T21:10:00,Lata_Mangeshkar_Hospital,224.35,0.0,20,0
2026-01-27T21:15:00,Mayo_Hospital,226.59,0.0,21,0
2026-01-27T21:20:00,GMC_Nagpur,223.73,0.0,16,0
2026-01-27T21:25:00,Mayo_Hospital,224.5,0.0,28,0
2026-01-27T21:30:00,Lata_Mangeshkar_Hospital,223.77,0.0,30,0
2026-01-27T21:35:00,Wockhardt_Hospital,222.78,0.0,14,0
2026-01-27T21:40:00,Lata_Mangeshkar_Hospital,223.0,0.0,29,0
2026-01-27T21:45:00,AIIMS_Nagpur,223.31,0.0,15,0
2026-01-27T21:50:00,AIIMS_Nagpur,222.74,0.0,20,0
2026-01-27T21:55:00,Wockhardt_Hospital,222.13,0.0,23,0
2026-01-27T22:00:00,Lata_Mangeshkar_Hospital,223.59,0.0,33,0
2026-01-27T22:05:00,GMC_Nagpur,221.83,0.0,39,0
2026-01-27T22:10:00,Lata_Mangeshkar_Hospital,224.43,0.0,35,0
2026-01-27T22:15:00,AIIMS_Nagpur,222.78,0.0,23,0
2026-01-27T22:20:00,GMC_Nagpur,221.86,0.0,41,0
2026-01-27T22:25:00,Lata_Mangeshkar_Hospital,198.36,0.87,29,1
2026-01-27T22:30:00,Wockhardt_Hospital,221.65,0.0,28,0
2026-01-27T22:35:00,Mayo_Hospital,218.98,0.0,40,0
2026-01-27T22:40:00,GMC_Nagpur,218.01,0.0,32,0
2026-01-27T22:45:00,Lata_Mangeshkar_Hospital,221.29,0.0,47,0
2026-01-27T22:50:00,Wockhardt_Hospital,218.7,0.0,49,0
2026-01-27T22:55:00,Mayo_Hospital,217.67,0.0,43,0
2026-01-27T23:00:00,AIIMS_Nagpur,219.93,0.0,53,0
2026-01-27T23:05:00,Mayo_Hospital,216.16,0.0,55,0
2026-01-27T23:10:00,GMC_Nagpur,215.79,0.0,42,0
2026-01-27T23:15:00,Lata_Mangeshkar_Hospital,215.51,0.0,42,0
2026-01-27T23:20:00,Lata_Mangeshkar_Hospital,216.95,0.0,52,0
2026-01-27T23:25:00,AIIMS_Nagpur,215.42,0.0,43,0
2026-01-27T23:30:00,AIIMS_Nagpur,216.56,0.0,44,0
2026-01-27T23:35:00,Mayo_Hospital,216.74,0.0,46,0
2026-01-27T23:40:00,Lata_Mangeshkar_Hospital,213.48,0.0,48,0
2026-01-27T23:45:00,Wockhardt_Hospital,216.64,0.0,56,0
2026-01-27T23:50:00,GMC_Nagpur,213.48,0.0,56,0
2026-01-27T23:55:00,AIIMS_Nagpur,215.26,0.0,69,0
2026-01-28T00:00:00,Lata_Mangeshkar_Hospital,215.26,0.0,63,0
2026-01-28T00:05:00,GMC_Nagpur,213.27,0.0,66,0
2026-01-28T00:10:00,AIIMS_Nagpur,213.51,0.0,62,0
2026-01-28T00:15:00,GMC_Nagpur,216.66,0.0,65,0
2026-01-28T00:20:00,AIIMS_Nagpur,216.14,0.0,59,0
2026-01-28T00:25:00,GMC_Nagpur,216.76,0.0,64,0
2026-01-28T00:30:00,Lata_Mangeshkar_Hospital,214.76,0.01,67,0
2026-01-28T00:35:00,AIIMS_Nagpur,216.03,0.0,68,0
2026-01-28T00:40:00,GMC_Nagpur,217.72,0.0,76,0
2026-01-28T00:45:00,Wockhardt_Hospital,215.64,0.0,78,0
2026-01-28T00:50:00,Wockhardt_Hospital,219.3,0.0,73,0
2026-01-28T00:55:00,Wockhardt_Hospital,219.52,0.05,76,0
2026-01-28T01:00:00,Mayo_Hospital,217.43,0.06,69,0
2026-01-28T01:05:00,Lata_Mangeshkar_Hospital,217.89,0.02,61,0
2026-01-28T01:10:00,GMC_Nagpur,217.68,0.02,68,0
2026-01-28T01:15:00,Wockhardt_Hospital,221.48,0.02,60,0
2026-01-28T01:20:00,Lata_Mangeshkar_Hospital,220.42,0.09,69,0
2026-01-28T01:25:00,Mayo_Hospital,221.76,0.05,72,0
2026-01-28T01:30:00,GMC_Nagpur,220.54,0.04,60,0
2026-01-28T01:35:00,GMC_Nagpur,222.76,0.05,63,0
2026-01-28T01:40:00,Wockhardt_Hospital,222.56,0.06,78,0
2026-01-28T01:45:00,Lata_Mangeshkar_Hospital,222.4,0.12,77,0
2026-01-28T01:50:00,Wockhardt_Hospital,224.09,0.13,74,0
2026-01-28T01:55:00,Wockhardt_Hospital,225.32,0.09,70,0
2026-01-28T02:00:00,GMC_Nagpur,225.77,0.16,57,0
2026-01-28T02:05:00,GMC_Nagpur,222.56,0.17,64,0
2026-01-28T02:10:00,GMC_Nagpur,223.87,0.2,57,0
2026-01-28T02:15:00,Lata_Mangeshkar_Hospital,222.72,0.19,65,0
2026-01-28T02:20:00,AIIMS_Nagpur,224.25,0.16,65,0
2026-01-28T02:25:00,GMC_Nagpur,223.04,0.15,60,0
2026-01-28T02:30:00,Mayo_Hospital,225.71,0.17,53,0
2026-01-28T02:35:00,Lata_Mangeshkar_Hospital,225.29,0.2,67,0
2026-01-28T02:40:00,Mayo_Hospital,226.81,0.19,57,0
2026-01-28T02:45:00,Wockhardt_Hospital,225.66,0.19,51,0
2026-01-28T02:50:00,AIIMS_Nagpur,226.52,0.19,58,0
2026-01-28T02:55:00,GMC_Nagpur,225.58,0.22,48,0
2026-01-28T03:00:00,GMC_Nagpur,225.31,0.25,60,0
2026-01-28T03:05:00,Mayo_Hospital,223.3,0.2,50,0
2026-01-28T03:10:00,GMC_Nagpur,225.09,0.22,50,0
2026-01-28T03:15:00,Mayo_Hospital,224.63,0.23,50,0
2026-01-28T03:20:00,Wockhardt_Hospital,223.68,0.26,40,0
2026-01-28T03:25:00,Wockhardt_Hospital,221.85,0.22,45,0
2026-01-28T03:30:00,AIIMS_Nagpur,222.68,0.27,43,0
2026-01-28T03:35:00,GMC_Nagpur,222.9,0.24,53,0
2026-01-28T03:40:00,Mayo_Hospital,220.59,0.23,35,0
2026-01-28T03:45:00,AIIMS_Nagpur,220.82,0.26,43,0
2026-01-28T03:50:00,Mayo_Hospital,221.26,0.24,32,0
2026-01-28T03:55:00,Wockhardt_Hospital,221.69,0.23,42,0
2026-01-28T04:00:00,Lata_Mangeshkar_Hospital,217.94,0.22,45,0
2026-01-28T04:05:00,Lata_Mangeshkar_Hospital,220.12,0.3,40,0
2026-01-28T04:10:00,AIIMS_Nagpur,217.4,0.28,39,0
2026-01-28T04:15:00,Mayo_Hospital,219.15,0.24,27,0
2026-01-28T04:20:00,Lata_Mangeshkar_Hospital,215.47,0.25,33,0
2026-01-28T04:25:00,Mayo_Hospital,216.76,0.27,25,0
2026-01-28T04:30:00,AIIMS_Nagpur,215.1,0.21,30,0
2026-01-28T04:35:00,GMC_Nagpur,214.68,0.23,34,0
2026-01-28T04:40:00,GMC_Nagpur,214.46,0.21,34,0
2026-01-28T04:45:00,Wockhardt_Hospital,216.23,0.25,21,0
2026-01-28T04:50:00,Lata_Mangeshkar_Hospital,216.78,0.2,25,0
2026-01-28T04:55:00,GMC_Nagpur,215.75,0.24,23,0
2026-01-28T05:00:00,AIIMS_Nagpur,214.01,0.2,13,0
2026-01-28T05:05:00,Mayo_Hospital,215.93,0.18,21,0
2026-01-28T05:10:00,Mayo_Hospital,215.81,0.16,12,0
2026-01-28T05:15:00,AIIMS_Nagpur,216.36,0.16,10,0
2026-01-28T05:20:00,Wockhardt_Hospital,216.46,0.18,16,0
2026-01-28T05:25:00,AIIMS_Nagpur,213.88,0.15,20,0
2026-01-28T05:30:00,Lata_Mangeshkar_Hospital,214.04,0.16,18,0
2026-01-28T05:35:00,Lata_Mangeshkar_Hospital,213.62,0.12,10,0
2026-01-28T05:40:00,Mayo_Hospital,217.64,0.14,12,0
2026-01-28T05:45:00,AIIMS_Nagpur,214.1,0.11,14,0
2026-01-28T05:50:00,Wockhardt_Hospital,216.84,0.17,20,0
2026-01-28T05:55:00,Wockhardt_Hospital,217.72,0.11,10,0
2026-01-28T06:00:00,AIIMS_Nagpur,218.42,0.14,10,0
2026-01-28T06:05:00,Mayo_Hospital,216.46,0.09,19,0
2026-01-28T06:10:00,Lata_Mangeshkar_Hospital,216.61,0.05,19,0
2026-01-28T06:15:00,Wockhardt_Hospital,217.67,0.11,10,0
2026-01-28T06:20:00,Wockhardt_Hospital,220.03,0.02,18,0
2026-01-28T06:25:00,AIIMS_Nagpur,218.67,0.02,15,0
2026-01-28T06:30:00,AIIMS_Nagpur,220.3,0.03,10,0
2026-01-28T06:35:00,Wockhardt_Hospital,221.96,0.0,13,0
2026-01-28T06:40:00,Wockhardt_Hospital,219.55,0.06,10,0
2026-01-28T06:45:00,Wockhardt_Hospital,219.96,0.0,17,0
2026-01-28T06:50:00,AIIMS_Nagpur,222.19,0.01,10,0
2026-01-28T06:55:00,Mayo_Hospital,222.58,0.01,17,0
2026-01-28T07:00:00,Lata_Mangeshkar_Hospital,222.06,0.02,12,0
2026-01-28T07:05:00,Wockhardt_Hospital,224.14,0.0,10,0
2026-01-28T07:10:00,Wockhardt_Hospital,224.78,0.0,16,0
2026-01-28T07:15:00,AIIMS_Nagpur,222.13,0.0,19,0
2026-01-28T07:20:00,GMC_Nagpur,222.64,0.0,19,0
2026-01-28T07:25:00,GMC_Nagpur,223.79,0.0,10,0
2026-01-28T07:30:00,Wockhardt_Hospital,226.2,0.0,24,0
2026-01-28T07:35:00,Mayo_Hospital,186.74,0.64,15,1
2026-01-28T07:40:00,AIIMS_Nagpur,225.33,0.0,19,0
2026-01-28T07:45:00,Wockhardt_Hospital,225.77,0.0,27,0
2026-01-28T07:50:00,GMC_Nagpur,226.6,0.0,11,0
2026-01-28T07:55:00,Lata_Mangeshkar_Hospital,224.47,0.0,24,0
2026-01-28T08:00:00,Mayo_Hospital,226.0,0.0,23,0
2026-01-28T08:05:00,Lata_Mangeshkar_Hospital,223.55,0.0,21,0
2026-01-28T08:10:00,Mayo_Hospital,223.64,0.0,20,0
2026-01-28T08:15:00,AIIMS_Nagpur,222.49,0.0,34,0
2026-01-28T08:20:00,Mayo_Hospital,222.38,0.0,28,0
2026-01-28T08:25:00,GMC_Nagpur,224.75,0.0,28,0
2026-01-28T08:30:00,Lata_Mangeshkar_Hospital,221.52,0.0,33,0
2026-01-28T08:35:00,Mayo_Hospital,224.43,0.0,33,0
2026-01-28T08:40:00,Lata_Mangeshkar_Hospital,221.28,0.0,36,0
2026-01-28T08:45:00,Mayo_Hospital,223.79,0.0,32,0
2026-01-28T08:50:00,AIIMS_Nagpur,220.97,0.0,43,0
2026-01-28T08:55:00,GMC_Nagpur,219.84,0.0,27,0
2026-01-28T09:00:00,Mayo_Hospital,220.17,0.0,38,0
2026-01-28T09:05:00,Wockhardt_Hospital,221.95,0.0,44,0
2026-01-28T09:10:00,AIIMS_Nagpur,219.55,0.0,45,0
2026-01-28T09:15:00,Wockhardt_Hospital,218.89,0.0,38,0
2026-01-28T09:20:00,GMC_Nagpur,218.73,0.0,52,0
2026-01-28T09:25:00,AIIMS_Nagpur,217.36,0.0,51,0
2026-01-28T09:30:00,Wockhardt_Hospital,216.48,0.0,41,0
2026-01-28T09:35:00,Mayo_Hospital,215.89,0.0,58,0
2026-01-28T09:40:00,Mayo_Hospital,218.84,0.0,41,0
2026-01-28T09:45:00,AIIMS_Nagpur,215.92,0.0,58,0
2026-01-28T09:50:00,AIIMS_Nagpur,218.02,0.0,59,0
2026-01-28T09:55:00,AIIMS_Nagpur,216.18,0.0,50,0
2026-01-28T10:00:00,AIIMS_Nagpur,215.11,0.0,64,0
2026-01-28T10:05:00,Mayo_Hospital,213.44,0.0,52,0
2026-01-28T10:10:00,GMC_Nagpur,217.05,0.0,55,0
2026-01-28T10:15:00,AIIMS_Nagpur,215.4,0.0,64,0
2026-01-28T10:20:00,Mayo_Hospital,214.13,0.0,68,0
2026-01-28T10:25:00,Lata_Mangeshkar_Hospital,216.26,0.0,66,0
2026-01-28T10:30:00,AIIMS_Nagpur,214.03,0.0,64,0
2026-01-28T10:35:00,Mayo_Hospital,214.07,0.0,69,0
2026-01-28T10:40:00,Mayo_Hospital,215.98,0.0,73,0
2026-01-28T10:45:00,GMC_Nagpur,213.77,0.0,55,0
2026-01-28T10:50:00,Lata_Mangeshkar_Hospital,215.16,0.0,58,0
2026-01-28T10:55:00,Wockhardt_Hospital,215.39,0.0,76,0
2026-01-28T11:00:00,Mayo_Hospital,214.88,0.0,70,0
2026-01-28T11:05:00,GMC_Nagpur,216.5,0.0,65,0
2026-01-28T11:10:00,Mayo_Hospital,215.3,0.0,66,0
2026-01-28T11:15:00,Lata_Mangeshkar_Hospital,216.4,0.0,70,0
2026-01-28T11:20:00,GMC_Nagpur,217.8,0.03,75,0
2026-01-28T11:25:00,Lata_Mangeshkar_Hospital,218.08,0.01,72,0
2026-01-28T11:30:00,GMC_Nagpur,219.96,0.01,69,0
2026-01-28T11:35:00,Lata_Mangeshkar_Hospital,218.46,0.0,62,0
2026-01-28T11:40:00,Lata_Mangeshkar_Hospital,219.54,0.0,68,0
2026-01-28T11:45:00,AIIMS_Nagpur,220.62,0.02,73,0
2026-01-28T11:50:00,GMC_Nagpur,220.06,0.02,62,0
2026-01-28T11:55:00,GMC_Nagpur,220.57,0.1,75,0
2026-01-28T12:00:00,AIIMS_Nagpur,221.5,0.03,64,0
2026-01-28T12:05:00,Mayo_Hospital,222.19,0.13,69,0
2026-01-28T12:10:00,Lata_Mangeshkar_Hospital,223.66,0.14,62,0
2026-01-28T12:15:00,Wockhardt_Hospital,222.53,0.09,63,0
2026-01-28T12:20:00,Lata_Mangeshkar_Hospital,224.44,0.13,59,0
2026-01-28T12:25:00,Wockhardt_Hospital,224.07,0.16,73,0
2026-01-28T12:30:00,Lata_Mangeshkar_Hospital,224.58,0.15,64,0
2026-01-28T12:35:00,Mayo_Hospital,174.67,0.97,67,1
2026-01-28T12:40:00,Mayo_Hospital,224.6,0.12,58,0
2026-01-28T12:45:00,Lata_Mangeshkar_Hospital,223.57,0.2,65,0
2026-01-28T12:50:00,Mayo_Hospital,223.59,0.14,69,0
2026-01-28T12:55:00,Wockhardt_Hospital,225.49,0.15,59,0
2026-01-28T13:00:00,GMC_Nagpur,223.06,0.23,57,0
2026-01-28T13:05:00,Mayo_Hospital,224.88,0.2,55,0
2026-01-28T13:10:00,Wockhardt_Hospital,224.0,0.16,63,0
2026-01-28T13:15:00,Wockhardt_Hospital,224.66,0.18,50,0
2026-01-28T13:20:00,GMC_Nagpur,225.94,0.26,52,0
2026-01-28T13:25:00,GMC_Nagpur,225.99,0.23,65,0
2026-01-28T13:30:00,Lata_Mangeshkar_Hospital,225.55,0.21,59,0
2026-01-28T13:35:00,Wockhardt_Hospital,223.6,0.25,59,0
2026-01-28T13:40:00,Mayo_Hospital,223.79,0.22,59,0
2026-01-28T13:45:00,Wockhardt_Hospital,223.83,0.26,60,0
2026-01-28T13:50:00,GMC_Nagpur,224.39,0.26,55,0
2026-01-28T13:55:00,Mayo_Hospital,222.13,0.22,48,0
2026-01-28T14:00:00,Wockhardt_Hospital,220.47,0.27,54,0
2026-01-28T14:05:00,AIIMS_Nagpur,221.93,0.23,49,0
2026-01-28T14:10:00,Lata_Mangeshkar_Hospital,222.47,0.28,37,0
2026-01-28T14:15:00,AIIMS_Nagpur,221.32,0.28,41,0
2026-01-28T14:20:00,Mayo_Hospital,219.22,0.29,38,0
2026-01-28T14:25:00,Lata_Mangeshkar_Hospital,221.34,0.25,37,0
2026-01-28T14:30:00,AIIMS_Nagpur,220.67,0.27,30,0
2026-01-28T14:35:00,Wockhardt_Hospital,219.06,0.29,45,0
2026-01-28T14:40:00,AIIMS_Nagpur,218.9,0.25,39,0
2026-01-28T14:45:00,Lata_Mangeshkar_Hospital,216.05,0.2,33,0
2026-01-28T14:50:00,AIIMS_Nagpur,217.82,0.22,36,0
2026-01-28T14:55:00,AIIMS_Nagpur,215.34,0.19,25,0
2026-01-28T15:00:00,Lata_Mangeshkar_Hospital,215.2,0.23,38,0
2026-01-28T15:05:00,Wockhardt_Hospital,216.04,0.26,32,0
2026-01-28T15:10:00,AIIMS_Nagpur,214.52,0.24,21,0
2026-01-28T15:15:00,GMC_Nagpur,215.44,0.21,27,0
2026-01-28T15:20:00,Mayo_Hospital,215.91,0.19,26,0
2026-01-28T15:25:00,Wockhardt_Hospital,182.91,0.92,24,1
2026-01-28T15:30:00,Lata_Mangeshkar_Hospital,213.5,0.2,26,0
2026-01-28T15:35:00,GMC_Nagpur,215.72,0.21,21,0
2026-01-28T15:40:00,GMC_Nagpur,215.54,0.22,25,0
2026-01-28T15:45:00,GMC_Nagpur,213.26,0.15,17,0
2026-01-28T15:50:00,AIIMS_Nagpur,216.35,0.15,26,0
2026-01-28T15:55:00,GMC_Nagpur,214.29,0.14,13,0
2026-01-28T16:00:00,AIIMS_Nagpur,216.8,0.16,21,0
2026-01-28T16:05:00,GMC_Nagpur,217.39,0.16,10,0
2026-01-28T16:10:00,Mayo_Hospital,215.22,0.1,10,0
2026-01-28T16:15:00,GMC_Nagpur,216.87,0.17,15,0
2026-01-28T16:20:00,AIIMS_Nagpur,217.91,0.09,14,0
2026-01-28T16:25:00,GMC_Nagpur,215.68,0.14,10,0
2026-01-28T16:30:00,Wockhardt_Hospital,216.26,0.11,10,0
2026-01-28T16:35:00,GMC_Nagpur,219.31,0.07,10,0
2026-01-28T16:40:00,AIIMS_Nagpur,216.48,0.1,10,0
2026-01-28T16:45:00,AIIMS_Nagpur,219.56,0.07,19,0
2026-01-28T16:50:00,Wockhardt_Hospital,218.88,0.07,13,0
2026-01-28T16:55:00,GMC_Nagpur,220.87,0.06,16,0
2026-01-28T17:00:00,GMC_Nagpur,221.56,0.06,10,0
2026-01-28T17:05:00,GMC_Nagpur,221.88,0.02,19,0
2026-01-28T17:10:00,Lata_Mangeshkar_Hospital,222.98,0.07,10,0
2026-01-28T17:15:00,Wockhardt_Hospital,220.52,0.0,10,0
2026-01-28T17:20:00,GMC_Nagpur,223.06,0.0,11,0
2026-01-28T17:25:00,Mayo_Hospital,224.23,0.04,12,0
2026-01-28T17:30:00,Mayo_Hospital,223.95,0.0,10,0
2026-01-28T17:35:00,Mayo_Hospital,222.08,0.0,14,0
2026-01-28T17:40:00,AIIMS_Nagpur,223.18,0.0,10,0
2026-01-28T17:45:00,GMC_Nagpur,188.6,0.81,10,1
2026-01-28T17:50:00,GMC_Nagpur,225.53,0.0,19,0
2026-01-28T17:55:00,AIIMS_Nagpur,225.51,0.0,10,0
2026-01-28T18:00:00,Lata_Mangeshkar_Hospital,222.73,0.0,10,0
2026-01-28T18:05:00,Lata_Mangeshkar_Hospital,224.24,0.0,24,0
2026-01-28T18:10:00,Lata_Mangeshkar_Hospital,226.03,0.0,19,0
2026-01-28T18:15:00,Mayo_Hospital,225.0,0.0,10,0
2026-01-28T18:20:00,Lata_Mangeshkar_Hospital,226.12,0.0,16,0
2026-01-28T18:25:00,Mayo_Hospital,225.23,0.0,25,0
2026-01-28T18:30:00,AIIMS_Nagpur,224.76,0.0,22,0
2026-01-28T18:35:00,AIIMS_Nagpur,224.08,0.0,22,0
2026-01-28T18:40:00,AIIMS_Nagpur,224.44,0.0,24,0
2026-01-28T18:45:00,Mayo_Hospital,226.15,0.0,34,0
2026-01-28T18:50:00,AIIMS_Nagpur,222.81,0.0,22,0
2026-01-28T18:55:00,AIIMS_Nagpur,223.02,0.0,30,0
2026-01-28T19:00:00,Lata_Mangeshkar_Hospital,225.05,0.0,25,0
2026-01-28T19:05:00,Wockhardt_Hospital,224.64,0.0,37,0
2026-01-28T19:10:00,Mayo_Hospital,222.97,0.0,36,0
2026-01-28T19:15:00,Mayo_Hospital,223.97,0.0,37,0
2026-01-28T19:20:00,GMC_Nagpur,222.88,0.0,45,0
2026-01-28T19:25:00,Lata_Mangeshkar_Hospital,221.85,0.0,35,0
2026-01-28T19:30:00,Lata_Mangeshkar_Hospital,222.05,0.0,32,0
2026-01-28T19:35:00,Mayo_Hospital,220.6,0.0,36,0
2026-01-28T19:40:00,AIIMS_Nagpur,218.58,0.0,37,0
2026-01-28T19:45:00,Mayo_Hospital,218.27,0.0,42,0
2026-01-28T19:50:00,Lata_Mangeshkar_Hospital,218.21,0.0,36,0
2026-01-28T19:55:00,Lata_Mangeshkar_Hospital,218.7,0.0,49,0
2026-01-28T20:00:00,Lata_Mangeshkar_Hospital,215.74,0.0,50,0
2026-01-28T20:05:00,GMC_Nagpur,217.6,0.0,40,0
2026-01-28T20:10:00,Mayo_Hospital,217.21,0.0,54,0
2026-01-28T20:15:00,Lata_Mangeshkar_Hospital,173.61,0.6,51,1
2026-01-28T20:20:00,GMC_Nagpur,217.21,0.0,60,0
2026-01-28T20:25:00,AIIMS_Nagpur,215.2,0.0,59,0
2026-01-28T20:30:00,Mayo_Hospital,214.16,0.0,51,0
2026-01-28T20:35:00,GMC_Nagpur,213.59,0.0,60,0
2026-01-28T20:40:00,GMC_Nagpur,213.95,0.0,50,0
2026-01-28T20:45:00,Mayo_Hospital,213.13,0.0,52,0
2026-01-28T20:50:00,Mayo_Hospital,216.52,0.0,51,0
2026-01-28T20:55:00,Mayo_Hospital,214.99,0.0,63,0
2026-01-28T21:00:00,AIIMS_Nagpur,178.55,0.7,62,1
2026-01-28T21:05:00,GMC_Nagpur,215.16,0.0,63,0
2026-01-28T21:10:00,Mayo_Hospital,214.13,0.0,68,0
2026-01-28T21:15:00,Lata_Mangeshkar_Hospital,213.66,0.0,69,0
2026-01-28T21:20:00,GMC_Nagpur,214.33,0.0,62,0
2026-01-28T21:25:00,AIIMS_Nagpur,215.19,0.0,64,0
2026-01-28T21:30:00,GMC_Nagpur,216.56,0.0,67,0
2026-01-28T21:35:00,AIIMS_Nagpur,216.96,0.0,70,0
2026-01-28T21:40:00,Wockhardt_Hospital,217.74,0.02,68,0
2026-01-28T21:45:00,AIIMS_Nagpur,217.7,0.0,72,0
2026-01-28T21:50:00,Wockhardt_Hospital,218.9,0.02,73,0
2026-01-28T21:55:00,GMC_Nagpur,218.63,0.02,64,0
2026-01-28T22:00:00,AIIMS_Nagpur,219.83,0.02,65,0
2026-01-28T22:05:00,Mayo_Hospital,220.37,0.07,68,0
2026-01-28T22:10:00,GMC_Nagpur,221.37,0.02,68,0
2026-01-28T22:15:00,Lata_Mangeshkar_Hospital,221.15,0.1,71,0
2026-01-28T22:20:00,Lata_Mangeshkar_Hospital,222.34,0.05,66,0
2026-01-28T22:25:00,Wockhardt_Hospital,221.03,0.07,69,0
2026-01-28T22:30:00,Wockhardt_Hospital,219.95,0.12,79,0
2026-01-28T22:35:00,AIIMS_Nagpur,221.19,0.12,59,0
2026-01-28T22:40:00,GMC_Nagpur,222.84,0.11,77,0
2026-01-28T22:45:00,Mayo_Hospital,222.04,0.15,68,0
2026-01-28T22:50:00,Wockhardt_Hospital,222.57,0.1,68,0
2026-01-28T22:55:00,Wockhardt_Hospital,222.02,0.14,63,0
2026-01-28T23:00:00,AIIMS_Nagpur,225.11,0.12,70,0
2026-01-28T23:05:00,Mayo_Hospital,224.04,0.15,74,0
2026-01-28T23:10:00,AIIMS_Nagpur,224.88,0.12,63,0
2026-01-28T23:15:00,Wockhardt_Hospital,225.93,0.13,54,0
2026-01-28T23:20:00,Wockhardt_Hospital,226.27,0.14,69,0
2026-01-28T23:25:00,Wockhardt_Hospital,224.22,0.15,53,0
2026-01-28T23:30:00,Wockhardt_Hospital,225.71,0.2,56,0
2026-01-28T23:35:00,Mayo_Hospital,226.19,0.19,67,0
2026-01-28T23:40:00,AIIMS_Nagpur,224.66,0.17,62,0
2026-01-28T23:45:00,Mayo_Hospital,223.22,0.23,53,0
2026-01-28T23:50:00,Mayo_Hospital,225.38,0.18,64,0
2026-01-28T23:55:00,AIIMS_Nagpur,225.52,0.22,63,0
2026-01-29T00:00:00,Wockhardt_Hospital,225.11,0.27,49,0
2026-01-29T00:05:00,AIIMS_Nagpur,223.65,0.26,45,0
2026-01-29T00:10:00,AIIMS_Nagpur,224.88,0.2,45,0
2026-01-29T00:15:00,Lata_Mangeshkar_Hospital,223.21,0.28,56,0
2026-01-29T00:20:00,AIIMS_Nagpur,222.29,0.28,57,0
2026-01-29T00:25:00,Mayo_Hospital,221.39,0.23,43,0
2026-01-29T00:30:00,Mayo_Hospital,222.12,0.28,45,0
2026-01-29T00:35:00,AIIMS_Nagpur,222.03,0.26,35,0
2026-01-29T00:40:00,Lata_Mangeshkar_Hospital,221.01,0.25,48,0
2026-01-29T00:45:00,GMC_Nagpur,219.03,0.29,34,0
2026-01-29T00:50:00,AIIMS_Nagpur,220.34,0.22,45,0
2026-01-29T00:55:00,Wockhardt_Hospital,220.3,0.25,45,0
2026-01-29T01:00:00,Lata_Mangeshkar_Hospital,220.67,0.22,41,0
2026-01-29T01:05:00,Mayo_Hospital,217.73,0.23,42,0
2026-01-29T01:10:00,AIIMS_Nagpur,217.82,0.22,25,0
2026-01-29T01:15:00,AIIMS_Nagpur,215.58,0.23,39,0
2026-01-29T01:20:00,AIIMS_Nagpur,218.05,0.29,24,0
2026-01-29T01:25:00,GMC_Nagpur,216.68,0.21,32,0
2026-01-29T01:30:00,Lata_Mangeshkar_Hospital,215.03,0.21,22,0
2026-01-29T01:35:00,GMC_Nagpur,214.87,0.21,26,0
2026-01-29T01:40:00,Lata_Mangeshkar_Hospital,217.32,0.2,29,0
2026-01-29T01:45:00,Mayo_Hospital,213.87,0.23,28,0
2026-01-29T01:50:00,Mayo_Hospital,214.64,0.24,17,0
2026-01-29T01:55:00,AIIMS_Nagpur,214.42,0.18,25,0
2026-01-29T02:00:00,Mayo_Hospital,213.67,0.16,28,0
2026-01-29T02:05:00,Mayo_Hospital,214.58,0.23,25,0
2026-01-29T02:10:00,Lata_Mangeshkar_Hospital,216.69,0.23,14,0
2026-01-29T02:15:00,Mayo_Hospital,215.38,0.15,12,0
2026-01-29T02:20:00,Lata_Mangeshkar_Hospital,216.04,0.16,10,0
2026-01-29T02:25:00,Wockhardt_Hospital,215.7,0.17,10,0
2026-01-29T02:30:00,Mayo_Hospital,214.82,0.18,23,0
2026-01-29T02:35:00,AIIMS_Nagpur,216.05,0.14,21,0
2026-01-29T02:40:00,AIIMS_Nagpur,214.2,0.15,20,0
2026-01-29T02:45:00,Mayo_Hospital,216.37,0.11,10,0
2026-01-29T02:50:00,Lata_Mangeshkar_Hospital,217.12,0.1,10,0
2026-01-29T02:55:00,Lata_Mangeshkar_Hospital,218.16,0.12,19,0
2026-01-29T03:00:00,AIIMS_Nagpur,218.43,0.06,13,0
2026-01-29T03:05:00,GMC_Nagpur,219.44,0.07,19,0
2026-01-29T03:10:00,GMC_Nagpur,178.59,0.77,16,1
2026-01-29T03:15:00,Wockhardt_Hospital,217.66,0.06,10,0
2026-01-29T03:20:00,AIIMS_Nagpur,221.2,0.08,14,0
2026-01-29T03:25:00,Lata_Mangeshkar_Hospital,177.09,0.8,15,1
2026-01-29T03:30:00,Mayo_Hospital,221.5,0.06,18,0
2026-01-29T03:35:00,Lata_Mangeshkar_Hospital,221.06,0.08,14,0
2026-01-29T03:40:00,Lata_Mangeshkar_Hospital,221.87,0.01,10,0
2026-01-29T03:45:00,AIIMS_Nagpur,223.27,0.0,10,0
2026-01-29T03:50:00,Wockhardt_Hospital,220.82,0.0,10,0
2026-01-29T03:55:00,Mayo_Hospital,220.79,0.0,10,0
2026-01-29T04:00:00,Mayo_Hospital,223.3,0.0,19,0
2026-01-29T04:05:00,AIIMS_Nagpur,221.7,0.02,10,0
2026-01-29T04:10:00,GMC_Nagpur,222.98,0.0,12,0
2026-01-29T04:15:00,AIIMS_Nagpur,222.65,0.0,16,0
2026-01-29T04:20:00,GMC_Nagpur,225.93,0.0,10,0
2026-01-29T04:25:00,AIIMS_Nagpur,224.43,0.0,23,0
2026-01-29T04:30:00,Mayo_Hospital,223.09,0.0,23,0
2026-01-29T04:35:00,Mayo_Hospital,226.86,0.0,18,0
2026-01-29T04:40:00,Lata_Mangeshkar_Hospital,225.71,0.0,10,0
2026-01-29T04:45:00,Lata_Mangeshkar_Hospital,225.93,0.0,17,0
2026-01-29T04:50:00,Wockhardt_Hospital,224.85,0.0,17,0
2026-01-29T04:55:00,GMC_Nagpur,226.56,0.0,11,0
2026-01-29T05:00:00,Mayo_Hospital,225.45,0.0,26,0
2026-01-29T05:05:00,Mayo_Hospital,224.62,0.0,24,0
2026-01-29T05:10:00,AIIMS_Nagpur,223.47,0.0,23,0
2026-01-29T05:15:00,GMC_Nagpur,224.67,0.0,17,0
2026-01-29T05:20:00,Wockhardt_Hospital,224.79,0.0,23,0
2026-01-29T05:25:00,Lata_Mangeshkar_Hospital,223.87,0.0,28,0
2026-01-29T05:30:00,Mayo_Hospital,223.51,0.0,24,0
2026-01-29T05:35:00,Wockhardt_Hospital,221.27,0.0,30,0
2026-01-29T05:40:00,AIIMS_Nagpur,221.01,0.0,38,0
2026-01-29T05:45:00,Mayo_Hospital,223.73,0.0,43,0
2026-01-29T05:50:00,GMC_Nagpur,222.53,0.0,27,0
2026-01-29T05:55:00,Wockhardt_Hospital,218.98,0.0,39,0
2026-01-29T06:00:00,GMC_Nagpur,220.04,0.0,44,0
2026-01-29T06:05:00,Wockhardt_Hospital,218.18,0.0,42,0
2026-01-29T06:10:00,Lata_Mangeshkar_Hospital,219.81,0.0,34,0
2026-01-29T06:15:00,Mayo_Hospital,217.3,0.0,39,0
2026-01-29T06:20:00,AIIMS_Nagpur,216.62,0.0,48,0
2026-01-29T06:25:00,Mayo_Hospital,218.17,0.0,45,0
2026-01-29T06:30:00,Wockhardt_Hospital,218.44,0.0,54,0
2026-01-29T06:35:00,Mayo_Hospital,217.69,0.0,45,0
2026-01-29T06:40:00,AIIMS_Nagpur,217.78,0.0,40,0
2026-01-29T06:45:00,GMC_Nagpur,217.51,0.0,50,0
2026-01-29T06:50:00,GMC_Nagpur,216.14,0.0,62,0
2026-01-29T06:55:00,GMC_Nagpur,214.11,0.0,57,0
2026-01-29T07:00:00,Mayo_Hospital,217.2,0.0,61,0
2026-01-29T07:05:00,Mayo_Hospital,216.54,0.0,57,0
2026-01-29T07:10:00,Mayo_Hospital,214.43,0.0,59,0
2026-01-29T07:15:00,Wockhardt_Hospital,216.32,0.0,60,0
2026-01-29T07:20:00,GMC_Nagpur,213.34,0.0,68,0
2026-01-29T07:25:00,Mayo_Hospital,213.74,0.0,66,0
2026-01-29T07:30:00,GMC_Nagpur,214.67,0.0,60,0
2026-01-29T07:35:00,Mayo_Hospital,214.74,0.0,59,0
2026-01-29T07:40:00,AIIMS_Nagpur,214.68,0.0,73,0
2026-01-29T07:45:00,Lata_Mangeshkar_Hospital,214.6,0.0,72,0
2026-01-29T07:50:00,Wockhardt_Hospital,216.93,0.0,68,0
2026-01-29T07:55:00,Lata_Mangeshkar_Hospital,215.33,0.01,73,0
2026-01-29T08:00:00,GMC_Nagpur,216.33,0.0,76,0
2026-01-29T08:05:00,AIIMS_Nagpur,216.61,0.0,67,0
2026-01-29T08:10:00,Wockhardt_Hospital,215.76,0.0,60,0
2026-01-29T08:15:00,Wockhardt_Hospital,218.11,0.04,63,0
2026-01-29T08:20:00,Wockhardt_Hospital,218.89,0.06,69,0
2026-01-29T08:25:00,Wockhardt_Hospital,217.57,0.05,79,0
2026-01-29T08:30:00,Lata_Mangeshkar_Hospital,219.67,0.04,60,0
2026-01-29T08:35:00,Lata_Mangeshkar_Hospital,220.28,0.0,70,0
2026-01-29T08:40:00,Wockhardt_Hospital,220.02,0.0,69,0
2026-01-29T08:45:00,GMC_Nagpur,218.59,0.06,65,0
2026-01-29T08:50:00,Mayo_Hospital,221.92,0.11,69,0
2026-01-29T08:55:00,Mayo_Hospital,221.42,0.1,62,0
2026-01-29T09:00:00,Wockhardt_Hospital,221.47,0.12,74,0
2026-01-29T09:05:00,Wockhardt_Hospital,220.89,0.15,73,0
2026-01-29T09:10:00,Mayo_Hospital,223.46,0.13,77,0
2026-01-29T09:15:00,Mayo_Hospital,222.51,0.13,67,0
2026-01-29T09:20:00,GMC_Nagpur,224.01,0.08,73,0
2026-01-29T09:25:00,Lata_Mangeshkar_Hospital,224.96,0.15,58,0
2026-01-29T09:30:00,AIIMS_Nagpur,225.35,0.11,63,0
2026-01-29T09:35:00,Mayo_Hospital,226.12,0.2,57,0
2026-01-29T09:40:00,Mayo_Hospital,222.78,0.15,56,0
2026-01-29T09:45:00,Wockhardt_Hospital,226.67,0.16,54,0
2026-01-29T09:50:00,Lata_Mangeshkar_Hospital,226.83,0.13,71,0
2026-01-29T09:55:00,Mayo_Hospital,223.77,0.2,60,0
2026-01-29T10:00:00,Mayo_Hospital,226.25,0.16,65,0
2026-01-29T10:05:00,GMC_Nagpur,224.19,0.22,67,0
2026-01-29T10:10:00,Mayo_Hospital,225.01,0.18,51,0
2026-01-29T10:15:00,Lata_Mangeshkar_Hospital,223.3,0.18,54,0
2026-01-29T10:20:00,Wockhardt_Hospital,226.24,0.21,59,0
2026-01-29T10:25:00,Mayo_Hospital,225.5,0.26,64,0
2026-01-29T10:30:00,AIIMS_Nagpur,222.32,0.2,53,0
2026-01-29T10:35:00,GMC_Nagpur,225.18,0.24,47,0
2026-01-29T10:40:00,AIIMS_Nagpur,221.76,0.26,57,0
2026-01-29T10:45:00,GMC_Nagpur,221.94,0.27,40,0
2026-01-29T10:50:00,AIIMS_Nagpur,221.33,0.27,51,0
2026-01-29T10:55:00,Lata_Mangeshkar_Hospital,222.6,0.27,56,0
2026-01-29T11:00:00,AIIMS_Nagpur,220.75,0.22,45,0
2026-01-29T11:05:00,Wockhardt_Hospital,221.03,0.3,33,0
2026-01-29T11:10:00,AIIMS_Nagpur,219.34,0.29,42,0
2026-01-29T11:15:00,AIIMS_Nagpur,220.47,0.21,39,0
2026-01-29T11:20:00,Wockhardt_Hospital,221.59,0.22,33,0
2026-01-29T11:25:00,Wockhardt_Hospital,219.2,0.25,30,0
2026-01-29T11:30:00,GMC_Nagpur,216.83,0.24,42,0
2026-01-29T11:35:00,AIIMS_Nagpur,217.61,0.24,43,0
2026-01-29T11:40:00,AIIMS_Nagpur,217.39,0.29,32,0
2026-01-29T11:45:00,AIIMS_Nagpur,217.14,0.23,32,0
2026-01-29T11:50:00,Mayo_Hospital,215.48,0.22,33,0
2026-01-29T11:55:00,AIIMS_Nagpur,217.01,0.24,22,0
2026-01-29T12:00:00,Mayo_Hospital,216.74,0.18,25,0
2026-01-29T12:05:00,AIIMS_Nagpur,214.09,0.18,19,0
2026-01-29T12:10:00,Mayo_Hospital,214.85,0.24,19,0
2026-01-29T12:15:00,Wockhardt_Hospital,216.9,0.19,23,0
2026-01-29T12:20:00,Mayo_Hospital,216.07,0.17,31,0
2026-01-29T12:25:00,Mayo_Hospital,215.01,0.17,31,0
2026-01-29T12:30:00,Wockhardt_Hospital,185.93,0.92,19,1
2026-01-29T12:35:00,GMC_Nagpur,215.71,0.22,19,0
2026-01-29T12:40:00,Lata_Mangeshkar_Hospital,215.97,0.15,22,0
2026-01-29T12:45:00,Wockhardt_Hospital,214.38,0.21,16,0
2026-01-29T12:50:00,Wockhardt_Hospital,216.07,0.2,23,0
2026-01-29T12:55:00,GMC_Nagpur,215.46,0.17,13,0
2026-01-29T13:00:00,Mayo_Hospital,213.62,0.17,11,0
2026-01-29T13:05:00,Mayo_Hospital,215.97,0.1,13,0
2026-01-29T13:10:00,Wockhardt_Hospital,214.58,0.1,19,0
2026-01-29T13:15:00,AIIMS_Nagpur,218.15,0.15,16,0
2026-01-29T13:20:00,Wockhardt_Hospital,217.82,0.12,10,0
2026-01-29T13:25:00,Mayo_Hospital,218.21,0.1,10,0
2026-01-29T13:30:00,Mayo_Hospital,219.23,0.15,10,0
2026-01-29T13:35:00,Lata_Mangeshkar_Hospital,218.74,0.05,13,0
2026-01-29T13:40:00,GMC_Nagpur,218.1,0.04,13,0
2026-01-29T13:45:00,GMC_Nagpur,220.65,0.11,10,0
2026-01-29T13:50:00,Lata_Mangeshkar_Hospital,217.87,0.08,17,0
2026-01-29T13:55:00,AIIMS_Nagpur,218.25,0.09,10,0
2026-01-29T14:00:00,Lata_Mangeshkar_Hospital,222.45,0.0,16,0
2026-01-29T14:05:00,Mayo_Hospital,220.83,0.07,10,0
2026-01-29T14:10:00,Lata_Mangeshkar_Hospital,221.12,0.0,10,0
2026-01-29T14:15:00,Mayo_Hospital,221.91,0.02,19,0
2026-01-29T14:20:00,GMC_Nagpur,221.18,0.01,15,0
2026-01-29T14:25:00,GMC_Nagpur,224.17,0.0,17,0
2026-01-29T14:30:00,GMC_Nagpur,222.54,0.0,12,0
2026-01-29T14:35:00,AIIMS_Nagpur,224.85,0.0,10,0
2026-01-29T14:40:00,Mayo_Hospital,223.31,0.0,10,0
2026-01-29T14:45:00,Mayo_Hospital,223.39,0.0,10,0
2026-01-29T14:50:00,GMC_Nagpur,224.53,0.0,15,0
2026-01-29T14:55:00,Wockhardt_Hospital,225.09,0.0,20,0
2026-01-29T15:00:00,Lata_Mangeshkar_Hospital,225.44,0.0,10,0
2026-01-29T15:05:00,GMC_Nagpur,223.17,0.0,18,0
2026-01-29T15:10:00,Wockhardt_Hospital,223.64,0.0,11,0
2026-01-29T15:15:00,AIIMS_Nagpur,224.26,0.0,25,0
2026-01-29T15:20:00,AIIMS_Nagpur,223.55,0.0,27,0
2026-01-29T15:25:00,GMC_Nagpur,222.89,0.0,15,0
2026-01-29T15:30:00,GMC_Nagpur,223.76,0.0,31,0
2026-01-29T15:35:00,GMC_Nagpur,223.78,0.0,29,0
2026-01-29T15:40:00,Wockhardt_Hospital,226.22,0.0,25,0
2026-01-29T15:45:00,Wockhardt_Hospital,225.61,0.0,36,0
2026-01-29T15:50:00,GMC_Nagpur,222.66,0.0,22,0
2026-01-29T15:55:00,AIIMS_Nagpur,223.94,0.0,24,0
2026-01-29T16:00:00,GMC_Nagpur,221.79,0.0,38,0
2026-01-29T16:05:00,Mayo_Hospital,222.4,0.0,40,0
2026-01-29T16:10:00,Lata_Mangeshkar_Hospital,222.39,0.0,31,0
2026-01-29T16:15:00,Lata_Mangeshkar_Hospital,201.57,0.71,26,1
2026-01-29T16:20:00,Lata_Mangeshkar_Hospital,222.33,0.0,43,0
2026-01-29T16:25:00,Wockhardt_Hospital,221.11,0.0,41,0
2026-01-29T16:30:00,AIIMS_Nagpur,220.36,0.0,31,0
2026-01-29T16:35:00,GMC_Nagpur,221.53,0.0,42,0
2026-01-29T16:40:00,GMC_Nagpur,185.68,0.89,34,1
2026-01-29T16:45:00,GMC_Nagpur,220.44,0.0,37,0
2026-01-29T16:50:00,Wockhardt_Hospital,219.99,0.0,53,0
2026-01-29T16:55:00,Mayo_Hospital,219.17,0.0,49,0
2026-01-29T17:00:00,AIIMS_Nagpur,217.45,0.0,43,0
2026-01-29T17:05:00,Lata_Mangeshkar_Hospital,217.65,0.0,44,0
2026-01-29T17:10:00,GMC_Nagpur,216.27,0.0,60,0
2026-01-29T17:15:00,Wockhardt_Hospital,216.75,0.0,55,0
2026-01-29T17:20:00,GMC_Nagpur,214.56,0.0,57,0
2026-01-29T17:25:00,AIIMS_Nagpur,217.44,0.0,53,0
2026-01-29T17:30:00,Mayo_Hospital,214.14,0.0,52,0
2026-01-29T17:35:00,GMC_Nagpur,214.7,0.0,64,0
2026-01-29T17:40:00,Wockhardt_Hospital,213.52,0.0,62,0
2026-01-29T17:45:00,AIIMS_Nagpur,215.85,0.0,65,0
2026-01-29T17:50:00,GMC_Nagpur,213.23,0.0,69,0
2026-01-29T17:55:00,Mayo_Hospital,214.68,0.0,56,0
2026-01-29T18:00:00,Mayo_Hospital,216.61,0.0,59,0
2026-01-29T18:05:00,Mayo_Hospital,216.49,0.0,69,0
2026-01-29T18:10:00,AIIMS_Nagpur,215.32,0.0,65,0
2026-01-29T18:15:00,Mayo_Hospital,215.73,0.0,66,0
2026-01-29T18:20:00,Wockhardt_Hospital,214.37,0.0,70,0
2026-01-29T18:25:00,Mayo_Hospital,214.42,0.0,76,0
2026-01-29T18:30:00,Mayo_Hospital,218.0,0.0,65,0
2026-01-29T18:35:00,Lata_Mangeshkar_Hospital,217.16,0.01,65,0
2026-01-29T18:40:00,GMC_Nagpur,217.79,0.0,58,0
2026-01-29T18:45:00,Mayo_Hospital,216.29,0.0,63,0
2026-01-29T18:50:00,Mayo_Hospital,219.78,0.0,71,0
2026-01-29T18:55:00,Lata_Mangeshkar_Hospital,219.92,0.0,70,0
2026-01-29T19:00:00,AIIMS_Nagpur,220.48,0.04,72,0
2026-01-29T19:05:00,Wockhardt_Hospital,221.31,0.04,65,0
2026-01-29T19:10:00,GMC_Nagpur,220.11,0.1,60,0
2026-01-29T19:15:00,GMC_Nagpur,221.15,0.11,65,0
2026-01-29T19:20:00,Mayo_Hospital,219.11,0.07,72,0
2026-01-29T19:25:00,AIIMS_Nagpur,222.01,0.07,74,0
2026-01-29T19:30:00,GMC_Nagpur,223.57,0.09,61,0
2026-01-29T19:35:00,Mayo_Hospital,223.25,0.13,69,0
2026-01-29T19:40:00,AIIMS_Nagpur,223.54,0.16,66,0
2026-01-29T19:45:00,Mayo_Hospital,224.27,0.16,72,0
2026-01-29T19:50:00,Mayo_Hospital,225.18,0.11,73,0
2026-01-29T19:55:00,AIIMS_Nagpur,222.56,0.11,75,0
2026-01-29T20:00:00,AIIMS_Nagpur,222.28,0.1,60,0
2026-01-29T20:05:00,Mayo_Hospital,223.16,0.14,68,0
2026-01-29T20:10:00,Wockhardt_Hospital,222.82,0.17,69,0
2026-01-29T20:15:00,Lata_Mangeshkar_Hospital,226.55,0.17,68,0
2026-01-29T20:20:00,Lata_Mangeshkar_Hospital,225.2,0.2,52,0
2026-01-29T20:25:00,Mayo_Hospital,224.88,0.16,58,0
2026-01-29T20:30:00,Wockhardt_Hospital,225.86,0.15,69,0
2026-01-29T20:35:00,Wockhardt_Hospital,223.65,0.16,51,0
2026-01-29T20:40:00,Wockhardt_Hospital,223.62,0.22,65,0
2026-01-29T20:45:00,Wockhardt_Hospital,224.2,0.22,49,0
2026-01-29T20:50:00,Mayo_Hospital,223.84,0.25,57,0
2026-01-29T20:55:00,Mayo_Hospital,225.0,0.23,55,0
2026-01-29T21:00:00,GMC_Nagpur,222.14,0.22,45,0
2026-01-29T21:05:00,GMC_Nagpur,223.24,0.2,42,0
2026-01-29T21:10:00,Lata_Mangeshkar_Hospital,224.84,0.26,53,0
2026-01-29T21:15:00,Wockhardt_Hospital,221.63,0.27,46,0
2026-01-29T21:20:00,GMC_Nagpur,221.68,0.27,50,0
2026-01-29T21:25:00,Lata_Mangeshkar_Hospital,223.86,0.23,50,0
2026-01-29T21:30:00,Wockhardt_Hospital,221.01,0.29,40,0
2026-01-29T21:35:00,GMC_Nagpur,220.64,0.23,49,0
2026-01-29T21:40:00,GMC_Nagpur,219.34,0.29,49,0
2026-01-29T21:45:00,Lata_Mangeshkar_Hospital,218.81,0.2,46,0
2026-01-29T21:50:00,Lata_Mangeshkar_Hospital,220.52,0.2,42,0
2026-01-29T21:55:00,Lata_Mangeshkar_Hospital,218.88,0.2,35,0
2026-01-29T22:00:00,Mayo_Hospital,219.4,0.22,36,0
2026-01-29T22:05:00,Lata_Mangeshkar_Hospital,219.96,0.27,41,0
2026-01-29T22:10:00,Mayo_Hospital,218.45,0.29,29,0
2026-01-29T22:15:00,GMC_Nagpur,218.37,0.23,22,0
2026-01-29T22:20:00,AIIMS_Nagpur,216.75,0.23,38,0
2026-01-29T22:25:00,Mayo_Hospital,218.27,0.26,21,0
2026-01-29T22:30:00,GMC_Nagpur,217.2,0.28,34,0
2026-01-29T22:35:00,GMC_Nagpur,214.55,0.27,24,0
2026-01-29T22:40:00,GMC_Nagpur,214.92,0.27,21,0
2026-01-29T22:45:00,AIIMS_Nagpur,213.6,0.21,15,0
2026-01-29T22:50:00,Lata_Mangeshkar_Hospital,216.02,0.24,24,0
2026-01-29T22:55:00,Lata_Mangeshkar_Hospital,215.13,0.17,13,0
2026-01-29T23:00:00,Mayo_Hospital,213.43,0.18,14,0
2026-01-29T23:05:00,Mayo_Hospital,215.84,0.18,23,0
2026-01-29T23:10:00,Wockhardt_Hospital,216.9,0.2,11,0
2026-01-29T23:15:00,AIIMS_Nagpur,215.56,0.13,19,0
2026-01-29T23:20:00,Wockhardt_Hospital,214.03,0.18,10,0
2026-01-29T23:25:00,Mayo_Hospital,214.39,0.18,10,0
2026-01-29T23:30:00,Lata_Mangeshkar_Hospital,216.11,0.12,23,0
2026-01-29T23:35:00,Wockhardt_Hospital,215.67,0.17,15,0
2026-01-29T23:40:00,AIIMS_Nagpur,216.95,0.17,16,0
2026-01-29T23:45:00,Wockhardt_Hospital,215.55,0.17,11,0
2026-01-29T23:50:00,GMC_Nagpur,217.67,0.16,10,0
2026-01-29T23:55:00,Wockhardt_Hospital,217.22,0.13,10,0
2026-01-30T00:00:00,GMC_Nagpur,191.58,0.87,10,1
2026-01-30T00:05:00,AIIMS_Nagpur,218.43,0.05,13,0
2026-01-30T00:10:00,Lata_Mangeshkar_Hospital,217.07,0.1,18,0
2026-01-30T00:15:00,GMC_Nagpur,218.04,0.05,10,0
2026-01-30T00:20:00,AIIMS_Nagpur,220.13,0.07,18,0
2026-01-30T00:25:00,Mayo_Hospital,219.58,0.01,10,0
2026-01-30T00:30:00,Mayo_Hospital,220.96,0.02,10,0
2026-01-30T00:35:00,Lata_Mangeshkar_Hospital,222.28,0.06,18,0
2026-01-30T00:40:00,Mayo_Hospital,221.52,0.0,10,0
2026-01-30T00:45:00,Lata_Mangeshkar_Hospital,221.43,0.0,13,0
2026-01-30T00:50:00,GMC_Nagpur,221.81,0.0,10,0
2026-01-30T00:55:00,Wockhardt_Hospital,222.45,0.01,16,0
2026-01-30T01:00:00,Wockhardt_Hospital,221.63,0.02,11,0
2026-01-30T01:05:00,Wockhardt_Hospital,224.91,0.0,11,0
2026-01-30T01:10:00,AIIMS_Nagpur,223.96,0.0,11,0
2026-01-30T01:15:00,Mayo_Hospital,225.95,0.0,18,0
2026-01-30T01:20:00,Lata_Mangeshkar_Hospital,226.04,0.0,16,0
2026-01-30T01:25:00,AIIMS_Nagpur,226.38,0.0,10,0
2026-01-30T01:30:00,GMC_Nagpur,223.22,0.0,16,0
2026-01-30T01:35:00,Wockhardt_Hospital,224.09,0.0,27,0
2026-01-30T01:40:00,AIIMS_Nagpur,223.82,0.0,11,0
2026-01-30T01:45:00,Mayo_Hospital,223.99,0.0,15,0
2026-01-30T01:50:00,Wockhardt_Hospital,222.99,0.0,15,0
2026-01-30T01:55:00,Wockhardt_Hospital,225.79,0.0,27,0
2026-01-30T02:00:00,Lata_Mangeshkar_Hospital,222.7,0.0,14,0
2026-01-30T02:05:00,Wockhardt_Hospital,225.23,0.0,16,0
2026-01-30T02:10:00,GMC_Nagpur,222.4,0.0,29,0
2026-01-30T02:15:00,Wockhardt_Hospital,224.91,0.0,23,0
2026-01-30T02:20:00,Lata_Mangeshkar_Hospital,224.74,0.0,31,0
2026-01-30T02:25:00,Wockhardt_Hospital,222.03,0.0,34,0
2026-01-30T02:30:00,GMC_Nagpur,224.68,0.0,22,0
2026-01-30T02:35:00,GMC_Nagpur,222.19,0.0,35,0
2026-01-30T02:40:00,Lata_Mangeshkar_Hospital,221.82,0.0,24,0
2026-01-30T02:45:00,Wockhardt_Hospital,222.13,0.0,44,0
2026-01-30T02:50:00,Lata_Mangeshkar_Hospital,220.11,0.0,43,0
2026-01-30T02:55:00,GMC_Nagpur,219.89,0.0,40,0
2026-01-30T03:00:00,GMC_Nagpur,219.25,0.0,36,0
2026-01-30T03:05:00,Mayo_Hospital,220.3,0.0,32,0
2026-01-30T03:10:00,Wockhardt_Hospital,219.43,0.0,41,0
2026-01-30T03:15:00,Lata_Mangeshkar_Hospital,219.31,0.0,43,0
2026-01-30T03:20:00,GMC_Nagpur,217.2,0.0,38,0
2026-01-30T03:25:00,GMC_Nagpur,218.96,0.0,38,0
2026-01-30T03:30:00,Wockhardt_Hospital,218.81,0.0,56,0
2026-01-30T03:35:00,Lata_Mangeshkar_Hospital,215.07,0.0,55,0
2026-01-30T03:40:00,AIIMS_Nagpur,218.1,0.0,52,0
2026-01-30T03:45:00,GMC_Nagpur,217.44,0.0,54,0
2026-01-30T03:50:00,GMC_Nagpur,216.69,0.0,58,0
2026-01-30T03:55:00,Lata_Mangeshkar_Hospital,215.06,0.0,51,0
2026-01-30T04:00:00,Mayo_Hospital,215.92,0.0,53,0
2026-01-30T04:05:00,Mayo_Hospital,213.97,0.0,50,0
2026-01-30T04:10:00,GMC_Nagpur,215.23,0.0,57,0
2026-01-30T04:15:00,Wockhardt_Hospital,215.74,0.0,61,0
2026-01-30T04:20:00,AIIMS_Nagpur,214.2,0.0,52,0
2026-01-30T04:25:00,Wockhardt_Hospital,216.76,0.0,66,0
2026-01-30T04:30:00,Wockhardt_Hospital,215.03,0.0,62,0
2026-01-30T04:35:00,GMC_Nagpur,213.34,0.0,60,0
2026-01-30T04:40:00,Lata_Mangeshkar_Hospital,216.23,0.0,70,0
2026-01-30T04:45:00,Lata_Mangeshkar_Hospital,214.43,0.0,62,0
2026-01-30T04:50:00,Lata_Mangeshkar_Hospital,216.63,0.0,70,0
2026-01-30T04:55:00,Wockhardt_Hospital,214.75,0.0,61,0
2026-01-30T05:00:00,AIIMS_Nagpur,217.75,0.0,61,0
2026-01-30T05:05:00,Lata_Mangeshkar_Hospital,215.94,0.01,66,0
2026-01-30T05:10:00,AIIMS_Nagpur,215.91,0.02,59,0
2026-01-30T05:15:00,Wockhardt_Hospital,217.15,0.04,64,0
2026-01-30T05:20:00,Mayo_Hospital,219.43,0.06,74,0
2026-01-30T05:25:00,AIIMS_Nagpur,219.74,0.03,73,0
2026-01-30T05:30:00,Lata_Mangeshkar_Hospital,217.88,0.0,67,0
2026-01-30T05:35:00,Lata_Mangeshkar_Hospital,220.32,0.06,62,0
2026-01-30T05:40:00,Mayo_Hospital,218.73,0.04,74,0
2026-01-30T05:45:00,Lata_Mangeshkar_Hospital,222.41,0.1,79,0
2026-01-30T05:50:00,GMC_Nagpur,221.74,0.04,60,0
2026-01-30T05:55:00,AIIMS_Nagpur,221.6,0.05,66,0
2026-01-30T06:00:00,Wockhardt_Hospital,220.78,0.1,64,0
2026-01-30T06:05:00,Wockhardt_Hospital,221.59,0.12,77,0
2026-01-30T06:10:00,Lata_Mangeshkar_Hospital,221.55,0.12,60,0
2026-01-30T06:15:00,Mayo_Hospital,221.66,0.14,60,0
2026-01-30T06:20:00,Wockhardt_Hospital,224.55,0.17,62,0
2026-01-30T06:25:00,Lata_Mangeshkar_Hospital,222.64,0.11,57,0
2026-01-30T06:30:00,GMC_Nagpur,223.95,0.14,70,0
2026-01-30T06:35:00,Mayo_Hospital,223.29,0.16,66,0
2026-01-30T06:40:00,GMC_Nagpur,222.84,0.21,61,0
2026-01-30T06:45:00,AIIMS_Nagpur,225.29,0.19,55,0
2026-01-30T06:50:00,AIIMS_Nagpur,223.56,0.19,56,0
2026-01-30T06:55:00,Wockhardt_Hospital,225.1,0.23,61,0
2026-01-30T07:00:00,Wockhardt_Hospital,225.68,0.23,62,0
2026-01-30T07:05:00,GMC_Nagpur,226.69,0.24,56,0
2026-01-30T07:10:00,GMC_Nagpur,225.92,0.25,56,0
2026-01-30T07:15:00,AIIMS_Nagpur,222.64,0.2,49,0
2026-01-30T07:20:00,GMC_Nagpur,223.54,0.21,54,0
2026-01-30T07:25:00,AIIMS_Nagpur,223.32,0.27,45,0
2026-01-30T07:30:00,AIIMS_Nagpur,222.18,0.25,44,0
2026-01-30T07:35:00,Lata_Mangeshkar_Hospital,223.63,0.19,54,0
2026-01-30T07:40:00,Lata_Mangeshkar_Hospital,224.62,0.23,50,0
2026-01-30T07:45:00,AIIMS_Nagpur,222.64,0.21,43,0
2026-01-30T07:50:00,AIIMS_Nagpur,223.03,0.22,49,0
2026-01-30T07:55:00,AIIMS_Nagpur,222.6,0.26,47,0
2026-01-30T08:00:00,GMC_Nagpur,220.65,0.23,41,0
2026-01-30T08:05:00,AIIMS_Nagpur,221.05,0.29,44,0
2026-01-30T08:10:00,AIIMS_Nagpur,221.2,0.21,39,0
2026-01-30T08:15:00,Lata_Mangeshkar_Hospital,219.7,0.24,49,0
2026-01-30T08:20:00,Lata_Mangeshkar_Hospital,217.81,0.22,37,0
2026-01-30T08:25:00,Wockhardt_Hospital,220.34,0.25,46,0
2026-01-30T08:30:00,AIIMS_Nagpur,219.01,0.22,31,0
2026-01-30T08:35:00,AIIMS_Nagpur,218.86,0.24,39,0
2026-01-30T08:40:00,Mayo_Hospital,215.84,0.28,40,0
2026-01-30T08:45:00,Lata_Mangeshkar_Hospital,219.04,0.23,38,0
2026-01-30T08:50:00,Mayo_Hospital,216.07,0.27,21,0
2026-01-30T08:55:00,Wockhardt_Hospital,217.65,0.28,24,0
2026-01-30T09:00:00,AIIMS_Nagpur,217.66,0.19,30,0
2026-01-30T09:05:00,GMC_Nagpur,215.47,0.22,27,0
2026-01-30T09:10:00,Wockhardt_Hospital,214.93,0.22,25,0
2026-01-30T09:15:00,Mayo_Hospital,214.7,0.26,14,0
2026-01-30T09:20:00,Wockhardt_Hospital,215.41,0.18,25,0
2026-01-30T09:25:00,Mayo_Hospital,216.98,0.16,20,0
2026-01-30T09:30:00,GMC_Nagpur,215.18,0.24,22,0
2026-01-30T09:35:00,Mayo_Hospital,213.14,0.24,28,0
2026-01-30T09:40:00,Lata_Mangeshkar_Hospital,213.14,0.2,16,0
2026-01-30T09:45:00,GMC_Nagpur,215.69,0.15,19,0
2026-01-30T09:50:00,GMC_Nagpur,215.68,0.12,14,0
2026-01-30T09:55:00,Lata_Mangeshkar_Hospital,215.27,0.15,15,0
2026-01-30T10:00:00,Mayo_Hospital,180.63,1.07,10,1
2026-01-30T10:05:00,GMC_Nagpur,214.46,0.12,12,0
2026-01-30T10:10:00,Lata_Mangeshkar_Hospital,217.83,0.17,10,0
2026-01-30T10:15:00,AIIMS_Nagpur,215.76,0.12,12,0
2026-01-30T10:20:00,GMC_Nagpur,219.0,0.13,20,0
2026-01-30T10:25:00,Mayo_Hospital,215.77,0.07,10,0
2026-01-30T10:30:00,Mayo_Hospital,218.11,0.07,10,0
2026-01-30T10:35:00,AIIMS_Nagpur,220.16,0.11,17,0
2026-01-30T10:40:00,GMC_Nagpur,218.03,0.07,11,0
2026-01-30T10:45:00,Wockhardt_Hospital,218.19,0.08,10,0
2026-01-30T10:50:00,Mayo_Hospital,218.15,0.03,10,0
2026-01-30T10:55:00,Mayo_Hospital,221.89,0.06,10,0
2026-01-30T11:00:00,AIIMS_Nagpur,219.62,0.08,10,0
2026-01-30T11:05:00,Mayo_Hospital,221.16,0.0,16,0
2026-01-30T11:10:00,Wockhardt_Hospital,221.01,0.02,10,0
2026-01-30T11:15:00,Lata_Mangeshkar_Hospital,224.02,0.0,12,0
2026-01-30T11:20:00,Mayo_Hospital,221.67,0.0,13,0
2026-01-30T11:25:00,Lata_Mangeshkar_Hospital,223.02,0.02,15,0
2026-01-30T11:30:00,Lata_Mangeshkar_Hospital,224.34,0.0,14,0
2026-01-30T11:35:00,GMC_Nagpur,224.34,0.0,10,0
2026-01-30T11:40:00,Lata_Mangeshkar_Hospital,224.26,0.0,20,0
2026-01-30T11:45:00,GMC_Nagpur,223.81,0.0,10,0
2026-01-30T11:50:00,Lata_Mangeshkar_Hospital,222.72,0.0,11,0
2026-01-30T11:55:00,GMC_Nagpur,223.64,0.0,25,0
2026-01-30T12:00:00,GMC_Nagpur,225.36,0.0,24,0
2026-01-30T12:05:00,Lata_Mangeshkar_Hospital,226.11,0.0,20,0
2026-01-30T12:10:00,AIIMS_Nagpur,225.64,0.0,25,0
2026-01-30T12:15:00,Wockhardt_Hospital,225.85,0.0,24,0
2026-01-30T12:20:00,Wockhardt_Hospital,197.85,0.83,24,1
2026-01-30T12:25:00,GMC_Nagpur,226.0,0.0,24,0
2026-01-30T12:30:00,Mayo_Hospital,225.49,0.0,18,0
2026-01-30T12:35:00,Wockhardt_Hospital,225.49,0.0,18,0
2026-01-30T12:40:00,Wockhardt_Hospital,223.29,0.0,28,0
2026-01-30T12:45:00,Lata_Mangeshkar_Hospital,225.46,0.0,22,0
2026-01-30T12:50:00,GMC_Nagpur,223.76,0.0,37,0
2026-01-30T12:55:00,GMC_Nagpur,224.0,0.0,25,0
2026-01-30T13:00:00,Mayo_Hospital,223.58,0.0,25,0
2026-01-30T13:05:00,GMC_Nagpur,220.5,0.0,30,0
2026-01-30T13:10:00,Lata_Mangeshkar_Hospital,221.02,0.0,37,0
2026-01-30T13:15:00,AIIMS_Nagpur,194.84,0.71,43,1
2026-01-30T13:20:00,Mayo_Hospital,219.35,0.0,46,0
2026-01-30T13:25:00,Wockhardt_Hospital,221.23,0.0,34,0
2026-01-30T13:30:00,GMC_Nagpur,218.82,0.0,44,0
2026-01-30T13:35:00,Wockhardt_Hospital,219.16,0.0,40,0
2026-01-30T13:40:00,Mayo_Hospital,219.13,0.0,36,0
2026-01-30T13:45:00,Lata_Mangeshkar_Hospital,217.2,0.0,43,0
2026-01-30T13:50:00,Lata_Mangeshkar_Hospital,218.81,0.0,46,0
2026-01-30T13:55:00,Lata_Mangeshkar_Hospital,216.36,0.0,53,0
2026-01-30T14:00:00,GMC_Nagpur,218.93,0.0,39,0
2026-01-30T14:05:00,AIIMS_Nagpur,215.14,0.0,56,0
2026-01-30T14:10:00,AIIMS_Nagpur,216.08,0.0,57,0
2026-01-30T14:15:00,Wockhardt_Hospital,214.48,0.0,56,0
2026-01-30T14:20:00,Wockhardt_Hospital,215.78,0.0,44,0
2026-01-30T14:25:00,Lata_Mangeshkar_Hospital,214.31,0.0,57,0
2026-01-30T14:30:00,Mayo_Hospital,216.22,0.0,60,0
2026-01-30T14:35:00,Mayo_Hospital,213.36,0.0,58,0
2026-01-30T14:40:00,Mayo_Hospital,214.42,0.0,50,0
2026-01-30T14:45:00,Mayo_Hospital,215.35,0.0,56,0
2026-01-30T14:50:00,Wockhardt_Hospital,215.87,0.0,58,0
2026-01-30T14:55:00,AIIMS_Nagpur,216.58,0.0,60,0
2026-01-30T15:00:00,Wockhardt_Hospital,215.15,0.0,61,0
2026-01-30T15:05:00,Wockhardt_Hospital,215.69,0.0,72,0
2026-01-30T15:10:00,AIIMS_Nagpur,217.25,0.0,58,0
2026-01-30T15:15:00,Wockhardt_Hospital,214.47,0.0,70,0
2026-01-30T15:20:00,GMC_Nagpur,217.66,0.0,70,0
2026-01-30T15:25:00,Wockhardt_Hospital,216.65,0.0,74,0
2026-01-30T15:30:00,Mayo_Hospital,218.72,0.0,75,0
2026-01-30T15:35:00,Mayo_Hospital,218.01,0.0,64,0
2026-01-30T15:40:00,Mayo_Hospital,219.49,0.03,62,0
2026-01-30T15:45:00,Mayo_Hospital,218.5,0.0,78,0
2026-01-30T15:50:00,Wockhardt_Hospital,219.75,0.0,60,0
2026-01-30T15:55:00,Mayo_Hospital,199.33,0.87,63,1
2026-01-30T16:00:00,GMC_Nagpur,220.05,0.05,60,0
2026-01-30T16:05:00,Lata_Mangeshkar_Hospital,221.58,0.02,78,0
2026-01-30T16:10:00,Lata_Mangeshkar_Hospital,219.43,0.01,63,0
2026-01-30T16:15:00,AIIMS_Nagpur,220.92,0.02,64,0
2026-01-30T16:20:00,Mayo_Hospital,219.51,0.06,77,0
2026-01-30T16:25:00,Mayo_Hospital,221.17,0.11,59,0
2026-01-30T16:30:00,GMC_Nagpur,222.22,0.08,61,0
2026-01-30T16:35:00,AIIMS_Nagpur,221.72,0.11,75,0
2026-01-30T16:40:00,Wockhardt_Hospital,224.04,0.09,67,0
2026-01-30T16:45:00,Mayo_Hospital,222.53,0.15,62,0
2026-01-30T16:50:00,Lata_Mangeshkar_Hospital,225.0,0.09,75,0
2026-01-30T16:55:00,Lata_Mangeshkar_Hospital,224.26,0.19,60,0
2026-01-30T17:00:00,GMC_Nagpur,223.54,0.17,60,0
2026-01-30T17:05:00,Mayo_Hospital,224.87,0.14,73,0
2026-01-30T17:10:00,GMC_Nagpur,225.99,0.22,72,0
2026-01-30T17:15:00,Wockhardt_Hospital,225.16,0.22,61,0
2026-01-30T17:20:00,Mayo_Hospital,224.56,0.19,67,0
2026-01-30T17:25:00,GMC_Nagpur,225.12,0.19,60,0
2026-01-30T17:30:00,Wockhardt_Hospital,225.63,0.24,60,0
2026-01-30T17:35:00,AIIMS_Nagpur,223.56,0.21,53,0
2026-01-30T17:40:00,Mayo_Hospital,224.66,0.17,56,0
2026-01-30T17:45:00,GMC_Nagpur,226.11,0.18,56,0
2026-01-30T17:50:00,Wockhardt_Hospital,225.69,0.23,59,0
2026-01-30T17:55:00,AIIMS_Nagpur,225.34,0.23,61,0
2026-01-30T18:00:00,GMC_Nagpur,223.36,0.19,53,0
2026-01-30T18:05:00,GMC_Nagpur,224.46,0.27,57,0
2026-01-30T18:10:00,Lata_Mangeshkar_Hospital,223.39,0.27,53,0
2026-01-30T18:15:00,Wockhardt_Hospital,223.44,0.22,48,0
2026-01-30T18:20:00,Mayo_Hospital,222.9,0.21,43,0
2026-01-30T18:25:00,GMC_Nagpur,222.24,0.3,36,0
2026-01-30T18:30:00,Lata_Mangeshkar_Hospital,221.56,0.25,44,0
2026-01-30T18:35:00,AIIMS_Nagpur,220.52,0.28,47,0
2026-01-30T18:40:00,GMC_Nagpur,221.1,0.22,31,0
2026-01-30T18:45:00,GMC_Nagpur,220.72,0.25,36,0
2026-01-30T18:50:00,Wockhardt_Hospital,218.54,0.27,38,0
2026-01-30T18:55:00,Wockhardt_Hospital,217.98,0.22,39,0
2026-01-30T19:00:00,AIIMS_Nagpur,219.99,0.21,43,0
2026-01-30T19:05:00,Lata_Mangeshkar_Hospital,217.19,0.23,43,0
2026-01-30T19:10:00,AIIMS_Nagpur,216.66,0.28,37,0
2026-01-30T19:15:00,Mayo_Hospital,217.89,0.22,25,0
2026-01-30T19:20:00,GMC_Nagpur,216.18,0.25,32,0
2026-01-30T19:25:00,AIIMS_Nagpur,217.5,0.2,29,0
2026-01-30T19:30:00,GMC_Nagpur,214.59,0.19,34,0
2026-01-30T19:35:00,Lata_Mangeshkar_Hospital,214.82,0.23,18,0
2026-01-30T19:40:00,Mayo_Hospital,214.71,0.26,17,0
2026-01-30T19:45:00,Wockhardt_Hospital,214.05,0.25,29,0
2026-01-30T19:50:00,Lata_Mangeshkar_Hospital,216.19,0.21,13,0
2026-01-30T19:55:00,Wockhardt_Hospital,213.52,0.16,18,0
2026-01-30T20:00:00,Wockhardt_Hospital,214.61,0.19,15,0
2026-01-30T20:05:00,AIIMS_Nagpur,213.42,0.21,13,0
2026-01-30T20:10:00,Lata_Mangeshkar_Hospital,168.77,0.96,10,1
2026-01-30T20:15:00,Mayo_Hospital,216.1,0.19,21,0
2026-01-30T20:20:00,GMC_Nagpur,216.65,0.13,14,0
2026-01-30T20:25:00,GMC_Nagpur,215.22,0.19,23,0
2026-01-30T20:30:00,Lata_Mangeshkar_Hospital,216.44,0.18,15,0
2026-01-30T20:35:00,Mayo_Hospital,215.56,0.11,11,0
2026-01-30T20:40:00,GMC_Nagpur,215.66,0.09,18,0
2026-01-30T20:45:00,Wockhardt_Hospital,215.72,0.1,13,0
2026-01-30T20:50:00,Wockhardt_Hospital,217.85,0.15,16,0
2026-01-30T20:55:00,GMC_Nagpur,216.84,0.14,10,0
2026-01-30T21:00:00,GMC_Nagpur,219.21,0.08,16,0
2026-01-30T21:05:00,GMC_Nagpur,218.35,0.08,18,0
2026-01-30T21:10:00,GMC_Nagpur,219.63,0.08,16,0
2026-01-30T21:15:00,GMC_Nagpur,220.73,0.11,14,0
2026-01-30T21:20:00,Mayo_Hospital,221.15,0.03,10,0
2026-01-30T21:25:00,Wockhardt_Hospital,219.39,0.02,15,0
2026-01-30T21:30:00,Lata_Mangeshkar_Hospital,221.61,0.01,19,0
2026-01-30T21:35:00,Lata_Mangeshkar_Hospital,199.58,0.71,10,1
2026-01-30T21:40:00,AIIMS_Nagpur,221.48,0.05,20,0
2026-01-30T21:45:00,Lata_Mangeshkar_Hospital,223.04,0.0,10,0
2026-01-30T21:50:00,Wockhardt_Hospital,224.45,0.02,17,0
2026-01-30T21:55:00,Mayo_Hospital,224.86,0.0,20,0
2026-01-30T22:00:00,AIIMS_Nagpur,225.53,0.0,10,0
2026-01-30T22:05:00,Lata_Mangeshkar_Hospital,223.31,0.01,16,0
2026-01-30T22:10:00,AIIMS_Nagpur,225.94,0.0,19,0
2026-01-30T22:15:00,Mayo_Hospital,225.02,0.0,17,0
2026-01-30T22:20:00,GMC_Nagpur,225.81,0.0,10,0
2026-01-30T22:25:00,AIIMS_Nagpur,223.7,0.0,21,0
2026-01-30T22:30:00,AIIMS_Nagpur,224.6,0.0,23,0
2026-01-30T22:35:00,Mayo_Hospital,226.97,0.0,11,0
2026-01-30T22:40:00,Mayo_Hospital,225.53,0.0,19,0
2026-01-30T22:45:00,Lata_Mangeshkar_Hospital,224.3,0.0,21,0
2026-01-30T22:50:00,Lata_Mangeshkar_Hospital,224.09,0.0,20,0
2026-01-30T22:55:00,Lata_Mangeshkar_Hospital,224.55,0.0,15,0
2026-01-30T23:00:00,GMC_Nagpur,224.24,0.0,27,0
2026-01-30T23:05:00,Lata_Mangeshkar_Hospital,225.39,0.0,19,0
2026-01-30T23:10:00,Wockhardt_Hospital,225.56,0.0,32,0
2026-01-30T23:15:00,Lata_Mangeshkar_Hospital,224.08,0.0,28,0
2026-01-30T23:20:00,Lata_Mangeshkar_Hospital,221.71,0.0,25,0
2026-01-30T23:25:00,AIIMS_Nagpur,224.12,0.0,38,0
2026-01-30T23:30:00,Mayo_Hospital,223.52,0.0,23,0
2026-01-30T23:35:00,Lata_Mangeshkar_Hospital,220.91,0.0,25,0
2026-01-30T23:40:00,GMC_Nagpur,220.76,0.0,42,0
2026-01-30T23:45:00,GMC_Nagpur,222.88,0.0,35,0
2026-01-30T23:50:00,GMC_Nagpur,222.08,0.0,34,0
2026-01-30T23:55:00,AIIMS_Nagpur,221.87,0.0,40,0
2026-01-31T00:00:00,GMC_Nagpur,218.61,0.0,42,0
2026-01-31T00:05:00,Mayo_Hospital,220.56,0.0,41,0
2026-01-31T00:10:00,Wockhardt_Hospital,220.28,0.0,48,0
2026-01-31T00:15:00,GMC_Nagpur,218.25,0.0,51,0
2026-01-31T00:20:00,GMC_Nagpur,178.45,0.6,37,1
2026-01-31T00:25:00,AIIMS_Nagpur,215.43,0.0,49,0
2026-01-31T00:30:00,Wockhardt_Hospital,215.48,0.0,50,0
2026-01-31T00:35:00,AIIMS_Nagpur,217.84,0.0,60,0
2026-01-31T00:40:00,Lata_Mangeshkar_Hospital,184.65,0.87,51,1
2026-01-31T00:45:00,Mayo_Hospital,215.13,0.0,58,0
2026-01-31T00:50:00,AIIMS_Nagpur,217.3,0.0,49,0
2026-01-31T00:55:00,AIIMS_Nagpur,216.95,0.0,58,0
2026-01-31T01:00:00,Lata_Mangeshkar_Hospital,215.9,0.0,54,0
2026-01-31T01:05:00,Wockhardt_Hospital,189.0,0.64,66,1
2026-01-31T01:10:00,Lata_Mangeshkar_Hospital,215.35,0.0,68,0
2026-01-31T01:15:00,Lata_Mangeshkar_Hospital,214.42,0.0,59,0
2026-01-31T01:20:00,Mayo_Hospital,214.08,0.0,58,0
2026-01-31T01:25:00,AIIMS_Nagpur,216.63,0.0,69,0
2026-01-31T01:30:00,AIIMS_Nagpur,180.29,0.66,70,1
2026-01-31T01:35:00,Mayo_Hospital,217.33,0.0,58,0
2026-01-31T01:40:00,Wockhardt_Hospital,217.18,0.0,74,0
2026-01-31T01:45:00,Mayo_Hospital,217.68,0.0,63,0
2026-01-31T01:50:00,Wockhardt_Hospital,214.68,0.01,67,0
2026-01-31T01:55:00,AIIMS_Nagpur,215.6,0.01,72,0
2026-01-31T02:00:00,Lata_Mangeshkar_Hospital,217.38,0.0,78,0
2026-01-31T02:05:00,GMC_Nagpur,216.68,0.0,66,0
2026-01-31T02:10:00,Wockhardt_Hospital,217.36,0.04,78,0
2026-01-31T02:15:00,Wockhardt_Hospital,218.55,0.02,67,0
2026-01-31T02:20:00,Wockhardt_Hospital,219.07,0.0,77,0
2026-01-31T02:25:00,GMC_Nagpur,219.71,0.06,62,0
2026-01-31T02:30:00,Mayo_Hospital,218.48,0.0,76,0
2026-01-31T02:35:00,GMC_Nagpur,192.58,0.95,63,1
2026-01-31T02:40:00,Wockhardt_Hospital,219.1,0.09,72,0
2026-01-31T02:45:00,AIIMS_Nagpur,222.86,0.11,68,0
2026-01-31T02:50:00,Wockhardt_Hospital,219.75,0.08,74,0
2026-01-31T02:55:00,Wockhardt_Hospital,223.4,0.13,72,0
2026-01-31T03:00:00,Mayo_Hospital,224.11,0.13,70,0
2026-01-31T03:05:00,Mayo_Hospital,223.21,0.12,73,0
2026-01-31T03:10:00,Wockhardt_Hospital,223.88,0.11,62,0
2026-01-31T03:15:00,Wockhardt_Hospital,223.41,0.11,58,0
2026-01-31T03:20:00,Wockhardt_Hospital,225.98,0.12,64,0
2026-01-31T03:25:00,Wockhardt_Hospital,223.35,0.19,62,0
2026-01-31T03:30:00,Wockhardt_Hospital,223.22,0.12,70,0
2026-01-31T03:35:00,AIIMS_Nagpur,225.46,0.16,64,0
2026-01-31T03:40:00,Lata_Mangeshkar_Hospital,225.54,0.16,57,0
2026-01-31T03:45:00,AIIMS_Nagpur,225.8,0.15,59,0
2026-01-31T03:50:00,Lata_Mangeshkar_Hospital,223.99,0.22,62,0
2026-01-31T03:55:00,AIIMS_Nagpur,225.11,0.24,60,0
2026-01-31T04:00:00,Mayo_Hospital,224.87,0.2,58,0
2026-01-31T04:05:00,Wockhardt_Hospital,222.87,0.2,56,0
2026-01-31T04:10:00,Wockhardt_Hospital,225.79,0.22,53,0
2026-01-31T04:15:00,Lata_Mangeshkar_Hospital,224.39,0.22,60,0
2026-01-31T04:20:00,GMC_Nagpur,222.53,0.21,60,0
2026-01-31T04:25:00,Lata_Mangeshkar_Hospital,225.76,0.22,48,0
2026-01-31T04:30:00,Wockhardt_Hospital,225.15,0.23,58,0
2026-01-31T04:35:00,Wockhardt_Hospital,222.62,0.22,40,0
2026-01-31T04:40:00,Lata_Mangeshkar_Hospital,224.09,0.23,56,0
2026-01-31T04:45:00,GMC_Nagpur,224.15,0.22,42,0
2026-01-31T04:50:00,Lata_Mangeshkar_Hospital,222.95,0.24,48,0
2026-01-31T04:55:00,GMC_Nagpur,219.91,0.29,45,0
2026-01-31T05:00:00,Mayo_Hospital,222.64,0.23,53,0
2026-01-31T05:05:00,Wockhardt_Hospital,220.42,0.24,40,0
2026-01-31T05:10:00,GMC_Nagpur,218.77,0.23,40,0
2026-01-31T05:15:00,Wockhardt_Hospital,220.63,0.25,38,0
2026-01-31T05:20:00,GMC_Nagpur,218.59,0.24,29,0
2026-01-31T05:25:00,Wockhardt_Hospital,217.83,0.25,41,0
2026-01-31T05:30:00,Mayo_Hospital,219.12,0.24,30,0
2026-01-31T05:35:00,GMC_Nagpur,174.65,0.98,32,1
2026-01-31T05:40:00,AIIMS_Nagpur,217.39,0.22,34,0
2026-01-31T05:45:00,Wockhardt_Hospital,216.58,0.21,21,0
2026-01-31T05:50:00,GMC_Nagpur,214.85,0.19,33,0
2026-01-31T05:55:00,Mayo_Hospital,217.63,0.24,20,0
2026-01-31T06:00:00,AIIMS_Nagpur,215.02,0.25,22,0
2026-01-31T06:05:00,Wockhardt_Hospital,216.8,0.25,26,0
2026-01-31T06:10:00,AIIMS_Nagpur,216.09,0.19,23,0
2026-01-31T06:15:00,GMC_Nagpur,177.56,0.95,13,1
2026-01-31T06:20:00,Wockhardt_Hospital,215.69,0.24,20,0
2026-01-31T06:25:00,Wockhardt_Hospital,215.81,0.2,11,0
2026-01-31T06:30:00,Mayo_Hospital,215.08,0.2,10,0
2026-01-31T06:35:00,Lata_Mangeshkar_Hospital,214.99,0.22,20,0
2026-01-31T06:40:00,Mayo_Hospital,214.58,0.15,17,0
2026-01-31T06:45:00,Lata_Mangeshkar_Hospital,215.43,0.14,17,0
2026-01-31T06:50:00,Mayo_Hospital,213.73,0.17,15,0
2026-01-31T06:55:00,AIIMS_Nagpur,217.53,0.13,10,0
2026-01-31T07:00:00,Wockhardt_Hospital,215.43,0.11,10,0
2026-01-31T07:05:00,AIIMS_Nagpur,215.01,0.13,22,0
2026-01-31T07:10:00,Mayo_Hospital,215.73,0.1,10,0
2026-01-31T07:15:00,Lata_Mangeshkar_Hospital,216.3,0.13,12,0
2026-01-31T07:20:00,AIIMS_Nagpur,216.26,0.1,17,0
2026-01-31T07:25:00,Wockhardt_Hospital,217.6,0.07,10,0
2026-01-31T07:30:00,AIIMS_Nagpur,217.71,0.09,10,0
2026-01-31T07:35:00,AIIMS_Nagpur,219.11,0.03,15,0
2026-01-31T07:40:00,AIIMS_Nagpur,219.04,0.08,12,0
2026-01-31T07:45:00,GMC_Nagpur,221.31,0.08,10,0
2026-01-31T07:50:00,AIIMS_Nagpur,219.4,0.03,10,0
2026-01-31T07:55:00,Wockhardt_Hospital,220.55,0.02,10,0
2026-01-31T08:00:00,Mayo_Hospital,223.07,0.02,12,0
2026-01-31T08:05:00,Mayo_Hospital,223.47,0.04,10,0
2026-01-31T08:10:00,Lata_Mangeshkar_Hospital,221.3,0.0,10,0
2026-01-31T08:15:00,GMC_Nagpur,222.12,0.0,18,0
2026-01-31T08:20:00,Lata_Mangeshkar_Hospital,221.16,0.0,12,0
2026-01-31T08:25:00,Mayo_Hospital,224.09,0.0,10,0
2026-01-31T08:30:00,AIIMS_Nagpur,225.25,0.0,10,0
2026-01-31T08:35:00,Mayo_Hospital,224.91,0.0,10,0
2026-01-31T08:40:00,AIIMS_Nagpur,223.79,0.0,10,0
2026-01-31T08:45:00,AIIMS_Nagpur,224.84,0.0,17,0
2026-01-31T08:50:00,AIIMS_Nagpur,225.25,0.0,11,0
2026-01-31T08:55:00,Mayo_Hospital,225.38,0.0,14,0
2026-01-31T09:00:00,Wockhardt_Hospital,225.94,0.0,10,0
2026-01-31T09:05:00,GMC_Nagpur,223.41,0.0,25,0
2026-01-31T09:10:00,Wockhardt_Hospital,225.46,0.0,14,0
2026-01-31T09:15:00,AIIMS_Nagpur,223.07,0.0,15,0
2026-01-31T09:20:00,AIIMS_Nagpur,223.1,0.0,18,0
2026-01-31T09:25:00,Mayo_Hospital,224.18,0.0,29,0
2026-01-31T09:30:00,Wockhardt_Hospital,222.87,0.0,16,0
2026-01-31T09:35:00,GMC_Nagpur,223.83,0.0,34,0
2026-01-31T09:40:00,AIIMS_Nagpur,225.62,0.0,21,0
2026-01-31T09:45:00,Mayo_Hospital,222.17,0.0,26,0
2026-01-31T09:50:00,Mayo_Hospital,221.24,0.0,30,0
2026-01-31T09:55:00,GMC_Nagpur,223.01,0.0,25,0
2026-01-31T10:00:00,GMC_Nagpur,223.33,0.0,29,0
2026-01-31T10:05:00,Lata_Mangeshkar_Hospital,223.71,0.0,39,0
2026-01-31T10:10:00,Mayo_Hospital,222.98,0.0,35,0
2026-01-31T10:15:00,Lata_Mangeshkar_Hospital,220.86,0.0,37,0
2026-01-31T10:20:00,AIIMS_Nagpur,221.88,0.0,43,0
2026-01-31T10:25:00,Wockhardt_Hospital,221.71,0.0,35,0
2026-01-31T10:30:00,Wockhardt_Hospital,220.07,0.0,40,0
2026-01-31T10:35:00,Lata_Mangeshkar_Hospital,219.31,0.0,51,0
2026-01-31T10:40:00,Wockhardt_Hospital,217.24,0.0,46,0
2026-01-31T10:45:00,Mayo_Hospital,219.98,0.0,45,0
2026-01-31T10:50:00,Mayo_Hospital,215.85,0.0,37,0
2026-01-31T10:55:00,AIIMS_Nagpur,216.56,0.0,56,0
2026-01-31T11:00:00,Mayo_Hospital,218.56,0.0,41,0
2026-01-31T11:05:00,Wockhardt_Hospital,214.94,0.0,47,0
2026-01-31T11:10:00,Mayo_Hospital,217.76,0.0,60,0
2026-01-31T11:15:00,Lata_Mangeshkar_Hospital,215.78,0.0,61,0
2026-01-31T11:20:00,GMC_Nagpur,217.54,0.0,49,0
2026-01-31T11:25:00,Lata_Mangeshkar_Hospital,214.79,0.0,50,0
2026-01-31T11:30:00,GMC_Nagpur,214.66,0.0,51,0
2026-01-31T11:35:00,GMC_Nagpur,213.73,0.0,59,0
2026-01-31T11:40:00,Wockhardt_Hospital,214.5,0.0,58,0
2026-01-31T11:45:00,Wockhardt_Hospital,216.02,0.0,56,0
2026-01-31T11:50:00,Wockhardt_Hospital,215.04,0.0,65,0
2026-01-31T11:55:00,GMC_Nagpur,215.79,0.0,61,0
2026-01-31T12:00:00,AIIMS_Nagpur,215.63,0.0,58,0
2026-01-31T12:05:00,GMC_Nagpur,214.33,0.0,70,0
2026-01-31T12:10:00,Lata_Mangeshkar_Hospital,216.23,0.0,71,0
2026-01-31T12:15:00,GMC_Nagpur,216.63,0.0,59,0
2026-01-31T12:20:00,Wockhardt_Hospital,214.61,0.01,61,0
2026-01-31T12:25:00,GMC_Nagpur,217.45,0.02,68,0
2026-01-31T12:30:00,AIIMS_Nagpur,216.99,0.0,72,0
2026-01-31T12:35:00,AIIMS_Nagpur,216.38,0.0,62,0
2026-01-31T12:40:00,Wockhardt_Hospital,218.11,0.04,65,0
2026-01-31T12:45:00,AIIMS_Nagpur,218.6,0.02,75,0
2026-01-31T12:50:00,AIIMS_Nagpur,219.98,0.02,65,0
2026-01-31T12:55:00,Lata_Mangeshkar_Hospital,219.91,0.05,77,0
2026-01-31T13:00:00,Wockhardt_Hospital,218.49,0.01,76,0
2026-01-31T13:05:00,GMC_Nagpur,221.05,0.05,73,0
2026-01-31T13:10:00,AIIMS_Nagpur,221.28,0.1,62,0
2026-01-31T13:15:00,Mayo_Hospital,220.47,0.06,78,0
2026-01-31T13:20:00,GMC_Nagpur,221.85,0.07,77,0
2026-01-31T13:25:00,AIIMS_Nagpur,222.51,0.11,67,0
2026-01-31T13:30:00,Wockhardt_Hospital,222.73,0.09,77,0
2026-01-31T13:35:00,Lata_Mangeshkar_Hospital,224.42,0.14,68,0
2026-01-31T13:40:00,Wockhardt_Hospital,224.92,0.09,73,0
2026-01-31T13:45:00,AIIMS_Nagpur,221.97,0.18,58,0
2026-01-31T13:50:00,Lata_Mangeshkar_Hospital,223.21,0.17,69,0
2026-01-31T13:55:00,AIIMS_Nagpur,225.53,0.2,59,0
2026-01-31T14:00:00,GMC_Nagpur,225.74,0.12,63,0
2026-01-31T14:05:00,Wockhardt_Hospital,226.52,0.15,55,0
2026-01-31T14:10:00,GMC_Nagpur,224.82,0.22,69,0
2026-01-31T14:15:00,Mayo_Hospital,223.0,0.17,70,0
2026-01-31T14:20:00,Mayo_Hospital,223.96,0.2,52,0
2026-01-31T14:25:00,AIIMS_Nagpur,223.17,0.17,53,0
2026-01-31T14:30:00,Mayo_Hospital,226.32,0.16,57,0
2026-01-31T14:35:00,AIIMS_Nagpur,226.48,0.17,64,0
2026-01-31T14:40:00,GMC_Nagpur,225.35,0.19,55,0
2026-01-31T14:45:00,Lata_Mangeshkar_Hospital,223.09,0.27,62,0
2026-01-31T14:50:00,Wockhardt_Hospital,224.87,0.26,60,0
2026-01-31T14:55:00,Lata_Mangeshkar_Hospital,224.53,0.24,58,0
2026-01-31T15:00:00,Lata_Mangeshkar_Hospital,223.52,0.23,60,0
2026-01-31T15:05:00,GMC_Nagpur,223.29,0.29,46,0
2026-01-31T15:10:00,Lata_Mangeshkar_Hospital,221.8,0.27,48,0
2026-01-31T15:15:00,AIIMS_Nagpur,222.0,0.28,55,0
2026-01-31T15:20:00,AIIMS_Nagpur,223.78,0.2,50,0
2026-01-31T15:25:00,Lata_Mangeshkar_Hospital,221.85,0.2,46,0
2026-01-31T15:30:00,AIIMS_Nagpur,221.3,0.27,38,0
2026-01-31T15:35:00,AIIMS_Nagpur,220.67,0.22,39,0
2026-01-31T15:40:00,Lata_Mangeshkar_Hospital,221.52,0.29,46,0
2026-01-31T15:45:00,Lata_Mangeshkar_Hospital,221.02,0.28,38,0
2026-01-31T15:50:00,Mayo_Hospital,217.66,0.23,42,0
2026-01-31T15:55:00,AIIMS_Nagpur,216.6,0.21,35,0
2026-01-31T16:00:00,Lata_Mangeshkar_Hospital,219.16,0.28,27,0
2026-01-31T16:05:00,GMC_Nagpur,215.99,0.27,28,0
2026-01-31T16:10:00,Mayo_Hospital,215.31,0.25,24,0
2026-01-31T16:15:00,Lata_Mangeshkar_Hospital,217.45,0.24,33,0
2026-01-31T16:20:00,GMC_Nagpur,217.98,0.28,34,0
2026-01-31T16:25:00,AIIMS_Nagpur,214.26,0.2,36,0
2026-01-31T16:30:00,Lata_Mangeshkar_Hospital,216.72,0.23,32,0
2026-01-31T16:35:00,Mayo_Hospital,215.92,0.18,14,0
2026-01-31T16:40:00,Mayo_Hospital,216.92,0.25,29,0
2026-01-31T16:45:00,AIIMS_Nagpur,213.69,0.23,15,0
2026-01-31T16:50:00,GMC_Nagpur,214.1,0.23,15,0
2026-01-31T16:55:00,Lata_Mangeshkar_Hospital,216.6,0.24,25,0
2026-01-31T17:00:00,Mayo_Hospital,216.99,0.16,14,0
2026-01-31T17:05:00,Wockhardt_Hospital,216.7,0.2,23,0
2026-01-31T17:10:00,Mayo_Hospital,216.27,0.21,15,0
2026-01-31T17:15:00,Lata_Mangeshkar_Hospital,215.17,0.19,10,0
2026-01-31T17:20:00,Lata_Mangeshkar_Hospital,215.79,0.16,16,0
2026-01-31T17:25:00,Wockhardt_Hospital,216.8,0.19,10,0
2026-01-31T17:30:00,AIIMS_Nagpur,214.59,0.14,10,0
2026-01-31T17:35:00,Lata_Mangeshkar_Hospital,215.0,0.16,18,0
2026-01-31T17:40:00,AIIMS_Nagpur,215.59,0.15,12,0
2026-01-31T17:45:00,Lata_Mangeshkar_Hospital,216.22,0.1,12,0
2026-01-31T17:50:00,AIIMS_Nagpur,218.28,0.11,17,0
2026-01-31T17:55:00,Lata_Mangeshkar_Hospital,219.61,0.09,19,0
2026-01-31T18:00:00,GMC_Nagpur,218.72,0.09,10,0
2026-01-31T18:05:00,GMC_Nagpur,218.81,0.06,10,0
2026-01-31T18:10:00,Wockhardt_Hospital,217.8,0.07,13,0
2026-01-31T18:15:00,GMC_Nagpur,221.38,0.1,18,0
2026-01-31T18:20:00,Lata_Mangeshkar_Hospital,219.35,0.05,16,0
2026-01-31T18:25:00,AIIMS_Nagpur,221.11,0.07,11,0
2026-01-31T18:30:00,Mayo_Hospital,222.99,0.01,16,0
2026-01-31T18:35:00,GMC_Nagpur,221.1,0.0,10,0
2026-01-31T18:40:00,Mayo_Hospital,221.88,0.05,10,0
2026-01-31T18:45:00,Mayo_Hospital,222.47,0.01,17,0
2026-01-31T18:50:00,GMC_Nagpur,224.91,0.0,11,0
2026-01-31T18:55:00,Lata_Mangeshkar_Hospital,224.4,0.0,10,0
2026-01-31T19:00:00,Lata_Mangeshkar_Hospital,222.53,0.0,16,0
2026-01-31T19:05:00,AIIMS_Nagpur,224.77,0.0,10,0
2026-01-31T19:10:00,Wockhardt_Hospital,225.7,0.0,10,0
2026-01-31T19:15:00,Mayo_Hospital,223.85,0.0,10,0
2026-01-31T19:20:00,Lata_Mangeshkar_Hospital,223.51,0.0,10,0
2026-01-31T19:25:00,Wockhardt_Hospital,223.43,0.0,26,0
2026-01-31T19:30:00,Mayo_Hospital,226.22,0.0,16,0
2026-01-31T19:35:00,AIIMS_Nagpur,224.13,0.0,12,0
2026-01-31T19:40:00,Mayo_Hospital,223.21,0.0,21,0
2026-01-31T19:45:00,Lata_Mangeshkar_Hospital,225.61,0.0,12,0
2026-01-31T19:50:00,Lata_Mangeshkar_Hospital,223.05,0.0,24,0
2026-01-31T19:55:00,Wockhardt_Hospital,226.41,0.0,30,0
2026-01-31T20:00:00,Mayo_Hospital,225.84,0.0,21,0
2026-01-31T20:05:00,Mayo_Hospital,224.33,0.0,20,0
2026-01-31T20:10:00,Mayo_Hospital,222.12,0.0,20,0
2026-01-31T20:15:00,Mayo_Hospital,224.91,0.0,32,0
2026-01-31T20:20:00,AIIMS_Nagpur,221.76,0.0,21,0
2026-01-31T20:25:00,Mayo_Hospital,223.37,0.0,36,0
2026-01-31T20:30:00,GMC_Nagpur,221.44,0.0,31,0
2026-01-31T20:35:00,Wockhardt_Hospital,220.45,0.0,33,0
2026-01-31T20:40:00,Lata_Mangeshkar_Hospital,222.34,0.0,28,0
2026-01-31T20:45:00,GMC_Nagpur,219.11,0.0,34,0
2026-01-31T20:50:00,Lata_Mangeshkar_Hospital,219.38,0.0,43,0
2026-01-31T20:55:00,Wockhardt_Hospital,218.84,0.0,47,0
2026-01-31T21:00:00,GMC_Nagpur,219.47,0.0,51,0
2026-01-31T21:05:00,GMC_Nagpur,220.4,0.0,41,0
2026-01-31T21:10:00,Wockhardt_Hospital,217.72,0.0,47,0
2026-01-31T21:15:00,GMC_Nagpur,217.15,0.0,46,0
2026-01-31T21:20:00,GMC_Nagpur,218.95,0.0,51,0
2026-01-31T21:25:00,Mayo_Hospital,216.3,0.0,49,0
2026-01-31T21:30:00,Lata_Mangeshkar_Hospital,216.38,0.0,56,0
2026-01-31T21:35:00,AIIMS_Nagpur,216.22,0.0,61,0
2026-01-31T21:40:00,Mayo_Hospital,215.52,0.0,51,0
2026-01-31T21:45:00,Lata_Mangeshkar_Hospital,216.61,0.0,51,0
2026-01-31T21:50:00,Mayo_Hospital,217.13,0.0,62,0
2026-01-31T21:55:00,Mayo_Hospital,216.57,0.0,56,0
2026-01-31T22:00:00,Lata_Mangeshkar_Hospital,214.39,0.0,51,0
2026-01-31T22:05:00,Mayo_Hospital,216.42,0.0,66,0
2026-01-31T22:10:00,AIIMS_Nagpur,215.26,0.0,68,0
2026-01-31T22:15:00,GMC_Nagpur,214.59,0.0,71,0
2026-01-31T22:20:00,Lata_Mangeshkar_Hospital,215.24,0.0,54,0
2026-01-31T22:25:00,GMC_Nagpur,216.57,0.0,69,0
2026-01-31T22:30:00,Mayo_Hospital,216.71,0.0,60,0
2026-01-31T22:35:00,Mayo_Hospital,216.07,0.0,58,0
2026-01-31T22:40:00,Mayo_Hospital,216.47,0.0,72,0
2026-01-31T22:45:00,AIIMS_Nagpur,217.74,0.0,63,0
2026-01-31T22:50:00,GMC_Nagpur,216.0,0.02,71,0
2026-01-31T22:55:00,Mayo_Hospital,215.24,0.0,67,0
2026-01-31T23:00:00,Mayo_Hospital,216.7,0.02,68,0
2026-01-31T23:05:00,Lata_Mangeshkar_Hospital,219.19,0.0,69,0
2026-01-31T23:10:00,AIIMS_Nagpur,217.04,0.04,78,0
2026-01-31T23:15:00,AIIMS_Nagpur,218.98,0.05,72,0
2026-01-31T23:20:00,AIIMS_Nagpur,220.75,0.0,69,0
2026-01-31T23:25:00,Lata_Mangeshkar_Hospital,219.97,0.01,68,0
2026-01-31T23:30:00,Mayo_Hospital,219.03,0.06,65,0
2026-01-31T23:35:00,Wockhardt_Hospital,219.75,0.11,70,0
2026-01-31T23:40:00,Lata_Mangeshkar_Hospital,220.79,0.09,62,0
2026-01-31T23:45:00,Wockhardt_Hospital,221.64,0.09,73,0
2026-01-31T23:50:00,Mayo_Hospital,223.36,0.06,64,0
2026-01-31T23:55:00,AIIMS_Nagpur,222.15,0.14,66,0
2026-02-01T00:00:00,GMC_Nagpur,223.73,0.15,75,0
2026-02-01T00:05:00,Mayo_Hospital,224.39,0.09,72,0
2026-02-01T00:10:00,Wockhardt_Hospital,223.82,0.09,70,0
2026-02-01T00:15:00,GMC_Nagpur,224.89,0.18,62,0
2026-02-01T00:20:00,Mayo_Hospital,222.32,0.19,65,0
2026-02-01T00:25:00,Wockhardt_Hospital,222.89,0.17,57,0
2026-02-01T00:30:00,Wockhardt_Hospital,224.5,0.19,54,0
2026-02-01T00:35:00,Wockhardt_Hospital,223.14,0.14,58,0
2026-02-01T00:40:00,Wockhardt_Hospital,224.03,0.13,58,0
2026-02-01T00:45:00,Lata_Mangeshkar_Hospital,226.35,0.21,68,0
2026-02-01T00:50:00,AIIMS_Nagpur,224.03,0.15,65,0
2026-02-01T00:55:00,Mayo_Hospital,223.92,0.15,68,0
2026-02-01T01:00:00,Mayo_Hospital,226.1,0.16,52,0
2026-02-01T01:05:00,AIIMS_Nagpur,223.01,0.24,61,0
2026-02-01T01:10:00,GMC_Nagpur,226.22,0.24,61,0
2026-02-01T01:15:00,Lata_Mangeshkar_Hospital,225.87,0.24,64,0
2026-02-01T01:20:00,GMC_Nagpur,224.89,0.27,45,0
2026-02-01T01:25:00,AIIMS_Nagpur,225.37,0.24,53,0
2026-02-01T01:30:00,GMC_Nagpur,221.96,0.19,51,0
2026-02-01T01:35:00,Mayo_Hospital,224.34,0.24,44,0
2026-02-01T01:40:00,GMC_Nagpur,223.37,0.29,51,0
2026-02-01T01:45:00,AIIMS_Nagpur,222.57,0.2,53,0
2026-02-01T01:50:00,Mayo_Hospital,220.06,0.27,54,0
2026-02-01T01:55:00,Mayo_Hospital,221.08,0.27,46,0
2026-02-01T02:00:00,GMC_Nagpur,222.77,0.27,48,0
2026-02-01T02:05:00,Wockhardt_Hospital,220.67,0.26,47,0
2026-02-01T02:10:00,Mayo_Hospital,219.36,0.29,44,0
2026-02-01T02:15:00,Wockhardt_Hospital,218.93,0.24,34,0
2026-02-01T02:20:00,Lata_Mangeshkar_Hospital,220.71,0.25,27,0
2026-02-01T02:25:00,Mayo_Hospital,220.15,0.26,32,0
2026-02-01T02:30:00,GMC_Nagpur,218.61,0.29,27,0
2026-02-01T02:35:00,GMC_Nagpur,215.96,0.19,32,0
2026-02-01T02:40:00,Lata_Mangeshkar_Hospital,216.6,0.23,26,0
2026-02-01T02:45:00,Lata_Mangeshkar_Hospital,216.59,0.27,36,0
2026-02-01T02:50:00,Mayo_Hospital,217.23,0.2,26,0
2026-02-01T02:55:00,Lata_Mangeshkar_Hospital,215.03,0.27,22,0
2026-02-01T03:00:00,AIIMS_Nagpur,215.88,0.23,18,0
2026-02-01T03:05:00,Wockhardt_Hospital,213.51,0.22,29,0
2026-02-01T03:10:00,Lata_Mangeshkar_Hospital,216.94,0.25,19,0
2026-02-01T03:15:00,Mayo_Hospital,216.75,0.17,25,0
2026-02-01T03:20:00,Lata_Mangeshkar_Hospital,216.64,0.16,16,0
2026-02-01T03:25:00,GMC_Nagpur,213.63,0.22,19,0
2026-02-01T03:30:00,Mayo_Hospital,215.23,0.15,22,0
2026-02-01T03:35:00,Lata_Mangeshkar_Hospital,214.69,0.21,16,0
2026-02-01T03:40:00,AIIMS_Nagpur,213.29,0.21,12,0
2026-02-01T03:45:00,Lata_Mangeshkar_Hospital,215.1,0.19,12,0
2026-02-01T03:50:00,AIIMS_Nagpur,217.53,0.15,13,0
2026-02-01T03:55:00,GMC_Nagpur,216.26,0.19,23,0
2026-02-01T04:00:00,Wockhardt_Hospital,214.88,0.17,10,0
2026-02-01T04:05:00,Lata_Mangeshkar_Hospital,215.73,0.09,10,0
2026-02-01T04:10:00,GMC_Nagpur,215.56,0.16,10,0
2026-02-01T04:15:00,AIIMS_Nagpur,218.53,0.15,10,0
2026-02-01T04:20:00,GMC_Nagpur,219.39,0.08,10,0
2026-02-01T04:25:00,Mayo_Hospital,216.7,0.12,18,0
2026-02-01T04:30:00,Mayo_Hospital,220.25,0.03,10,0
2026-02-01T04:35:00,Lata_Mangeshkar_Hospital,220.21,0.11,10,0
2026-02-01T04:40:00,AIIMS_Nagpur,217.78,0.11,10,0
2026-02-01T04:45:00,AIIMS_Nagpur,221.28,0.1,10,0
2026-02-01T04:50:00,Wockhardt_Hospital,221.95,0.06,17,0
2026-02-01T04:55:00,AIIMS_Nagpur,222.97,0.07,10,0
2026-02-01T05:00:00,GMC_Nagpur,222.78,0.0,10,0
2026-02-01T05:05:00,Mayo_Hospital,221.33,0.0,10,0
2026-02-01T05:10:00,Mayo_Hospital,222.52,0.0,10,0
2026-02-01T05:15:00,Wockhardt_Hospital,223.46,0.0,10,0
2026-02-01T05:20:00,GMC_Nagpur,224.7,0.0,10,0
2026-02-01T05:25:00,Wockhardt_Hospital,223.6,0.0,11,0
2026-02-01T05:30:00,Mayo_Hospital,224.12,0.0,13,0
2026-02-01T05:35:00,Lata_Mangeshkar_Hospital,222.91,0.0,11,0
2026-02-01T05:40:00,AIIMS_Nagpur,223.55,0.0,17,0
2026-02-01T05:45:00,AIIMS_Nagpur,225.59,0.0,18,0
2026-02-01T05:50:00,GMC_Nagpur,225.21,0.0,14,0
2026-02-01T05:55:00,GMC_Nagpur,225.53,0.0,14,0
2026-02-01T06:00:00,AIIMS_Nagpur,224.5,0.0,14,0
2026-02-01T06:05:00,Lata_Mangeshkar_Hospital,224.08,0.0,16,0
2026-02-01T06:10:00,Wockhardt_Hospital,225.88,0.0,18,0
2026-02-01T06:15:00,AIIMS_Nagpur,225.86,0.0,25,0
2026-02-01T06:20:00,GMC_Nagpur,225.43,0.0,30,0
2026-02-01T06:25:00,Mayo_Hospital,225.87,0.0,23,0
2026-02-01T06:30:00,Lata_Mangeshkar_Hospital,222.52,0.0,26,0
2026-02-01T06:35:00,Mayo_Hospital,222.39,0.0,19,0
2026-02-01T06:40:00,Lata_Mangeshkar_Hospital,225.28,0.0,19,0
2026-02-01T06:45:00,Wockhardt_Hospital,224.7,0.0,25,0
2026-02-01T06:50:00,AIIMS_Nagpur,223.33,0.0,23,0
2026-02-01T06:55:00,AIIMS_Nagpur,222.19,0.0,25,0
2026-02-01T07:00:00,Lata_Mangeshkar_Hospital,220.65,0.0,28,0
2026-02-01T07:05:00,AIIMS_Nagpur,222.74,0.0,33,0
2026-02-01T07:10:00,AIIMS_Nagpur,221.1,0.0,35,0
2026-02-01T07:15:00,Wockhardt_Hospital,183.11,0.76,33,1
2026-02-01T07:20:00,Mayo_Hospital,218.28,0.0,35,0
2026-02-01T07:25:00,Mayo_Hospital,218.32,0.0,49,0
2026-02-01T07:30:00,AIIMS_Nagpur,219.98,0.0,38,0
2026-02-01T07:35:00,Mayo_Hospital,218.72,0.0,34,0
2026-02-01T07:40:00,GMC_Nagpur,217.89,0.0,40,0
2026-02-01T07:45:00,AIIMS_Nagpur,217.22,0.0,54,0
2026-02-01T07:50:00,AIIMS_Nagpur,218.07,0.0,49,0
2026-02-01T07:55:00,Mayo_Hospital,217.2,0.0,42,0
2026-02-01T08:00:00,GMC_Nagpur,217.27,0.0,53,0
2026-02-01T08:05:00,GMC_Nagpur,216.42,0.0,50,0
2026-02-01T08:10:00,Mayo_Hospital,216.36,0.0,57,0
2026-02-01T08:15:00,AIIMS_Nagpur,215.69,0.0,55,0
2026-02-01T08:20:00,AIIMS_Nagpur,217.38,0.0,55,0
2026-02-01T08:25:00,Wockhardt_Hospital,215.35,0.0,54,0
2026-02-01T08:30:00,Wockhardt_Hospital,213.22,0.0,60,0
2026-02-01T08:35:00,Lata_Mangeshkar_Hospital,214.82,0.0,56,0
2026-02-01T08:40:00,Wockhardt_Hospital,215.26,0.0,65,0
2026-02-01T08:45:00,Mayo_Hospital,216.77,0.0,59,0
2026-02-01T08:50:00,GMC_Nagpur,187.72,0.66,53,1
2026-02-01T08:55:00,Wockhardt_Hospital,216.73,0.0,66,0
2026-02-01T09:00:00,Wockhardt_Hospital,215.07,0.0,65,0
2026-02-01T09:05:00,Lata_Mangeshkar_Hospital,214.0,0.0,65,0
2026-02-01T09:10:00,GMC_Nagpur,215.57,0.0,71,0
2026-02-01T09:15:00,Lata_Mangeshkar_Hospital,216.15,0.01,60,0
2026-02-01T09:20:00,AIIMS_Nagpur,214.56,0.02,64,0
2026-02-01T09:25:00,AIIMS_Nagpur,215.1,0.0,65,0
2026-02-01T09:30:00,Mayo_Hospital,217.1,0.0,58,0
2026-02-01T09:35:00,GMC_Nagpur,218.39,0.0,67,0
2026-02-01T09:40:00,GMC_Nagpur,218.97,0.02,63,0
2026-02-01T09:45:00,Mayo_Hospital,220.01,0.0,77,0
2026-02-01T09:50:00,GMC_Nagpur,218.8,0.0,76,0
2026-02-01T09:55:00,AIIMS_Nagpur,220.47,0.04,71,0
2026-02-01T10:00:00,AIIMS_Nagpur,219.75,0.01,71,0
2026-02-01T10:05:00,Lata_Mangeshkar_Hospital,221.2,0.09,75,0
2026-02-01T10:10:00,Lata_Mangeshkar_Hospital,220.75,0.11,76,0
2026-02-01T10:15:00,Mayo_Hospital,223.4,0.09,79,0
2026-02-01T10:20:00,Wockhardt_Hospital,222.09,0.12,63,0
2026-02-01T10:25:00,Mayo_Hospital,223.7,0.05,59,0
2026-02-01T10:30:00,GMC_Nagpur,223.17,0.14,70,0
2026-02-01T10:35:00,GMC_Nagpur,224.0,0.15,58,0
2026-02-01T10:40:00,GMC_Nagpur,224.46,0.11,66,0
2026-02-01T10:45:00,GMC_Nagpur,225.03,0.17,71,0
2026-02-01T10:50:00,GMC_Nagpur,224.89,0.2,56,0
2026-02-01T10:55:00,Wockhardt_Hospital,222.86,0.19,59,0
2026-02-01T11:00:00,Lata_Mangeshkar_Hospital,226.23,0.2,59,0
2026-02-01T11:05:00,Lata_Mangeshkar_Hospital,226.45,0.18,64,0
2026-02-01T11:10:00,AIIMS_Nagpur,224.54,0.22,69,0
2026-02-01T11:15:00,GMC_Nagpur,223.35,0.14,61,0
2026-02-01T11:20:00,Mayo_Hospital,223.39,0.17,63,0
2026-02-01T11:25:00,Lata_Mangeshkar_Hospital,226.76,0.16,64,0
2026-02-01T11:30:00,Mayo_Hospital,226.39,0.24,60,0
2026-02-01T11:35:00,Lata_Mangeshkar_Hospital,225.35,0.24,63,0
2026-02-01T11:40:00,Lata_Mangeshkar_Hospital,226.27,0.22,58,0
2026-02-01T11:45:00,Wockhardt_Hospital,225.44,0.27,62,0
2026-02-01T11:50:00,GMC_Nagpur,225.76,0.25,55,0
2026-02-01T11:55:00,GMC_Nagpur,225.2,0.24,55,0
2026-02-01T12:00:00,GMC_Nagpur,221.62,0.27,42,0
2026-02-01T12:05:00,Lata_Mangeshkar_Hospital,223.31,0.22,53,0
2026-02-01T12:10:00,Wockhardt_Hospital,222.11,0.23,43,0
2026-02-01T12:15:00,Wockhardt_Hospital,223.56,0.25,48,0
2026-02-01T12:20:00,AIIMS_Nagpur,220.01,0.21,37,0
2026-02-01T12:25:00,AIIMS_Nagpur,221.55,0.22,50,0
2026-02-01T12:30:00,Wockhardt_Hospital,222.32,0.23,45,0
2026-02-01T12:35:00,Mayo_Hospital,219.19,0.27,47,0
2026-02-01T12:40:00,Wockhardt_Hospital,221.15,0.24,47,0
2026-02-01T12:45:00,Wockhardt_Hospital,217.31,0.24,45,0
2026-02-01T12:50:00,Wockhardt_Hospital,219.86,0.28,39,0
2026-02-01T12:55:00,GMC_Nagpur,218.05,0.22,44,0
2026-02-01T13:00:00,GMC_Nagpur,218.38,0.2,41,0
2026-02-01T13:05:00,Mayo_Hospital,215.64,0.25,40,0
2026-02-01T13:10:00,Lata_Mangeshkar_Hospital,215.48,0.22,34,0
2026-02-01T13:15:00,AIIMS_Nagpur,218.25,0.25,36,0
2026-02-01T13:20:00,Lata_Mangeshkar_Hospital,214.77,0.22,31,0
2026-02-01T13:25:00,Mayo_Hospital,214.66,0.2,34,0
2026-02-01T13:30:00,Lata_Mangeshkar_Hospital,213.66,0.18,30,0
2026-02-01T13:35:00,Wockhardt_Hospital,214.49,0.22,32,0
2026-02-01T13:40:00,GMC_Nagpur,216.27,0.18,25,0
2026-02-01T13:45:00,AIIMS_Nagpur,213.11,0.25,29,0
2026-02-01T13:50:00,Mayo_Hospital,215.7,0.2,26,0
2026-02-01T13:55:00,Mayo_Hospital,213.84,0.15,17,0
2026-02-01T14:00:00,GMC_Nagpur,213.61,0.16,22,0
2026-02-01T14:05:00,GMC_Nagpur,216.28,0.14,16,0
2026-02-01T14:10:00,Wockhardt_Hospital,214.69,0.14,12,0
2026-02-01T14:15:00,Lata_Mangeshkar_Hospital,215.3,0.14,13,0
2026-02-01T14:20:00,AIIMS_Nagpur,214.35,0.12,10,0
2026-02-01T14:25:00,GMC_Nagpur,215.68,0.11,21,0
2026-02-01T14:30:00,AIIMS_Nagpur,215.05,0.12,18,0
2026-02-01T14:35:00,Mayo_Hospital,216.99,0.12,13,0
2026-02-01T14:40:00,Wockhardt_Hospital,217.66,0.14,16,0
2026-02-01T14:45:00,Mayo_Hospital,215.68,0.13,17,0
2026-02-01T14:50:00,Lata_Mangeshkar_Hospital,216.79,0.07,17,0
2026-02-01T14:55:00,Lata_Mangeshkar_Hospital,219.16,0.07,14,0
2026-02-01T15:00:00,GMC_Nagpur,218.74,0.05,10,0
2026-02-01T15:05:00,Wockhardt_Hospital,217.41,0.08,18,0
2026-02-01T15:10:00,GMC_Nagpur,218.65,0.1,10,0
2026-02-01T15:15:00,GMC_Nagpur,218.77,0.08,11,0
2026-02-01T15:20:00,Wockhardt_Hospital,221.04,0.05,18,0
2026-02-01T15:25:00,Mayo_Hospital,222.37,0.05,15,0
2026-02-01T15:30:00,GMC_Nagpur,221.81,0.06,10,0
2026-02-01T15:35:00,Lata_Mangeshkar_Hospital,220.6,0.0,14,0
2026-02-01T15:40:00,Wockhardt_Hospital,222.27,0.0,10,0
2026-02-01T15:45:00,Mayo_Hospital,221.46,0.0,14,0
2026-02-01T15:50:00,Lata_Mangeshkar_Hospital,223.63,0.0,10,0
2026-02-01T15:55:00,Wockhardt_Hospital,224.41,0.0,16,0
2026-02-01T16:00:00,Wockhardt_Hospital,223.58,0.0,16,0
2026-02-01T16:05:00,Mayo_Hospital,223.1,0.0,22,0
2026-02-01T16:10:00,GMC_Nagpur,224.29,0.0,19,0
2026-02-01T16:15:00,GMC_Nagpur,225.56,0.0,10,0
2026-02-01T16:20:00,AIIMS_Nagpur,223.21,0.0,26,0
2026-02-01T16:25:00,Mayo_Hospital,223.87,0.0,11,0
2026-02-01T16:30:00,GMC_Nagpur,226.33,0.0,10,0
2026-02-01T16:35:00,AIIMS_Nagpur,226.34,0.0,12,0
2026-02-01T16:40:00,AIIMS_Nagpur,226.23,0.0,13,0
2026-02-01T16:45:00,GMC_Nagpur,223.74,0.0,15,0
2026-02-01T16:50:00,Wockhardt_Hospital,226.13,0.0,32,0
2026-02-01T16:55:00,GMC_Nagpur,203.33,0.89,34,1
2026-02-01T17:00:00,Mayo_Hospital,223.9,0.0,31,0
2026-02-01T17:05:00,Mayo_Hospital,225.8,0.0,35,0
2026-02-01T17:10:00,GMC_Nagpur,222.37,0.0,37,0
2026-02-01T17:15:00,GMC_Nagpur,222.42,0.0,36,0
2026-02-01T17:20:00,Mayo_Hospital,222.23,0.0,27,0
2026-02-01T17:25:00,Mayo_Hospital,220.92,0.0,33,0
2026-02-01T17:30:00,Lata_Mangeshkar_Hospital,222.42,0.0,35,0
2026-02-01T17:35:00,GMC_Nagpur,221.09,0.0,42,0
2026-02-01T17:40:00,Mayo_Hospital,219.5,0.0,41,0
2026-02-01T17:45:00,Wockhardt_Hospital,220.4,0.0,37,0
2026-02-01T17:50:00,GMC_Nagpur,218.79,0.0,44,0
2026-02-01T17:55:00,Wockhardt_Hospital,218.53,0.0,33,0
2026-02-01T18:00:00,Mayo_Hospital,217.14,0.0,36,0
2026-02-01T18:05:00,Mayo_Hospital,217.5,0.0,36,0
2026-02-01T18:10:00,AIIMS_Nagpur,217.65,0.0,39,0
2026-02-01T18:15:00,AIIMS_Nagpur,217.47,0.0,37,0
2026-02-01T18:20:00,AIIMS_Nagpur,218.56,0.0,46,0
2026-02-01T18:25:00,Wockhardt_Hospital,218.47,0.0,57,0
2026-02-01T18:30:00,AIIMS_Nagpur,216.7,0.0,55,0
2026-02-01T18:35:00,Lata_Mangeshkar_Hospital,217.88,0.0,43,0
2026-02-01T18:40:00,GMC_Nagpur,217.57,0.0,54,0
2026-02-01T18:45:00,Wockhardt_Hospital,215.45,0.0,46,0
2026-02-01T18:50:00,GMC_Nagpur,216.3,0.0,62,0
2026-02-01T18:55:00,Lata_Mangeshkar_Hospital,216.5,0.0,59,0
2026-02-01T19:00:00,Lata_Mangeshkar_Hospital,214.35,0.0,67,0
2026-02-01T19:05:00,GMC_Nagpur,216.86,0.0,53,0
2026-02-01T19:10:00,Mayo_Hospital,213.61,0.0,66,0
2026-02-01T19:15:00,Lata_Mangeshkar_Hospital,216.84,0.0,67,0
2026-02-01T19:20:00,GMC_Nagpur,216.85,0.0,57,0
2026-02-01T19:25:00,GMC_Nagpur,214.61,0.0,66,0
2026-02-01T19:30:00,Wockhardt_Hospital,214.9,0.0,68,0
2026-02-01T19:35:00,Wockhardt_Hospital,215.45,0.0,71,0
2026-02-01T19:40:00,GMC_Nagpur,216.1,0.0,58,0
2026-02-01T19:45:00,AIIMS_Nagpur,216.75,0.02,67,0
2026-02-01T19:50:00,Wockhardt_Hospital,214.7,0.02,61,0
2026-02-01T19:55:00,AIIMS_Nagpur,217.93,0.0,71,0
2026-02-01T20:00:00,AIIMS_Nagpur,218.06,0.01,73,0
2026-02-01T20:05:00,Lata_Mangeshkar_Hospital,215.87,0.03,67,0
2026-02-01T20:10:00,Mayo_Hospital,219.09,0.06,62,0
2026-02-01T20:15:00,GMC_Nagpur,219.09,0.01,78,0
2026-02-01T20:20:00,Wockhardt_Hospital,220.01,0.01,66,0
2026-02-01T20:25:00,Wockhardt_Hospital,221.16,0.09,60,0
2026-02-01T20:30:00,Wockhardt_Hospital,221.26,0.08,78,0
2026-02-01T20:35:00,Wockhardt_Hospital,220.37,0.1,69,0
2026-02-01T20:40:00,AIIMS_Nagpur,220.73,0.09,60,0
2026-02-01T20:45:00,AIIMS_Nagpur,222.71,0.12,72,0
2026-02-01T20:50:00,Lata_Mangeshkar_Hospital,222.34,0.11,74,0
2026-02-01T20:55:00,Lata_Mangeshkar_Hospital,224.11,0.08,64,0
2026-02-01T21:00:00,Wockhardt_Hospital,221.77,0.13,76,0
2026-02-01T21:05:00,GMC_Nagpur,224.12,0.09,65,0
2026-02-01T21:10:00,AIIMS_Nagpur,223.6,0.09,69,0
2026-02-01T21:15:00,AIIMS_Nagpur,225.7,0.11,74,0
2026-02-01T21:20:00,Wockhardt_Hospital,223.36,0.12,62,0
2026-02-01T21:25:00,Wockhardt_Hospital,225.09,0.17,63,0
2026-02-01T21:30:00,Lata_Mangeshkar_Hospital,225.04,0.13,58,0
2026-02-01T21:35:00,GMC_Nagpur,225.06,0.16,67,0
2026-02-01T21:40:00,AIIMS_Nagpur,225.14,0.22,71,0
2026-02-01T21:45:00,AIIMS_Nagpur,224.74,0.19,65,0
2026-02-01T21:50:00,Lata_Mangeshkar_Hospital,196.07,0.85,50,1
2026-02-01T21:55:00,AIIMS_Nagpur,226.61,0.18,52,0
2026-02-01T22:00:00,GMC_Nagpur,223.34,0.23,63,0
2026-02-01T22:05:00,GMC_Nagpur,226.41,0.24,54,0
2026-02-01T22:10:00,Mayo_Hospital,224.95,0.26,60,0
2026-02-01T22:15:00,Lata_Mangeshkar_Hospital,223.24,0.18,51,0
2026-02-01T22:20:00,GMC_Nagpur,224.2,0.21,44,0
2026-02-01T22:25:00,Mayo_Hospital,222.88,0.28,42,0
2026-02-01T22:30:00,Wockhardt_Hospital,221.31,0.28,42,0
2026-02-01T22:35:00,Wockhardt_Hospital,224.0,0.21,49,0
2026-02-01T22:40:00,AIIMS_Nagpur,220.69,0.26,46,0
2026-02-01T22:45:00,Wockhardt_Hospital,221.79,0.2,42,0
2026-02-01T22:50:00,Mayo_Hospital,220.1,0.28,49,0
2026-02-01T22:55:00,GMC_Nagpur,221.24,0.23,51,0
2026-02-01T23:00:00,AIIMS_Nagpur,220.8,0.26,36,0
2026-02-01T23:05:00,Mayo_Hospital,220.53,0.29,40,0
2026-02-01T23:10:00,GMC_Nagpur,218.77,0.27,38,0
2026-02-01T23:15:00,Lata_Mangeshkar_Hospital,218.63,0.27,31,0
2026-02-01T23:20:00,Lata_Mangeshkar_Hospital,216.49,0.23,31,0
2026-02-01T23:25:00,AIIMS_Nagpur,218.24,0.22,25,0
2026-02-01T23:30:00,Lata_Mangeshkar_Hospital,218.02,0.21,42,0
2026-02-01T23:35:00,Mayo_Hospital,215.13,0.2,37,0
2026-02-01T23:40:00,GMC_Nagpur,218.12,0.24,37,0
2026-02-01T23:45:00,GMC_Nagpur,215.02,0.26,24,0
2026-02-01T23:50:00,AIIMS_Nagpur,217.21,0.24,20,0
2026-02-01T23:55:00,AIIMS_Nagpur,214.49,0.27,35,0
2026-02-02T00:00:00,Wockhardt_Hospital,214.26,0.2,32,0
2026-02-02T00:05:00,Mayo_Hospital,216.89,0.19,19,0
2026-02-02T00:10:00,Mayo_Hospital,214.25,0.17,17,0
2026-02-02T00:15:00,Lata_Mangeshkar_Hospital,214.93,0.22,11,0
2026-02-02T00:20:00,Mayo_Hospital,214.54,0.18,12,0
2026-02-02T00:25:00,AIIMS_Nagpur,214.59,0.22,27,0
2026-02-02T00:30:00,Mayo_Hospital,214.08,0.18,11,0
2026-02-02T00:35:00,Wockhardt_Hospital,213.15,0.18,18,0
2026-02-02T00:40:00,GMC_Nagpur,214.64,0.15,19,0
2026-02-02T00:45:00,Mayo_Hospital,215.34,0.16,10,0
2026-02-02T00:50:00,Lata_Mangeshkar_Hospital,216.09,0.15,10,0
2026-02-02T00:55:00,Lata_Mangeshkar_Hospital,214.18,0.11,10,0
2026-02-02T01:00:00,Mayo_Hospital,215.32,0.15,14,0
2026-02-02T01:05:00,Lata_Mangeshkar_Hospital,217.32,0.13,10,0
2026-02-02T01:10:00,AIIMS_Nagpur,216.55,0.11,10,0
2026-02-02T01:15:00,AIIMS_Nagpur,218.33,0.13,10,0
2026-02-02T01:20:00,Mayo_Hospital,219.28,0.13,18,0
2026-02-02T01:25:00,AIIMS_Nagpur,219.25,0.12,10,0
2026-02-02T01:30:00,Lata_Mangeshkar_Hospital,218.34,0.07,17,0
2026-02-02T01:35:00,Wockhardt_Hospital,217.48,0.05,18,0
2026-02-02T01:40:00,GMC_Nagpur,221.11,0.04,16,0
2026-02-02T01:45:00,Wockhardt_Hospital,221.54,0.01,10,0
2026-02-02T01:50:00,GMC_Nagpur,219.14,0.04,10,0
2026-02-02T01:55:00,Lata_Mangeshkar_Hospital,223.31,0.07,15,0
2026-02-02T02:00:00,AIIMS_Nagpur,221.12,0.06,10,0
2026-02-02T02:05:00,Mayo_Hospital,221.97,0.05,11,0
2026-02-02T02:10:00,AIIMS_Nagpur,222.28,0.0,17,0
2026-02-02T02:15:00,Mayo_Hospital,222.73,0.0,10,0
2026-02-02T02:20:00,GMC_Nagpur,195.01,0.84,10,1
2026-02-02T02:25:00,Lata_Mangeshkar_Hospital,223.69,0.0,20,0
2026-02-02T02:30:00,GMC_Nagpur,224.32,0.0,19,0
2026-02-02T02:35:00,GMC_Nagpur,226.34,0.0,16,0
2026-02-02T02:40:00,GMC_Nagpur,224.3,0.0,12,0
2026-02-02T02:45:00,Lata_Mangeshkar_Hospital,224.67,0.0,18,0
2026-02-02T02:50:00,GMC_Nagpur,226.25,0.0,18,0
2026-02-02T02:55:00,AIIMS_Nagpur,223.29,0.0,12,0
2026-02-02T03:00:00,Mayo_Hospital,223.52,0.0,10,0
2026-02-02T03:05:00,Lata_Mangeshkar_Hospital,225.66,0.0,27,0
2026-02-02T03:10:00,Wockhardt_Hospital,223.33,0.0,25,0
2026-02-02T03:15:00,Mayo_Hospital,225.25,0.0,19,0
2026-02-02T03:20:00,AIIMS_Nagpur,223.08,0.0,25,0
2026-02-02T03:25:00,AIIMS_Nagpur,225.98,0.0,27,0
2026-02-02T03:30:00,GMC_Nagpur,224.31,0.0,31,0
2026-02-02T03:35:00,Mayo_Hospital,223.96,0.0,30,0
2026-02-02T03:40:00,Wockhardt_Hospital,224.71,0.0,22,0
2026-02-02T03:45:00,Lata_Mangeshkar_Hospital,223.93,0.0,27,0
2026-02-02T03:50:00,Wockhardt_Hospital,220.83,0.0,26,0
2026-02-02T03:55:00,Lata_Mangeshkar_Hospital,222.29,0.0,35,0
2026-02-02T04:00:00,GMC_Nagpur,220.12,0.0,39,0
2026-02-02T04:05:00,Wockhardt_Hospital,220.49,0.0,36,0
2026-02-02T04:10:00,Wockhardt_Hospital,220.99,0.0,38,0
2026-02-02T04:15:00,Wockhardt_Hospital,218.49,0.0,42,0
2026-02-02T04:20:00,Wockhardt_Hospital,220.89,0.0,48,0
2026-02-02T04:25:00,Mayo_Hospital,219.0,0.0,42,0
2026-02-02T04:30:00,Mayo_Hospital,220.85,0.0,46,0
2026-02-02T04:35:00,GMC_Nagpur,217.46,0.0,48,0
2026-02-02T04:40:00,Wockhardt_Hospital,217.41,0.0,42,0
2026-02-02T04:45:00,GMC_Nagpur,216.87,0.0,47,0
2026-02-02T04:50:00,Wockhardt_Hospital,216.46,0.0,54,0
2026-02-02T04:55:00,Lata_Mangeshkar_Hospital,217.09,0.0,56,0
2026-02-02T05:00:00,Wockhardt_Hospital,216.75,0.0,48,0
2026-02-02T05:05:00,Wockhardt_Hospital,215.32,0.0,52,0
2026-02-02T05:10:00,Mayo_Hospital,213.93,0.0,56,0
2026-02-02T05:15:00,Wockhardt_Hospital,214.01,0.0,50,0
2026-02-02T05:20:00,GMC_Nagpur,216.14,0.0,49,0
2026-02-02T05:25:00,GMC_Nagpur,215.41,0.0,53,0
2026-02-02T05:30:00,Wockhardt_Hospital,216.85,0.0,64,0
2026-02-02T05:35:00,GMC_Nagpur,216.56,0.0,53,0
2026-02-02T05:40:00,Wockhardt_Hospital,214.29,0.0,57,0
2026-02-02T05:45:00,AIIMS_Nagpur,213.96,0.0,59,0
2026-02-02T05:50:00,Lata_Mangeshkar_Hospital,216.87,0.0,53,0
2026-02-02T05:55:00,AIIMS_Nagpur,215.08,0.0,71,0
2026-02-02T06:00:00,AIIMS_Nagpur,214.98,0.0,74,0
2026-02-02T06:05:00,Lata_Mangeshkar_Hospital,215.55,0.0,62,0
2026-02-02T06:10:00,Wockhardt_Hospital,217.4,0.0,59,0
2026-02-02T06:15:00,AIIMS_Nagpur,216.38,0.01,62,0
2026-02-02T06:20:00,AIIMS_Nagpur,217.44,0.02,67,0
2026-02-02T06:25:00,AIIMS_Nagpur,216.92,0.0,61,0
2026-02-02T06:30:00,GMC_Nagpur,217.21,0.03,76,0
2026-02-02T06:35:00,Lata_Mangeshkar_Hospital,219.23,0.02,75,0
2026-02-02T06:40:00,Mayo_Hospital,217.53,0.0,71,0
2026-02-02T06:45:00,GMC_Nagpur,220.6,0.0,69,0
2026-02-02T06:50:00,Mayo_Hospital,219.18,0.08,63,0
2026-02-02T06:55:00,Lata_Mangeshkar_Hospital,221.26,0.05,66,0
2026-02-02T07:00:00,Wockhardt_Hospital,222.13,0.02,64,0
2026-02-02T07:05:00,Wockhardt_Hospital,221.65,0.1,72,0
2026-02-02T07:10:00,AIIMS_Nagpur,220.59,0.13,69,0
2026-02-02T07:15:00,GMC_Nagpur,220.99,0.09,75,0
2026-02-02T07:20:00,Mayo_Hospital,221.21,0.14,73,0
2026-02-02T07:25:00,GMC_Nagpur,223.97,0.09,75,0
2026-02-02T07:30:00,Wockhardt_Hospital,222.34,0.13,71,0
2026-02-02T07:35:00,Lata_Mangeshkar_Hospital,224.02,0.16,60,0
2026-02-02T07:40:00,GMC_Nagpur,222.57,0.15,58,0
2026-02-02T07:45:00,Lata_Mangeshkar_Hospital,222.44,0.14,57,0
2026-02-02T07:50:00,Mayo_Hospital,224.92,0.16,61,0
2026-02-02T07:55:00,GMC_Nagpur,223.02,0.19,69,0
2026-02-02T08:00:00,Lata_Mangeshkar_Hospital,225.61,0.13,61,0
2026-02-02T08:05:00,Lata_Mangeshkar_Hospital,226.74,0.16,63,0
2026-02-02T08:10:00,Mayo_Hospital,226.3,0.16,62,0
2026-02-02T08:15:00,Lata_Mangeshkar_Hospital,225.3,0.15,59,0
2026-02-02T08:20:00,GMC_Nagpur,226.1,0.24,68,0
2026-02-02T08:25:00,Wockhardt_Hospital,225.11,0.19,52,0
2026-02-02T08:30:00,AIIMS_Nagpur,222.78,0.23,54,0
2026-02-02T08:35:00,AIIMS_Nagpur,222.75,0.17,51,0
2026-02-02T08:40:00,Lata_Mangeshkar_Hospital,223.45,0.23,50,0
2026-02-02T08:45:00,Mayo_Hospital,223.19,0.22,56,0
2026-02-02T08:50:00,Lata_Mangeshkar_Hospital,225.61,0.26,58,0
2026-02-02T08:55:00,AIIMS_Nagpur,221.97,0.28,51,0
2026-02-02T09:00:00,Wockhardt_Hospital,223.35,0.29,58,0
2026-02-02T09:05:00,Mayo_Hospital,223.35,0.21,55,0
2026-02-02T09:10:00,AIIMS_Nagpur,221.65,0.27,40,0
2026-02-02T09:15:00,Lata_Mangeshkar_Hospital,221.95,0.23,47,0
2026-02-02T09:20:00,AIIMS_Nagpur,222.86,0.28,43,0
2026-02-02T09:25:00,Lata_Mangeshkar_Hospital,222.1,0.29,33,0
2026-02-02T09:30:00,GMC_Nagpur,219.24,0.28,44,0
2026-02-02T09:35:00,GMC_Nagpur,219.18,0.26,48,0
2026-02-02T09:40:00,AIIMS_Nagpur,220.09,0.22,40,0
2026-02-02T09:45:00,Lata_Mangeshkar_Hospital,218.75,0.21,27,0
2026-02-02T09:50:00,GMC_Nagpur,218.52,0.21,41,0
2026-02-02T09:55:00,Wockhardt_Hospital,218.69,0.27,38,0
2026-02-02T10:00:00,Mayo_Hospital,217.29,0.25,41,0
2026-02-02T10:05:00,Mayo_Hospital,216.34,0.24,25,0
2026-02-02T10:10:00,AIIMS_Nagpur,218.47,0.28,21,0
2026-02-02T10:15:00,Lata_Mangeshkar_Hospital,214.93,0.27,19,0
2026-02-02T10:20:00,Lata_Mangeshkar_Hospital,215.29,0.2,33,0
2026-02-02T10:25:00,Mayo_Hospital,215.14,0.24,19,0
2026-02-02T10:30:00,Lata_Mangeshkar_Hospital,216.9,0.23,31,0
2026-02-02T10:35:00,Mayo_Hospital,214.51,0.17,23,0
2026-02-02T10:40:00,Wockhardt_Hospital,216.76,0.25,25,0
2026-02-02T10:45:00,Wockhardt_Hospital,215.19,0.23,16,0
2026-02-02T10:50:00,Lata_Mangeshkar_Hospital,215.6,0.16,11,0
2026-02-02T10:55:00,Lata_Mangeshkar_Hospital,214.74,0.22,10,0
2026-02-02T11:00:00,Mayo_Hospital,216.73,0.18,19,0
2026-02-02T11:05:00,Lata_Mangeshkar_Hospital,214.6,0.22,19,0
2026-02-02T11:10:00,Lata_Mangeshkar_Hospital,214.73,0.2,10,0
2026-02-02T11:15:00,Mayo_Hospital,216.03,0.17,11,0
2026-02-02T11:20:00,Lata_Mangeshkar_Hospital,214.27,0.18,10,0
2026-02-02T11:25:00,GMC_Nagpur,216.37,0.18,13,0
2026-02-02T11:30:00,GMC_Nagpur,217.09,0.12,14,0
2026-02-02T11:35:00,Wockhardt_Hospital,216.83,0.12,16,0
2026-02-02T11:40:00,AIIMS_Nagpur,216.75,0.14,17,0
2026-02-02T11:45:00,Wockhardt_Hospital,219.47,0.09,18,0
2026-02-02T11:50:00,Lata_Mangeshkar_Hospital,216.71,0.05,17,0
2026-02-02T11:55:00,AIIMS_Nagpur,218.0,0.05,18,0
2026-02-02T12:00:00,Lata_Mangeshkar_Hospital,219.46,0.08,17,0
2026-02-02T12:05:00,Wockhardt_Hospital,219.96,0.04,14,0
2026-02-02T12:10:00,AIIMS_Nagpur,218.66,0.05,10,0
2026-02-02T12:15:00,AIIMS_Nagpur,219.12,0.04,10,0
2026-02-02T12:20:00,GMC_Nagpur,220.01,0.05,19,0
2026-02-02T12:25:00,Mayo_Hospital,221.88,0.0,10,0
2026-02-02T12:30:00,Lata_Mangeshkar_Hospital,221.11,0.04,17,0
2026-02-02T12:35:00,Lata_Mangeshkar_Hospital,222.65,0.04,19,0
2026-02-02T12:40:00,Mayo_Hospital,222.25,0.0,20,0
2026-02-02T12:45:00,GMC_Nagpur,224.65,0.0,10,0
2026-02-02T12:50:00,GMC_Nagpur,224.6,0.0,12,0
2026-02-02T12:55:00,AIIMS_Nagpur,225.09,0.0,10,0
2026-02-02T13:00:00,AIIMS_Nagpur,224.29,0.0,12,0
2026-02-02T13:05:00,GMC_Nagpur,223.94,0.0,11,0
2026-02-02T13:10:00,GMC_Nagpur,226.11,0.0,23,0
2026-02-02T13:15:00,AIIMS_Nagpur,225.2,0.0,10,0
2026-02-02T13:20:00,Wockhardt_Hospital,224.87,0.0,16,0
2026-02-02T13:25:00,GMC_Nagpur,223.66,0.0,22,0
2026-02-02T13:30:00,Lata_Mangeshkar_Hospital,224.14,0.0,12,0
2026-02-02T13:35:00,AIIMS_Nagpur,223.14,0.0,28,0
2026-02-02T13:40:00,Lata_Mangeshkar_Hospital,226.66,0.0,27,0
2026-02-02T13:45:00,Mayo_Hospital,226.34,0.0,19,0
2026-02-02T13:50:00,Wockhardt_Hospital,222.83,0.0,15,0
2026-02-02T13:55:00,GMC_Nagpur,223.23,0.0,25,0
2026-02-02T14:00:00,Wockhardt_Hospital,224.61,0.0,20,0
2026-02-02T14:05:00,Mayo_Hospital,196.02,0.85,34,1
2026-02-02T14:10:00,Mayo_Hospital,225.26,0.0,33,0
2026-02-02T14:15:00,AIIMS_Nagpur,222.79,0.0,26,0
2026-02-02T14:20:00,AIIMS_Nagpur,220.9,0.0,39,0
2026-02-02T14:25:00,Wockhardt_Hospital,222.26,0.0,36,0
2026-02-02T14:30:00,GMC_Nagpur,219.83,0.0,40,0
2026-02-02T14:35:00,AIIMS_Nagpur,198.91,0.79,39,1
2026-02-02T14:40:00,Wockhardt_Hospital,221.56,0.0,38,0
2026-02-02T14:45:00,Mayo_Hospital,221.58,0.0,32,0
2026-02-02T14:50:00,Mayo_Hospital,220.65,0.0,44,0
2026-02-02T14:55:00,GMC_Nagpur,218.75,0.0,34,0
2026-02-02T15:00:00,Wockhardt_Hospital,219.11,0.0,40,0
2026-02-02T15:05:00,Wockhardt_Hospital,218.26,0.0,49,0
2026-02-02T15:10:00,Mayo_Hospital,219.3,0.0,37,0
2026-02-02T15:15:00,GMC_Nagpur,218.64,0.0,45,0
2026-02-02T15:20:00,Wockhardt_Hospital,215.73,0.0,51,0
2026-02-02T15:25:00,Mayo_Hospital,217.51,0.0,57,0
2026-02-02T15:30:00,Mayo_Hospital,217.41,0.0,48,0
2026-02-02T15:35:00,Wockhardt_Hospital,216.09,0.0,63,0
2026-02-02T15:40:00,Lata_Mangeshkar_Hospital,215.01,0.0,54,0
2026-02-02T15:45:00,GMC_Nagpur,214.28,0.0,62,0
2026-02-02T15:50:00,GMC_Nagpur,216.24,0.0,47,0
2026-02-02T15:55:00,GMC_Nagpur,216.33,0.0,50,0
2026-02-02T16:00:00,Mayo_Hospital,216.63,0.0,61,0
2026-02-02T16:05:00,GMC_Nagpur,216.94,0.0,68,0
2026-02-02T16:10:00,AIIMS_Nagpur,213.69,0.0,70,0
2026-02-02T16:15:00,GMC_Nagpur,214.01,0.0,62,0
2026-02-02T16:20:00,Mayo_Hospital,216.24,0.0,57,0
2026-02-02T16:25:00,Wockhardt_Hospital,215.67,0.0,55,0
2026-02-02T16:30:00,AIIMS_Nagpur,216.62,0.0,62,0
2026-02-02T16:35:00,Lata_Mangeshkar_Hospital,217.62,0.0,66,0
2026-02-02T16:40:00,Mayo_Hospital,216.31,0.0,71,0
2026-02-02T16:45:00,Lata_Mangeshkar_Hospital,215.87,0.0,62,0
2026-02-02T16:50:00,Mayo_Hospital,217.18,0.0,72,0
2026-02-02T16:55:00,Lata_Mangeshkar_Hospital,217.02,0.0,76,0
2026-02-02T17:00:00,Wockhardt_Hospital,218.96,0.03,76,0
2026-02-02T17:05:00,GMC_Nagpur,219.4,0.04,63,0
2026-02-02T17:10:00,AIIMS_Nagpur,218.22,0.06,74,0
2026-02-02T17:15:00,Wockhardt_Hospital,219.38,0.04,75,0
2026-02-02T17:20:00,GMC_Nagpur,220.16,0.04,72,0
2026-02-02T17:25:00,Wockhardt_Hospital,218.88,0.1,68,0
2026-02-02T17:30:00,AIIMS_Nagpur,220.25,0.07,78,0
2026-02-02T17:35:00,Mayo_Hospital,221.26,0.06,76,0
2026-02-02T17:40:00,Mayo_Hospital,220.45,0.13,64,0
2026-02-02T17:45:00,GMC_Nagpur,223.93,0.09,76,0
2026-02-02T17:50:00,AIIMS_Nagpur,222.95,0.1,61,0
2026-02-02T17:55:00,GMC_Nagpur,224.87,0.11,62,0
2026-02-02T18:00:00,GMC_Nagpur,223.16,0.17,68,0
2026-02-02T18:05:00,GMC_Nagpur,221.81,0.13,58,0
2026-02-02T18:10:00,AIIMS_Nagpur,225.11,0.11,61,0
2026-02-02T18:15:00,GMC_Nagpur,224.78,0.13,63,0
2026-02-02T18:20:00,AIIMS_Nagpur,223.83,0.19,73,0
2026-02-02T18:25:00,Mayo_Hospital,224.97,0.13,62,0
2026-02-02T18:30:00,Wockhardt_Hospital,223.41,0.21,70,0
2026-02-02T18:35:00,Mayo_Hospital,225.74,0.14,60,0
2026-02-02T18:40:00,Mayo_Hospital,223.6,0.14,56,0
2026-02-02T18:45:00,AIIMS_Nagpur,225.57,0.2,68,0
2026-02-02T18:50:00,GMC_Nagpur,224.05,0.23,66,0
2026-02-02T18:55:00,AIIMS_Nagpur,223.73,0.22,49,0
2026-02-02T19:00:00,AIIMS_Nagpur,183.61,0.98,57,1
2026-02-02T19:05:00,AIIMS_Nagpur,224.86,0.27,64,0
2026-02-02T19:10:00,GMC_Nagpur,225.48,0.24,56,0
2026-02-02T19:15:00,AIIMS_Nagpur,225.07,0.23,51,0
2026-02-02T19:20:00,Lata_Mangeshkar_Hospital,223.45,0.26,53,0
2026-02-02T19:25:00,AIIMS_Nagpur,225.06,0.25,41,0
2026-02-02T19:30:00,Wockhardt_Hospital,224.62,0.28,56,0
2026-02-02T19:35:00,Mayo_Hospital,223.03,0.27,41,0
2026-02-02T19:40:00,Mayo_Hospital,220.48,0.24,49,0
2026-02-02T19:45:00,GMC_Nagpur,223.2,0.29,48,0
2026-02-02T19:50:00,AIIMS_Nagpur,222.01,0.27,36,0
2026-02-02T19:55:00,Lata_Mangeshkar_Hospital,220.1,0.25,45,0
2026-02-02T20:00:00,Lata_Mangeshkar_Hospital,220.84,0.23,47,0
2026-02-02T20:05:00,AIIMS_Nagpur,220.32,0.23,30,0
2026-02-02T20:10:00,Lata_Mangeshkar_Hospital,219.01,0.29,43,0
2026-02-02T20:15:00,Lata_Mangeshkar_Hospital,219.16,0.22,38,0
2026-02-02T20:20:00,Mayo_Hospital,216.94,0.25,33,0
2026-02-02T20:25:00,Lata_Mangeshkar_Hospital,217.08,0.21,25,0
2026-02-02T20:30:00,GMC_Nagpur,219.2,0.24,27,0
2026-02-02T20:35:00,GMC_Nagpur,216.4,0.22,34,0
2026-02-02T20:40:00,Mayo_Hospital,217.24,0.23,21,0
2026-02-02T20:45:00,Lata_Mangeshkar_Hospital,217.98,0.23,19,0
2026-02-02T20:50:00,Wockhardt_Hospital,215.06,0.2,26,0
2026-02-02T20:55:00,AIIMS_Nagpur,216.26,0.19,16,0
2026-02-02T21:00:00,Mayo_Hospital,214.91,0.26,28,0
2026-02-02T21:05:00,GMC_Nagpur,214.0,0.2,18,0
2026-02-02T21:10:00,AIIMS_Nagpur,215.48,0.21,29,0
2026-02-02T21:15:00,Lata_Mangeshkar_Hospital,213.52,0.18,25,0
2026-02-02T21:20:00,Lata_Mangeshkar_Hospital,186.66,0.92,15,1
2026-02-02T21:25:00,Wockhardt_Hospital,216.35,0.16,24,0
2026-02-02T21:30:00,AIIMS_Nagpur,216.5,0.17,17,0
2026-02-02T21:35:00,GMC_Nagpur,213.45,0.13,10,0
2026-02-02T21:40:00,AIIMS_Nagpur,213.77,0.14,23,0
2026-02-02T21:45:00,Wockhardt_Hospital,214.62,0.18,10,0
2026-02-02T21:50:00,AIIMS_Nagpur,216.99,0.1,10,0
2026-02-02T21:55:00,Lata_Mangeshkar_Hospital,215.53,0.16,10,0
2026-02-02T22:00:00,AIIMS_Nagpur,216.46,0.16,17,0
2026-02-02T22:05:00,Mayo_Hospital,215.52,0.09,12,0
2026-02-02T22:10:00,Mayo_Hospital,218.08,0.1,10,0
2026-02-02T22:15:00,Mayo_Hospital,217.22,0.05,10,0
2026-02-02T22:20:00,GMC_Nagpur,218.5,0.11,11,0
2026-02-02T22:25:00,AIIMS_Nagpur,218.77,0.08,14,0
2026-02-02T22:30:00,Mayo_Hospital,219.92,0.04,10,0
2026-02-02T22:35:00,GMC_Nagpur,218.51,0.07,10,0
2026-02-02T22:40:00,Mayo_Hospital,222.16,0.06,10,0
2026-02-02T22:45:00,AIIMS_Nagpur,219.15,0.08,10,0
2026-02-02T22:50:00,AIIMS_Nagpur,219.94,0.07,10,0
2026-02-02T22:55:00,Lata_Mangeshkar_Hospital,221.21,0.01,12,0
2026-02-02T23:00:00,Wockhardt_Hospital,220.75,0.02,10,0
2026-02-02T23:05:00,Wockhardt_Hospital,221.85,0.0,19,0
2026-02-02T23:10:00,GMC_Nagpur,221.5,0.0,10,0
2026-02-02T23:15:00,Wockhardt_Hospital,222.99,0.0,14,0
2026-02-02T23:20:00,Lata_Mangeshkar_Hospital,222.42,0.0,20,0
2026-02-02T23:25:00,Wockhardt_Hospital,225.7,0.0,10,0
2026-02-02T23:30:00,Wockhardt_Hospital,222.31,0.0,15,0
2026-02-02T23:35:00,GMC_Nagpur,222.92,0.0,10,0
2026-02-02T23:40:00,Wockhardt_Hospital,223.88,0.0,13,0
2026-02-02T23:45:00,AIIMS_Nagpur,226.04,0.0,10,0
2026-02-02T23:50:00,Wockhardt_Hospital,226.47,0.0,24,0
2026-02-02T23:55:00,Wockhardt_Hospital,226.98,0.0,22,0
2026-02-03T00:00:00,AIIMS_Nagpur,224.2,0.0,17,0
2026-02-03T00:05:00,Wockhardt_Hospital,226.66,0.0,14,0
2026-02-03T00:10:00,AIIMS_Nagpur,224.93,0.0,31,0
2026-02-03T00:15:00,AIIMS_Nagpur,224.18,0.0,26,0
2026-02-03T00:20:00,AIIMS_Nagpur,224.69,0.0,21,0
2026-02-03T00:25:00,Mayo_Hospital,223.2,0.0,23,0
2026-02-03T00:30:00,Wockhardt_Hospital,224.61,0.0,26,0
2026-02-03T00:35:00,Wockhardt_Hospital,224.73,0.0,18,0
2026-02-03T00:40:00,GMC_Nagpur,222.66,0.0,29,0
2026-02-03T00:45:00,Wockhardt_Hospital,222.79,0.0,37,0
2026-02-03T00:50:00,AIIMS_Nagpur,220.56,0.0,25,0
2026-02-03T00:55:00,Wockhardt_Hospital,222.14,0.0,30,0
2026-02-03T01:00:00,AIIMS_Nagpur,222.22,0.0,43,0
2026-02-03T01:05:00,GMC_Nagpur,219.1,0.0,34,0
2026-02-03T01:10:00,AIIMS_Nagpur,221.28,0.0,43,0
2026-02-03T01:15:00,Lata_Mangeshkar_Hospital,220.29,0.0,30,0
2026-02-03T01:20:00,AIIMS_Nagpur,220.0,0.0,44,0
2026-02-03T01:25:00,Lata_Mangeshkar_Hospital,220.15,0.0,40,0
2026-02-03T01:30:00,Wockhardt_Hospital,217.31,0.0,41,0
2026-02-03T01:35:00,Mayo_Hospital,218.62,0.0,55,0
2026-02-03T01:40:00,GMC_Nagpur,216.44,0.0,48,0
2026-02-03T01:45:00,Lata_Mangeshkar_Hospital,216.68,0.0,42,0
2026-02-03T01:50:00,GMC_Nagpur,216.23,0.0,59,0
2026-02-03T01:55:00,Wockhardt_Hospital,217.7,0.0,48,0
2026-02-03T02:00:00,Mayo_Hospital,214.84,0.0,55,0
2026-02-03T02:05:00,AIIMS_Nagpur,215.73,0.0,59,0
2026-02-03T02:10:00,AIIMS_Nagpur,217.26,0.0,46,0
2026-02-03T02:15:00,AIIMS_Nagpur,216.9,0.0,61,0
2026-02-03T02:20:00,AIIMS_Nagpur,213.53,0.0,65,0
2026-02-03T02:25:00,Wockhardt_Hospital,216.16,0.0,55,0
2026-02-03T02:30:00,Mayo_Hospital,215.33,0.0,63,0
2026-02-03T02:35:00,GMC_Nagpur,213.37,0.0,55,0
2026-02-03T02:40:00,GMC_Nagpur,213.81,0.0,57,0
2026-02-03T02:45:00,Lata_Mangeshkar_Hospital,215.95,0.0,68,0
2026-02-03T02:50:00,AIIMS_Nagpur,215.17,0.0,61,0
2026-02-03T02:55:00,GMC_Nagpur,213.85,0.0,63,0
2026-02-03T03:00:00,AIIMS_Nagpur,215.31,0.0,67,0
2026-02-03T03:05:00,Wockhardt_Hospital,217.81,0.0,69,0
2026-02-03T03:10:00,Lata_Mangeshkar_Hospital,215.18,0.0,66,0
2026-02-03T03:15:00,Lata_Mangeshkar_Hospital,216.23,0.0,64,0
2026-02-03T03:20:00,GMC_Nagpur,215.82,0.0,66,0
2026-02-03T03:25:00,GMC_Nagpur,217.44,0.02,74,0
2026-02-03T03:30:00,GMC_Nagpur,216.46,0.0,60,0
2026-02-03T03:35:00,Lata_Mangeshkar_Hospital,220.29,0.06,66,0
2026-02-03T03:40:00,Wockhardt_Hospital,220.12,0.06,76,0
2026-02-03T03:45:00,GMC_Nagpur,218.76,0.07,78,0
2026-02-03T03:50:00,Wockhardt_Hospital,221.39,0.0,75,0
2026-02-03T03:55:00,AIIMS_Nagpur,218.78,0.03,62,0
2026-02-03T04:00:00,GMC_Nagpur,222.28,0.08,67,0
2026-02-03T04:05:00,Wockhardt_Hospital,219.59,0.04,68,0
2026-02-03T04:10:00,AIIMS_Nagpur,221.24,0.08,60,0
2026-02-03T04:15:00,GMC_Nagpur,183.61,0.91,73,1
2026-02-03T04:20:00,Mayo_Hospital,223.6,0.11,71,0
2026-02-03T04:25:00,GMC_Nagpur,221.73,0.1,65,0
2026-02-03T04:30:00,Mayo_Hospital,222.48,0.16,70,0
2026-02-03T04:35:00,GMC_Nagpur,225.43,0.1,70,0
2026-02-03T04:40:00,GMC_Nagpur,223.68,0.15,72,0
2026-02-03T04:45:00,AIIMS_Nagpur,223.43,0.11,75,0
2026-02-03T04:50:00,Mayo_Hospital,223.86,0.12,64,0
2026-02-03T04:55:00,Mayo_Hospital,223.0,0.2,59,0
2026-02-03T05:00:00,Lata_Mangeshkar_Hospital,224.49,0.16,60,0
2026-02-03T05:05:00,AIIMS_Nagpur,225.52,0.22,68,0
2026-02-03T05:10:00,Mayo_Hospital,226.27,0.21,54,0
2026-02-03T05:15:00,GMC_Nagpur,224.08,0.2,64,0
2026-02-03T05:20:00,Lata_Mangeshkar_Hospital,224.23,0.24,59,0
2026-02-03T05:25:00,Wockhardt_Hospital,222.87,0.22,64,0
2026-02-03T05:30:00,Lata_Mangeshkar_Hospital,204.58,1.0,54,1
2026-02-03T05:35:00,Lata_Mangeshkar_Hospital,223.63,0.25,56,0
2026-02-03T05:40:00,Wockhardt_Hospital,223.28,0.26,51,0
2026-02-03T05:45:00,Wockhardt_Hospital,225.48,0.28,50,0
2026-02-03T05:50:00,Mayo_Hospital,223.3,0.19,61,0
2026-02-03T05:55:00,AIIMS_Nagpur,221.59,0.22,42,0
2026-02-03T06:00:00,GMC_Nagpur,224.53,0.24,47,0
2026-02-03T06:05:00,GMC_Nagpur,221.86,0.23,55,0
2026-02-03T06:10:00,Lata_Mangeshkar_Hospital,220.21,0.27,42,0
2026-02-03T06:15:00,Wockhardt_Hospital,221.87,0.25,42,0
2026-02-03T06:20:00,Wockhardt_Hospital,221.12,0.3,51,0
2026-02-03T06:25:00,AIIMS_Nagpur,221.27,0.23,39,0
2026-02-03T06:30:00,Mayo_Hospital,221.52,0.25,42,0
2026-02-03T06:35:00,Lata_Mangeshkar_Hospital,220.77,0.26,45,0
2026-02-03T06:40:00,Wockhardt_Hospital,186.78,1.0,44,1
2026-02-03T06:45:00,AIIMS_Nagpur,219.6,0.21,39,0
2026-02-03T06:50:00,Lata_Mangeshkar_Hospital,216.98,0.26,34,0
2026-02-03T06:55:00,Mayo_Hospital,216.9,0.23,22,0
2026-02-03T07:00:00,GMC_Nagpur,215.38,0.26,31,0
2026-02-03T07:05:00,AIIMS_Nagpur,216.5,0.19,36,0
2026-02-03T07:10:00,Mayo_Hospital,218.08,0.2,27,0
2026-02-03T07:15:00,GMC_Nagpur,214.21,0.2,17,0
2026-02-03T07:20:00,Lata_Mangeshkar_Hospital,214.05,0.24,16,0
2026-02-03T07:25:00,Mayo_Hospital,217.04,0.21,23,0
2026-02-03T07:30:00,GMC_Nagpur,216.07,0.25,19,0
2026-02-03T07:35:00,Lata_Mangeshkar_Hospital,214.85,0.24,19,0
2026-02-03T07:40:00,Lata_Mangeshkar_Hospital,216.8,0.24,29,0
2026-02-03T07:45:00,AIIMS_Nagpur,213.49,0.15,28,0
2026-02-03T07:50:00,GMC_Nagpur,213.77,0.19,10,0
2026-02-03T07:55:00,Mayo_Hospital,216.68,0.18,12,0
2026-02-03T08:00:00,Lata_Mangeshkar_Hospital,215.52,0.14,10,0
2026-02-03T08:05:00,AIIMS_Nagpur,215.96,0.14,15,0
2026-02-03T08:10:00,Lata_Mangeshkar_Hospital,217.09,0.19,17,0
2026-02-03T08:15:00,AIIMS_Nagpur,214.03,0.12,10,0
2026-02-03T08:20:00,Mayo_Hospital,217.8,0.18,10,0
2026-02-03T08:25:00,Lata_Mangeshkar_Hospital,215.29,0.16,10,0
2026-02-03T08:30:00,AIIMS_Nagpur,215.14,0.07,11,0
2026-02-03T08:35:00,GMC_Nagpur,218.93,0.13,16,0
2026-02-03T08:40:00,AIIMS_Nagpur,216.25,0.13,10,0
2026-02-03T08:45:00,Wockhardt_Hospital,216.64,0.14,19,0
2026-02-03T08:50:00,GMC_Nagpur,217.82,0.06,10,0
2026-02-03T08:55:00,GMC_Nagpur,219.65,0.09,10,0
2026-02-03T09:00:00,GMC_Nagpur,219.17,0.04,17,0
2026-02-03T09:05:00,Mayo_Hospital,220.26,0.05,13,0
2026-02-03T09:10:00,AIIMS_Nagpur,219.66,0.04,10,0
2026-02-03T09:15:00,GMC_Nagpur,222.32,0.07,17,0
2026-02-03T09:20:00,Mayo_Hospital,222.43,0.01,10,0
2026-02-03T09:25:00,GMC_Nagpur,223.41,0.01,10,0
2026-02-03T09:30:00,Mayo_Hospital,222.46,0.0,10,0
2026-02-03T09:35:00,AIIMS_Nagpur,223.06,0.01,10,0
2026-02-03T09:40:00,GMC_Nagpur,224.74,0.01,19,0
2026-02-03T09:45:00,GMC_Nagpur,224.65,0.0,10,0
2026-02-03T09:50:00,Lata_Mangeshkar_Hospital,223.88,0.0,12,0
2026-02-03T09:55:00,Wockhardt_Hospital,222.26,0.0,12,0
2026-02-03T10:00:00,Mayo_Hospital,224.82,0.0,10,0
2026-02-03T10:05:00,Lata_Mangeshkar_Hospital,226.26,0.0,10,0
2026-02-03T10:10:00,GMC_Nagpur,223.03,0.0,12,0
2026-02-03T10:15:00,AIIMS_Nagpur,225.61,0.0,24,0
2026-02-03T10:20:00,AIIMS_Nagpur,225.89,0.0,21,0
2026-02-03T10:25:00,AIIMS_Nagpur,223.21,0.0,15,0
2026-02-03T10:30:00,AIIMS_Nagpur,205.7,0.67,11,1
2026-02-03T10:35:00,GMC_Nagpur,225.16,0.0,19,0
2026-02-03T10:40:00,AIIMS_Nagpur,225.62,0.0,21,0
2026-02-03T10:45:00,Mayo_Hospital,223.74,0.0,29,0
2026-02-03T10:50:00,AIIMS_Nagpur,225.47,0.0,32,0
2026-02-03T10:55:00,Lata_Mangeshkar_Hospital,222.74,0.0,17,0
2026-02-03T11:00:00,Mayo_Hospital,223.74,0.0,22,0
2026-02-03T11:05:00,Lata_Mangeshkar_Hospital,224.99,0.0,32,0
2026-02-03T11:10:00,GMC_Nagpur,223.96,0.0,28,0
2026-02-03T11:15:00,Wockhardt_Hospital,223.34,0.0,22,0
2026-02-03T11:20:00,AIIMS_Nagpur,220.55,0.0,32,0
2026-02-03T11:25:00,Wockhardt_Hospital,222.6,0.0,39,0
2026-02-03T11:30:00,GMC_Nagpur,219.91,0.0,31,0
2026-02-03T11:35:00,GMC_Nagpur,221.55,0.0,36,0
2026-02-03T11:40:00,GMC_Nagpur,219.78,0.0,48,0
2026-02-03T11:45:00,Lata_Mangeshkar_Hospital,218.86,0.0,31,0
2026-02-03T11:50:00,Wockhardt_Hospital,220.69,0.0,47,0
2026-02-03T11:55:00,Wockhardt_Hospital,217.36,0.0,38,0
2026-02-03T12:00:00,AIIMS_Nagpur,218.6,0.0,45,0
2026-02-03T12:05:00,Mayo_Hospital,217.81,0.0,53,0
2026-02-03T12:10:00,AIIMS_Nagpur,218.34,0.0,53,0
2026-02-03T12:15:00,Wockhardt_Hospital,215.52,0.0,52,0
2026-02-03T12:20:00,Wockhardt_Hospital,216.06,0.0,41,0
2026-02-03T12:25:00,Lata_Mangeshkar_Hospital,214.68,0.0,45,0
2026-02-03T12:30:00,Lata_Mangeshkar_Hospital,214.54,0.0,60,0
2026-02-03T12:35:00,Wockhardt_Hospital,215.82,0.0,52,0
2026-02-03T12:40:00,Lata_Mangeshkar_Hospital,214.36,0.0,57,0
2026-02-03T12:45:00,Mayo_Hospital,216.55,0.0,48,0
2026-02-03T12:50:00,GMC_Nagpur,215.05,0.0,51,0
2026-02-03T12:55:00,AIIMS_Nagpur,215.41,0.0,53,0
2026-02-03T13:00:00,Lata_Mangeshkar_Hospital,213.35,0.0,68,0
2026-02-03T13:05:00,AIIMS_Nagpur,215.87,0.0,64,0
2026-02-03T13:10:00,Wockhardt_Hospital,216.49,0.0,59,0
2026-02-03T13:15:00,Lata_Mangeshkar_Hospital,215.61,0.0,67,0
2026-02-03T13:20:00,Wockhardt_Hospital,216.75,0.0,59,0
2026-02-03T13:25:00,GMC_Nagpur,217.46,0.0,67,0
2026-02-03T13:30:00,Mayo_Hospital,217.58,0.0,70,0
2026-02-03T13:35:00,AIIMS_Nagpur,217.76,0.01,73,0
2026-02-03T13:40:00,Mayo_Hospital,215.73,0.0,58,0
2026-02-03T13:45:00,Wockhardt_Hospital,215.48,0.0,60,0
2026-02-03T13:50:00,AIIMS_Nagpur,218.97,0.0,64,0
2026-02-03T13:55:00,AIIMS_Nagpur,218.3,0.01,67,0
2026-02-03T14:00:00,Wockhardt_Hospital,217.45,0.0,77,0
2026-02-03T14:05:00,Wockhardt_Hospital,217.27,0.0,68,0
2026-02-03T14:10:00,GMC_Nagpur,220.22,0.0,69,0
2026-02-03T14:15:00,Lata_Mangeshkar_Hospital,220.36,0.07,63,0
2026-02-03T14:20:00,AIIMS_Nagpur,220.05,0.03,60,0
2026-02-03T14:25:00,AIIMS_Nagpur,219.79,0.06,70,0
2026-02-03T14:30:00,GMC_Nagpur,221.8,0.08,59,0
2026-02-03T14:35:00,AIIMS_Nagpur,220.47,0.03,67,0
2026-02-03T14:40:00,Wockhardt_Hospital,223.61,0.09,74,0
2026-02-03T14:45:00,GMC_Nagpur,222.72,0.1,71,0
2026-02-03T14:50:00,Lata_Mangeshkar_Hospital,222.11,0.09,62,0
2026-02-03T14:55:00,Wockhardt_Hospital,224.32,0.11,69,0
2026-02-03T15:00:00,AIIMS_Nagpur,224.41,0.17,68,0
2026-02-03T15:05:00,Lata_Mangeshkar_Hospital,222.05,0.1,58,0
2026-02-03T15:10:00,Mayo_Hospital,223.33,0.13,73,0
2026-02-03T15:15:00,AIIMS_Nagpur,225.95,0.19,67,0
2026-02-03T15:20:00,Lata_Mangeshkar_Hospital,223.83,0.12,66,0
2026-02-03T15:25:00,Mayo_Hospital,226.19,0.13,66,0
2026-02-03T15:30:00,Mayo_Hospital,224.55,0.17,64,0
2026-02-03T15:35:00,GMC_Nagpur,224.01,0.22,62,0
2026-02-03T15:40:00,Lata_Mangeshkar_Hospital,226.57,0.19,65,0
2026-02-03T15:45:00,Lata_Mangeshkar_Hospital,225.13,0.2,50,0
2026-02-03T15:50:00,Wockhardt_Hospital,224.48,0.25,50,0
2026-02-03T15:55:00,Mayo_Hospital,226.74,0.21,66,0
2026-02-03T16:00:00,Wockhardt_Hospital,224.89,0.19,62,0
2026-02-03T16:05:00,Lata_Mangeshkar_Hospital,225.93,0.19,51,0
2026-02-03T16:10:00,AIIMS_Nagpur,224.0,0.21,44,0
2026-02-03T16:15:00,Lata_Mangeshkar_Hospital,225.39,0.2,47,0
2026-02-03T16:20:00,Mayo_Hospital,221.72,0.23,55,0
2026-02-03T16:25:00,Wockhardt_Hospital,222.02,0.24,41,0
2026-02-03T16:30:00,Lata_Mangeshkar_Hospital,221.88,0.27,43,0
2026-02-03T16:35:00,GMC_Nagpur,220.5,0.22,46,0
2026-02-03T16:40:00,Lata_Mangeshkar_Hospital,222.68,0.29,51,0
2026-02-03T16:45:00,AIIMS_Nagpur,222.95,0.26,53,0
2026-02-03T16:50:00,AIIMS_Nagpur,221.22,0.28,51,0
2026-02-03T16:55:00,Lata_Mangeshkar_Hospital,218.75,0.27,44,0
2026-02-03T17:00:00,Mayo_Hospital,217.78,0.24,34,0
2026-02-03T17:05:00,AIIMS_Nagpur,221.21,0.26,36,0
2026-02-03T17:10:00,Mayo_Hospital,220.26,0.3,43,0
2026-02-03T17:15:00,AIIMS_Nagpur,217.67,0.26,35,0
2026-02-03T17:20:00,Wockhardt_Hospital,216.98,0.22,39,0
2026-02-03T17:25:00,Wockhardt_Hospital,217.12,0.21,25,0
2026-02-03T17:30:00,AIIMS_Nagpur,217.05,0.25,34,0
2026-02-03T17:35:00,GMC_Nagpur,216.8,0.26,24,0
2026-02-03T17:40:00,GMC_Nagpur,214.42,0.27,31,0
2026-02-03T17:45:00,Wockhardt_Hospital,217.72,0.27,17,0
2026-02-03T17:50:00,Wockhardt_Hospital,214.72,0.2,23,0
2026-02-03T17:55:00,Lata_Mangeshkar_Hospital,216.42,0.22,24,0
2026-02-03T18:00:00,Wockhardt_Hospital,216.29,0.21,19,0
2026-02-03T18:05:00,Wockhardt_Hospital,215.33,0.24,29,0
2026-02-03T18:10:00,Lata_Mangeshkar_Hospital,216.64,0.17,26,0
2026-02-03T18:15:00,AIIMS_Nagpur,216.13,0.24,11,0
2026-02-03T18:20:00,Wockhardt_Hospital,213.16,0.18,10,0
2026-02-03T18:25:00,GMC_Nagpur,215.03,0.22,10,0
2026-02-03T18:30:00,GMC_Nagpur,215.67,0.13,10,0
2026-02-03T18:35:00,GMC_Nagpur,216.12,0.17,10,0
2026-02-03T18:40:00,AIIMS_Nagpur,216.95,0.16,21,0
2026-02-03T18:45:00,Lata_Mangeshkar_Hospital,217.18,0.16,20,0
2026-02-03T18:50:00,Mayo_Hospital,215.39,0.12,20,0
2026-02-03T18:55:00,AIIMS_Nagpur,215.02,0.08,11,0
2026-02-03T19:00:00,AIIMS_Nagpur,217.41,0.09,10,0
2026-02-03T19:05:00,Wockhardt_Hospital,216.22,0.11,10,0
2026-02-03T19:10:00,Lata_Mangeshkar_Hospital,218.59,0.09,15,0
2026-02-03T19:15:00,Lata_Mangeshkar_Hospital,216.41,0.06,19,0
2026-02-03T19:20:00,Lata_Mangeshkar_Hospital,217.99,0.13,10,0
2026-02-03T19:25:00,GMC_Nagpur,217.3,0.07,10,0
2026-02-03T19:30:00,Wockhardt_Hospital,219.47,0.08,16,0
2026-02-03T19:35:00,Mayo_Hospital,221.67,0.01,11,0
2026-02-03T19:40:00,GMC_Nagpur,220.75,0.01,13,0
2026-02-03T19:45:00,Lata_Mangeshkar_Hospital,221.49,0.03,10,0
2026-02-03T19:50:00,GMC_Nagpur,219.95,0.04,10,0
2026-02-03T19:55:00,AIIMS_Nagpur,220.34,0.0,14,0
2026-02-03T20:00:00,Mayo_Hospital,220.84,0.0,10,0
2026-02-03T20:05:00,Lata_Mangeshkar_Hospital,223.64,0.0,10,0
2026-02-03T20:10:00,Wockhardt_Hospital,222.94,0.0,13,0
2026-02-03T20:15:00,Mayo_Hospital,222.26,0.0,10,0
2026-02-03T20:20:00,GMC_Nagpur,225.63,0.0,19,0
2026-02-03T20:25:00,Wockhardt_Hospital,222.69,0.0,16,0
2026-02-03T20:30:00,Mayo_Hospital,223.1,0.0,23,0
2026-02-03T20:35:00,AIIMS_Nagpur,224.88,0.0,21,0
2026-02-03T20:40:00,Lata_Mangeshkar_Hospital,224.88,0.0,19,0
2026-02-03T20:45:00,AIIMS_Nagpur,225.02,0.0,12,0
2026-02-03T20:50:00,GMC_Nagpur,225.57,0.0,23,0
2026-02-03T20:55:00,Lata_Mangeshkar_Hospital,223.74,0.0,28,0
2026-02-03T21:00:00,Mayo_Hospital,226.06,0.0,21,0
2026-02-03T21:05:00,GMC_Nagpur,223.42,0.0,16,0
2026-02-03T21:10:00,Lata_Mangeshkar_Hospital,226.7,0.0,20,0
2026-02-03T21:15:00,Lata_Mangeshkar_Hospital,223.31,0.0,24,0
2026-02-03T21:20:00,AIIMS_Nagpur,225.99,0.0,26,0
2026-02-03T21:25:00,AIIMS_Nagpur,222.79,0.0,22,0
2026-02-03T21:30:00,Mayo_Hospital,223.38,0.0,33,0
2026-02-03T21:35:00,Mayo_Hospital,221.85,0.0,36,0
2026-02-03T21:40:00,Mayo_Hospital,224.7,0.0,31,0
2026-02-03T21:45:00,GMC_Nagpur,223.46,0.0,40,0
2026-02-03T21:50:00,AIIMS_Nagpur,221.25,0.0,41,0
2026-02-03T21:55:00,Lata_Mangeshkar_Hospital,223.23,0.0,27,0
2026-02-03T22:00:00,GMC_Nagpur,220.36,0.0,35,0
2026-02-03T22:05:00,AIIMS_Nagpur,221.93,0.0,47,0
2026-02-03T22:10:00,GMC_Nagpur,218.59,0.0,29,0
2026-02-03T22:15:00,Mayo_Hospital,220.76,0.0,36,0
2026-02-03T22:20:00,AIIMS_Nagpur,219.85,0.0,35,0
2026-02-03T22:25:00,Lata_Mangeshkar_Hospital,216.97,0.0,34,0
2026-02-03T22:30:00,Mayo_Hospital,219.13,0.0,41,0
2026-02-03T22:35:00,Mayo_Hospital,218.47,0.0,48,0
2026-02-03T22:40:00,Mayo_Hospital,218.89,0.0,52,0
2026-02-03T22:45:00,Mayo_Hospital,218.68,0.0,47,0
2026-02-03T22:50:00,Wockhardt_Hospital,216.18,0.0,46,0
2026-02-03T22:55:00,AIIMS_Nagpur,217.61,0.0,55,0
2026-02-03T23:00:00,AIIMS_Nagpur,215.21,0.0,52,0
2026-02-03T23:05:00,Wockhardt_Hospital,216.83,0.0,58,0
2026-02-03T23:10:00,Wockhardt_Hospital,213.71,0.0,53,0
2026-02-03T23:15:00,Mayo_Hospital,214.68,0.0,51,0
2026-02-03T23:20:00,Wockhardt_Hospital,216.45,0.0,67,0
2026-02-03T23:25:00,AIIMS_Nagpur,214.93,0.0,61,0
2026-02-03T23:30:00,GMC_Nagpur,215.98,0.0,63,0
2026-02-03T23:35:00,Mayo_Hospital,215.79,0.0,54,0
2026-02-03T23:40:00,AIIMS_Nagpur,214.95,0.0,72,0
2026-02-03T23:45:00,Wockhardt_Hospital,216.8,0.0,70,0
2026-02-03T23:50:00,Lata_Mangeshkar_Hospital,213.79,0.0,70,0
2026-02-03T23:55:00,AIIMS_Nagpur,216.28,0.0,61,0
2026-02-04T00:00:00,Wockhardt_Hospital,217.71,0.0,72,0
2026-02-04T00:05:00,Wockhardt_Hospital,215.84,0.0,58,0
2026-02-04T00:10:00,GMC_Nagpur,218.01,0.0,74,0
2026-02-04T00:15:00,AIIMS_Nagpur,218.58,0.0,77,0
2026-02-04T00:20:00,GMC_Nagpur,216.34,0.0,76,0
2026-02-04T00:25:00,Wockhardt_Hospital,216.54,0.0,76,0
2026-02-04T00:30:00,Lata_Mangeshkar_Hospital,218.51,0.0,61,0
2026-02-04T00:35:00,AIIMS_Nagpur,220.22,0.04,71,0
2026-02-04T00:40:00,Mayo_Hospital,217.65,0.05,68,0
2026-02-04T00:45:00,Mayo_Hospital,218.53,0.05,70,0
2026-02-04T00:50:00,AIIMS_Nagpur,219.38,0.01,74,0
2026-02-04T00:55:00,Lata_Mangeshkar_Hospital,219.88,0.1,69,0
2026-02-04T01:00:00,GMC_Nagpur,219.5,0.1,70,0
2026-02-04T01:05:00,GMC_Nagpur,221.27,0.08,63,0
2026-02-04T01:10:00,AIIMS_Nagpur,223.96,0.11,77,0
2026-02-04T01:15:00,AIIMS_Nagpur,223.05,0.06,70,0
2026-02-04T01:20:00,Lata_Mangeshkar_Hospital,224.64,0.16,58,0
2026-02-04T01:25:00,Wockhardt_Hospital,221.42,0.08,72,0
2026-02-04T01:30:00,Mayo_Hospital,222.28,0.18,63,0
2026-02-04T01:35:00,Wockhardt_Hospital,222.34,0.16,73,0
2026-02-04T01:40:00,Lata_Mangeshkar_Hospital,222.4,0.19,58,0
2026-02-04T01:45:00,GMC_Nagpur,223.0,0.19,72,0
2026-02-04T01:50:00,AIIMS_Nagpur,226.18,0.12,63,0
2026-02-04T01:55:00,Mayo_Hospital,224.69,0.12,57,0
2026-02-04T02:00:00,Wockhardt_Hospital,224.96,0.15,63,0
2026-02-04T02:05:00,Wockhardt_Hospital,223.25,0.23,70,0
2026-02-04T02:10:00,Wockhardt_Hospital,179.03,1.06,70,1
2026-02-04T02:15:00,Wockhardt_Hospital,225.38,0.21,66,0
2026-02-04T02:20:00,GMC_Nagpur,224.31,0.18,62,0
2026-02-04T02:25:00,Wockhardt_Hospital,180.56,1.04,56,1
2026-02-04T02:30:00,Wockhardt_Hospital,223.47,0.23,57,0
2026-02-04T02:35:00,AIIMS_Nagpur,223.56,0.22,63,0
2026-02-04T02:40:00,Wockhardt_Hospital,223.15,0.27,53,0
2026-02-04T02:45:00,Lata_Mangeshkar_Hospital,222.58,0.25,47,0
2026-02-04T02:50:00,Wockhardt_Hospital,224.24,0.24,46,0
2026-02-04T02:55:00,GMC_Nagpur,222.02,0.27,49,0
2026-02-04T03:00:00,Wockhardt_Hospital,220.58,0.28,55,0
2026-02-04T03:05:00,Wockhardt_Hospital,222.06,0.29,42,0
2026-02-04T03:10:00,GMC_Nagpur,219.97,0.23,38,0
2026-02-04T03:15:00,AIIMS_Nagpur,222.08,0.2,38,0
2026-02-04T03:20:00,GMC_Nagpur,221.53,0.26,43,0
2026-02-04T03:25:00,GMC_Nagpur,218.56,0.23,43,0
2026-02-04T03:30:00,AIIMS_Nagpur,220.38,0.25,39,0
2026-02-04T03:35:00,Wockhardt_Hospital,220.04,0.25,39,0
2026-02-04T03:40:00,GMC_Nagpur,217.56,0.27,45,0
2026-02-04T03:45:00,Lata_Mangeshkar_Hospital,217.58,0.25,33,0
2026-02-04T03:50:00,GMC_Nagpur,217.06,0.24,36,0
2026-02-04T03:55:00,GMC_Nagpur,218.66,0.2,32,0
2026-02-04T04:00:00,Lata_Mangeshkar_Hospital,216.36,0.27,33,0
2026-02-04T04:05:00,GMC_Nagpur,215.1,0.19,19,0
2026-02-04T04:10:00,Wockhardt_Hospital,216.29,0.23,19,0
2026-02-04T04:15:00,Mayo_Hospital,217.14,0.2,21,0
2026-02-04T04:20:00,AIIMS_Nagpur,214.08,0.21,31,0
2026-02-04T04:25:00,Wockhardt_Hospital,215.35,0.19,29,0
2026-02-04T04:30:00,Wockhardt_Hospital,215.87,0.2,18,0
2026-02-04T04:35:00,AIIMS_Nagpur,214.31,0.19,17,0
2026-02-04T04:40:00,Lata_Mangeshkar_Hospital,215.05,0.24,14,0
2026-02-04T04:45:00,Lata_Mangeshkar_Hospital,215.12,0.23,10,0
2026-02-04T04:50:00,GMC_Nagpur,213.38,0.22,21,0
2026-02-04T04:55:00,Wockhardt_Hospital,215.36,0.2,21,0
2026-02-04T05:00:00,Wockhardt_Hospital,213.33,0.21,15,0
2026-02-04T05:05:00,Mayo_Hospital,216.13,0.2,10,0
2026-02-04T05:10:00,Wockhardt_Hospital,213.99,0.16,23,0
2026-02-04T05:15:00,Mayo_Hospital,216.3,0.1,17,0
2026-02-04T05:20:00,Lata_Mangeshkar_Hospital,214.81,0.12,10,0
2026-02-04T05:25:00,Wockhardt_Hospital,215.78,0.16,14,0
2026-02-04T05:30:00,Mayo_Hospital,218.11,0.15,10,0
2026-02-04T05:35:00,Mayo_Hospital,170.57,0.78,16,1
2026-02-04T05:40:00,Wockhardt_Hospital,216.35,0.14,18,0
2026-02-04T05:45:00,AIIMS_Nagpur,216.6,0.09,10,0
2026-02-04T05:50:00,Lata_Mangeshkar_Hospital,217.02,0.07,10,0
2026-02-04T05:55:00,GMC_Nagpur,217.36,0.03,12,0
2026-02-04T06:00:00,Mayo_Hospital,219.1,0.09,16,0
2026-02-04T06:05:00,AIIMS_Nagpur,219.07,0.08,10,0
2026-02-04T06:10:00,GMC_Nagpur,220.13,0.04,10,0
2026-02-04T06:15:00,Mayo_Hospital,223.16,0.05,10,0
2026-02-04T06:20:00,GMC_Nagpur,223.1,0.0,17,0
2026-02-04T06:25:00,Mayo_Hospital,222.41,0.01,10,0
2026-02-04T06:30:00,GMC_Nagpur,223.36,0.0,18,0
2026-02-04T06:35:00,GMC_Nagpur,222.62,0.0,10,0
2026-02-04T06:40:00,Mayo_Hospital,224.54,0.02,14,0
2026-02-04T06:45:00,Lata_Mangeshkar_Hospital,199.78,0.63,19,1
2026-02-04T06:50:00,AIIMS_Nagpur,225.28,0.0,10,0
2026-02-04T06:55:00,AIIMS_Nagpur,224.95,0.0,19,0
2026-02-04T07:00:00,GMC_Nagpur,226.19,0.0,22,0
2026-02-04T07:05:00,GMC_Nagpur,224.61,0.0,23,0
2026-02-04T07:10:00,GMC_Nagpur,226.1,0.0,12,0
2026-02-04T07:15:00,Mayo_Hospital,226.85,0.0,11,0
2026-02-04T07:20:00,AIIMS_Nagpur,225.76,0.0,27,0
2026-02-04T07:25:00,AIIMS_Nagpur,226.5,0.0,28,0
2026-02-04T07:30:00,Wockhardt_Hospital,226.8,0.0,23,0
2026-02-04T07:35:00,Wockhardt_Hospital,225.48,0.0,15,0
2026-02-04T07:40:00,AIIMS_Nagpur,224.97,0.0,28,0
2026-02-04T07:45:00,AIIMS_Nagpur,190.28,0.78,23,1
2026-02-04T07:50:00,Mayo_Hospital,223.85,0.0,31,0
2026-02-04T07:55:00,Wockhardt_Hospital,223.27,0.0,26,0
2026-02-04T08:00:00,Lata_Mangeshkar_Hospital,223.12,0.0,18,0
2026-02-04T08:05:00,Mayo_Hospital,224.9,0.0,30,0
2026-02-04T08:10:00,AIIMS_Nagpur,221.69,0.0,36,0
2026-02-04T08:15:00,AIIMS_Nagpur,222.6,0.0,29,0
2026-02-04T08:20:00,Lata_Mangeshkar_Hospital,222.0,0.0,25,0
2026-02-04T08:25:00,Wockhardt_Hospital,219.81,0.0,40,0
2026-02-04T08:30:00,Mayo_Hospital,221.99,0.0,44,0
2026-02-04T08:35:00,Lata_Mangeshkar_Hospital,222.17,0.0,46,0
2026-02-04T08:40:00,Wockhardt_Hospital,219.01,0.0,40,0
2026-02-04T08:45:00,GMC_Nagpur,219.11,0.0,38,0
2026-02-04T08:50:00,Mayo_Hospital,219.23,0.0,37,0
2026-02-04T08:55:00,GMC_Nagpur,219.92,0.0,53,0
2026-02-04T09:00:00,AIIMS_Nagpur,218.85,0.0,49,0
2026-02-04T09:05:00,Wockhardt_Hospital,183.14,0.64,53,1
2026-02-04T09:10:00,Mayo_Hospital,217.98,0.0,55,0
2026-02-04T09:15:00,Mayo_Hospital,216.84,0.0,43,0
2026-02-04T09:20:00,GMC_Nagpur,216.55,0.0,59,0
2026-02-04T09:25:00,AIIMS_Nagpur,216.56,0.0,47,0
2026-02-04T09:30:00,Mayo_Hospital,216.07,0.0,60,0
2026-02-04T09:35:00,AIIMS_Nagpur,214.38,0.0,45,0
2026-02-04T09:40:00,Wockhardt_Hospital,216.65,0.0,62,0
2026-02-04T09:45:00,Wockhardt_Hospital,215.76,0.0,56,0
2026-02-04T09:50:00,GMC_Nagpur,215.0,0.0,69,0
2026-02-04T09:55:00,Mayo_Hospital,214.86,0.0,61,0
2026-02-04T10:00:00,Wockhardt_Hospital,215.14,0.0,66,0
2026-02-04T10:05:00,Wockhardt_Hospital,213.68,0.0,67,0
2026-02-04T10:10:00,Mayo_Hospital,215.49,0.0,58,0
2026-02-04T10:15:00,Wockhardt_Hospital,217.24,0.0,69,0
2026-02-04T10:20:00,AIIMS_Nagpur,217.1,0.0,60,0
2026-02-04T10:25:00,Lata_Mangeshkar_Hospital,214.03,0.0,59,0
2026-02-04T10:30:00,GMC_Nagpur,216.87,0.0,74,0
2026-02-04T10:35:00,Lata_Mangeshkar_Hospital,216.65,0.0,58,0
2026-02-04T10:40:00,Mayo_Hospital,216.12,0.0,64,0
2026-02-04T10:45:00,AIIMS_Nagpur,218.62,0.0,63,0
2026-02-04T10:50:00,GMC_Nagpur,216.19,0.0,69,0
2026-02-04T10:55:00,AIIMS_Nagpur,216.34,0.0,64,0
2026-02-04T11:00:00,GMC_Nagpur,217.15,0.0,66,0
2026-02-04T11:05:00,Wockhardt_Hospital,219.71,0.07,65,0
2026-02-04T11:10:00,Lata_Mangeshkar_Hospital,220.21,0.08,62,0
2026-02-04T11:15:00,GMC_Nagpur,219.82,0.05,68,0
2026-02-04T11:20:00,AIIMS_Nagpur,218.82,0.1,75,0
2026-02-04T11:25:00,Mayo_Hospital,219.51,0.02,77,0
2026-02-04T11:30:00,GMC_Nagpur,219.92,0.03,61,0
2026-02-04T11:35:00,Wockhardt_Hospital,220.13,0.05,76,0
2026-02-04T11:40:00,AIIMS_Nagpur,221.1,0.1,75,0
2026-02-04T11:45:00,GMC_Nagpur,221.77,0.09,65,0
2026-02-04T11:50:00,Lata_Mangeshkar_Hospital,223.82,0.11,58,0
2026-02-04T11:55:00,AIIMS_Nagpur,222.37,0.16,59,0
2026-02-04T12:00:00,Wockhardt_Hospital,225.01,0.14,57,0
2026-02-04T12:05:00,GMC_Nagpur,222.34,0.1,76,0
2026-02-04T12:10:00,Lata_Mangeshkar_Hospital,224.96,0.18,71,0
2026-02-04T12:15:00,Mayo_Hospital,225.22,0.2,72,0
2026-02-04T12:20:00,Mayo_Hospital,224.83,0.14,62,0
2026-02-04T12:25:00,Mayo_Hospital,226.17,0.19,70,0
2026-02-04T12:30:00,Wockhardt_Hospital,226.22,0.21,55,0
2026-02-04T12:35:00,Wockhardt_Hospital,226.66,0.22,59,0
2026-02-04T12:40:00,Lata_Mangeshkar_Hospital,225.89,0.15,51,0
2026-02-04T12:45:00,Wockhardt_Hospital,189.17,1.02,66,1
2026-02-04T12:50:00,AIIMS_Nagpur,223.65,0.18,54,0
2026-02-04T12:55:00,Wockhardt_Hospital,223.53,0.21,58,0
2026-02-04T13:00:00,GMC_Nagpur,224.58,0.19,51,0
2026-02-04T13:05:00,GMC_Nagpur,222.8,0.21,58,0
2026-02-04T13:10:00,GMC_Nagpur,223.19,0.19,45,0
2026-02-04T13:15:00,Lata_Mangeshkar_Hospital,221.85,0.26,41,0
2026-02-04T13:20:00,Wockhardt_Hospital,224.24,0.23,43,0
2026-02-04T13:25:00,GMC_Nagpur,224.11,0.21,47,0
2026-02-04T13:30:00,Mayo_Hospital,222.08,0.21,53,0
2026-02-04T13:35:00,GMC_Nagpur,221.81,0.23,53,0
2026-02-04T13:40:00,Mayo_Hospital,222.74,0.27,41,0
2026-02-04T13:45:00,Wockhardt_Hospital,219.68,0.23,46,0
2026-02-04T13:50:00,Mayo_Hospital,219.76,0.25,40,0
2026-02-04T13:55:00,Mayo_Hospital,219.97,0.29,48,0
2026-02-04T14:00:00,Wockhardt_Hospital,218.47,0.21,31,0
2026-02-04T14:05:00,Mayo_Hospital,220.35,0.26,41,0
2026-02-04T14:10:00,AIIMS_Nagpur,217.2,0.25,37,0
2026-02-04T14:15:00,Wockhardt_Hospital,218.05,0.28,42,0
2026-02-04T14:20:00,Lata_Mangeshkar_Hospital,217.05,0.29,30,0
2026-02-04T14:25:00,Lata_Mangeshkar_Hospital,217.27,0.21,21,0
2026-02-04T14:30:00,GMC_Nagpur,214.9,0.21,20,0
2026-02-04T14:35:00,Wockhardt_Hospital,217.04,0.18,28,0
2026-02-04T14:40:00,GMC_Nagpur,217.16,0.23,31,0
2026-02-04T14:45:00,AIIMS_Nagpur,216.92,0.27,33,0
2026-02-04T14:50:00,GMC_Nagpur,216.56,0.27,16,0
2026-02-04T14:55:00,Lata_Mangeshkar_Hospital,215.19,0.23,29,0
2026-02-04T15:00:00,Wockhardt_Hospital,214.68,0.17,23,0
2026-02-04T15:05:00,GMC_Nagpur,215.32,0.18,24,0
2026-02-04T15:10:00,Mayo_Hospital,216.82,0.15,25,0
2026-02-04T15:15:00,GMC_Nagpur,216.33,0.21,27,0
2026-02-04T15:20:00,Lata_Mangeshkar_Hospital,216.83,0.18,10,0
2026-02-04T15:25:00,Lata_Mangeshkar_Hospital,216.06,0.14,18,0
2026-02-04T15:30:00,GMC_Nagpur,214.85,0.21,12,0
2026-02-04T15:35:00,Lata_Mangeshkar_Hospital,216.55,0.16,10,0
2026-02-04T15:40:00,GMC_Nagpur,217.17,0.19,10,0
2026-02-04T15:45:00,Mayo_Hospital,215.58,0.09,19,0
2026-02-04T15:50:00,AIIMS_Nagpur,215.04,0.14,16,0
2026-02-04T15:55:00,Wockhardt_Hospital,218.63,0.16,19,0
2026-02-04T16:00:00,GMC_Nagpur,216.09,0.09,10,0
2026-02-04T16:05:00,Wockhardt_Hospital,216.05,0.12,15,0
2026-02-04T16:10:00,AIIMS_Nagpur,219.21,0.1,10,0
2026-02-04T16:15:00,Mayo_Hospital,218.03,0.06,12,0
2026-02-04T16:20:00,Mayo_Hospital,220.35,0.09,10,0
2026-02-04T16:25:00,Mayo_Hospital,217.57,0.06,10,0
2026-02-04T16:30:00,GMC_Nagpur,219.21,0.03,10,0
2026-02-04T16:35:00,AIIMS_Nagpur,220.9,0.09,10,0
2026-02-04T16:40:00,AIIMS_Nagpur,181.15,0.8,13,1
2026-02-04T16:45:00,Mayo_Hospital,222.44,0.06,10,0
2026-02-04T16:50:00,GMC_Nagpur,220.96,0.0,10,0
2026-02-04T16:55:00,Mayo_Hospital,223.61,0.04,20,0
2026-02-04T17:00:00,AIIMS_Nagpur,223.42,0.0,10,0
2026-02-04T17:05:00,Lata_Mangeshkar_Hospital,221.66,0.0,21,0
2026-02-04T17:10:00,Mayo_Hospital,221.8,0.0,10,0
2026-02-04T17:15:00,Lata_Mangeshkar_Hospital,223.44,0.0,10,0
